ticker,date,close,sma50,sma150,sma200,low_52w,high_52w,ret_3m,spx_ret_3m,crit1_above_smas,crit2_sma_rising,crit3_52w_range,crit4_relative_strength,pass_all
A,2026-08-11,149.49000549316406,134.86640197753906,126.3357541402181,130.73475910186767,108.14199317147632,159.31341770608617,0.26234753899634833,0.04929723783834894,True,False,True,True,False
AA,2026-08-11,54.08000183105469,54.57698623657227,60.74068684895833,56.304359703063966,28.693412016008775,84.2165620116639,-0.16939606280759312,0.04929723783834894,False,True,True,False,False
AAL,2026-08-11,15.289999961853027,15.666600036621094,13.780666700998943,13.861500024795532,10.09000015258789,18.790000915527344,0.19546520777610676,0.04929723783834894,False,True,True,True,False
AAMI,2026-08-11,91.55000305175781,79.11036911010743,64.83472465515136,60.12472499847412,41.325874176684685,93.61000061035156,0.35024270211429553,0.04929723783834894,True,True,True,True,True
AAOI,2026-08-11,134.3300018310547,137.01580017089844,114.5891002146403,93.40747514724731,18.5,233.6699981689453,-0.27349915486606846,0.04929723783834894,False,True,False,False,False
AAON,2026-08-11,85.77999877929688,117.39753219604492,103.51312469482421,100.19727642059325,71.78448771513254,150.355273162131,-0.1267573713580672,0.04929723783834894,False,True,False,False,False
AAP,2026-08-11,52.95000076293945,57.48002105712891,53.508232294718425,52.17901216506958,37.32945316030896,64.61660154615893,-0.0840058288813389,0.04929723783834894,False,False,True,False,False
AAPL,2026-08-11,304.9100036621094,309.30122314453126,281.7468220011393,279.36009941101076,222.95639256938466,344.2730974331505,0.04268475311810116,0.04929723783834894,False,True,True,False,False
AAT,2026-08-11,22.31999969482422,24.179186706542968,20.740047238667806,20.150412559509277,17.163305617211094,25.969999313354492,0.07194682782422901,0.04929723783834894,False,True,True,True,False
ABAT,2026-08-11,2.6600000858306885,2.7560999965667725,3.307066659927368,3.5013249957561494,2.0,11.489999771118164,-0.1987951387599749,0.04929723783834894,False,False,False,False,False
ABBV,2026-08-11,250.08999633789062,241.38789306640626,222.62482411702473,222.28207527160646,189.4018585166218,267.4700012207031,0.2420855769701502,0.04929723783834894,True,True,True,True,True
ABCB,2026-08-11,88.2300033569336,88.08004577636719,83.17333389282227,80.93337875366211,66.79597715072737,93.22000122070312,0.013359416930825097,0.04929723783834894,True,True,True,False,False
ABG,2026-08-11,207.75,207.50340057373046,210.88506642659505,216.67614959716798,172.00999450683594,263.3800048828125,0.050834614096574304,0.04929723783834894,False,False,True,True,False
ABM,2026-08-11,48.279998779296875,45.367179260253906,42.69383110046387,42.64813539505005,36.44419524390529,49.79999923706055,0.2337244937696792,0.04929723783834894,True,True,True,True,True
ABNB,2026-08-11,184.97999572753906,145.5464001464844,136.69463338216147,133.91297496795653,110.80999755859375,187.1199951171875,0.3497263160051167,0.04929723783834894,True,True,True,True,True
ABR,2026-08-11,5.349999904632568,5.161599988937378,6.520319166183472,6.984046528339386,4.730000019073486,11.397475268714544,-0.1729054770958166,0.04929723783834894,False,False,False,False,False
ABSI,2026-08-11,9.40999984741211,8.55439998626709,5.211900008519491,4.786225008964538,2.240000009536743,12.055000305175781,0.6280275961658004,0.04929723783834894,True,True,True,True,True
ABT,2026-08-11,109.72000122070312,95.8088735961914,100.48960021972657,106.29590961456299,81.38950841932287,134.38389431876172,0.3384515299213471,0.04929723783834894,True,False,True,True,False
ABUS,2026-08-11,4.670000076293945,4.537999963760376,4.429666641553243,4.454299978017807,3.309999942779541,5.380000114440918,0.05656108499654566,0.04929723783834894,True,True,True,True,True
ACA,2026-08-11,144.91000366210938,139.9183625793457,124.11609329223633,119.05746364593506,88.87294576019724,146.86935992673187,0.11851815297002943,0.04929723783834894,True,True,True,True,True
ACAD,2026-08-11,29.40999984741211,24.612999992370604,23.5510666402181,23.888299980163573,19.690000534057617,29.760000228881836,0.34908260902203936,0.04929723783834894,True,False,True,True,False
ACCO,2026-08-11,4.289999961853027,4.06159999370575,3.712019138336182,3.6478455376625063,2.755259566203928,4.559999942779541,0.08566538226737364,0.04929723783834894,True,True,True,True,True
ACDC,2026-08-11,5.269999980926514,5.573800053596496,5.794133354822795,5.378450013399124,3.0799999237060547,8.220000267028809,-0.2608695797559958,0.04929723783834894,False,True,True,False,False
ACEL,2026-08-11,12.25,12.48080005645752,11.818600006103516,11.503800005912781,9.550000190734863,14.0,0.06060604309138107,0.04929723783834894,False,True,True,True,False
ACGL,2026-08-11,98.26000213623047,97.25899993896485,96.19733301798503,95.15419982910156,82.44999694824219,107.08999633789062,0.04721304719946828,0.04929723783834894,True,True,False,False,False
ACH,2026-08-11,1.2599999904632568,3.1058000111579895,2.805066669782003,2.8885500049591064,1.2000000476837158,5.849999904632568,-0.6760925561737754,0.04929723783834894,False,False,False,False,False
ACHC,2026-08-11,31.100000381469727,28.768799934387207,23.70813327153524,22.066699948310852,11.430000305175781,35.83000183105469,0.2714636772497747,0.04929723783834894,True,True,True,True,True
ACHR,2026-08-11,6.789999961853027,5.2292000198364255,6.167866675059001,6.766000013351441,4.300000190734863,14.619999885559082,0.03822629991715876,0.04929723783834894,True,False,False,False,False
ACHV,2026-08-11,6.769999980926514,5.90020001411438,4.909333330790202,4.839999998807907,2.369999885559082,7.110000133514404,0.4104166066481032,0.04929723783834894,True,True,True,True,True
ACI,2026-08-11,12.25,13.69875494003296,15.674205017089843,16.032927770614624,10.857226228902356,19.182872824084825,-0.21892070453106105,0.04929723783834894,False,False,False,False,False
ACIC,2026-08-11,9.819999694824219,10.65379997253418,11.070200017293294,11.152956347465516,9.697767279416603,12.300000190734863,-0.05938696460525328,0.04929723783834894,False,False,False,False,False
ACIW,2026-08-11,52.2400016784668,51.49379989624023,45.314266738891604,45.869249992370605,38.04999923706055,61.08000183105469,0.2332389264815271,0.04929723783834894,True,True,True,True,True
ACLS,2026-08-11,135.36000061035156,152.14659957885743,121.6067333984375,112.05409992218017,73.5999984741211,193.77999877929688,-0.20842104906227155,0.04929723783834894,False,True,True,False,False
ACM,2026-08-11,67.05000305175781,70.25642807006835,82.04617645263671,89.34400642395019,63.66999816894531,134.00798557029597,-0.15284127687200966,0.04929723783834894,False,False,False,False,False
ACMR,2026-08-11,79.91999816894531,91.12160003662109,67.18719980875652,59.56029989242554,24.100000381469727,127.19000244140625,0.23581259365680762,0.04929723783834894,False,True,True,True,False
ACN,2026-08-11,179.82000732421875,152.5606346130371,189.5566643778483,205.18517330169678,116.74622215829481,285.212766378532,0.05588737281636691,0.04929723783834894,False,False,True,True,False
ACNB,2026-08-11,64.41999816894531,59.28928825378418,52.55675346374512,51.10010765075683,40.96748062388398,65.94000244140625,0.23108166802284558,0.04929723783834894,True,True,True,True,True
ACRE,2026-08-11,4.730000019073486,4.565120725631714,4.701174310048422,4.652472455501556,3.6428215630908714,5.5192503244611615,0.006505561308738583,0.04929723783834894,True,False,True,False,False
ACRS,2026-08-11,5.920000076293945,5.109800033569336,4.205400017102559,3.8244000136852265,1.5800000429153442,6.514999866485596,0.23849368544929472,0.04929723783834894,True,True,True,True,True
ACT,2026-08-11,49.119998931884766,44.765599975585936,42.45254534403483,41.2196005821228,34.08547582376017,49.47999954223633,0.1471922883525243,0.04929723783834894,True,True,True,True,True
ACTG,2026-08-11,4.619999885559082,4.610799942016602,4.530133309364319,4.309399981498718,3.130000114440918,5.269999980926514,-0.004310340840949611,0.04929723783834894,True,True,True,False,False
ACVA,2026-08-11,7.260000228881836,6.9987999534606935,6.342266648610433,6.692149977684021,4.065000057220459,12.210000038146973,0.19211823431511155,0.04929723783834894,True,False,False,True,False
ADAM,2026-08-11,10.229999542236328,9.06482816696167,8.178157189687093,7.775374083518982,5.870008094975573,10.359999656677246,0.2180809000706303,0.04929723783834894,True,True,True,True,True
ADBE,2026-08-11,263.7099914550781,230.5089990234375,252.01793334960936,273.67789978027344,190.1199951171875,370.8599853515625,0.07133860651639257,0.04929723783834894,False,False,True,True,False
ADC,2026-08-11,73.38999938964844,76.2726953125,75.3460780843099,74.26165042877197,67.352889188516,81.5214590551872,-0.02915509802437366,0.04929723783834894,False,True,False,False,False
ADCT,2026-08-11,1.1799999475479126,1.3652800035476684,3.02502667427063,3.268070009946823,0.7799999713897705,4.980000019073486,-0.6853333473205566,0.04929723783834894,False,False,False,False,False
ADEA,2026-08-11,27.709999084472656,29.183799819946287,25.51000845591227,22.692715411186217,11.514943704390076,34.27607547663534,-0.1280880048948957,0.04929723783834894,False,True,True,False,False
ADI,2026-08-11,385.29998779296875,393.7150018310547,361.8253253173828,334.8858479309082,221.38204566334417,445.9100036621094,-0.08604702458249602,0.04929723783834894,False,True,True,False,False
ADIG,2026-08-11,27.920000076293945,,,,,,,0.04929723783834894,False,False,False,False,False
ADM,2026-08-11,80.45999908447266,80.20639999389648,73.44951464335124,69.60408248901368,54.344923407873594,88.45999908447266,0.014409915734951984,0.04929723783834894,True,True,True,False,False
ADMA,2026-08-11,9.904999732971191,8.645099983215331,11.867566680908203,13.25414999485016,7.210000038146973,20.45800018310547,-0.01736113016462426,0.04929723783834894,False,False,False,False,False
ADNT,2026-08-11,19.139999389648438,20.7088000869751,21.453400141398113,21.176700105667113,17.68000030517578,27.31999969482422,-0.14247313390031946,0.04929723783834894,False,False,False,False,False
ADP,2026-08-11,271.0899963378906,241.2750894165039,225.85394602457683,233.1649624633789,186.7431928048107,301.6959141900666,0.27585010334684057,0.04929723783834894,True,False,True,True,False
ADPT,2026-08-11,25.389999389648438,20.64060007095337,16.972866694132488,16.853650007247925,11.920000076293945,26.155000686645508,0.8751845983147011,0.04929723783834894,True,True,True,True,True
ADSK,2026-08-11,251.58999633789062,217.87100067138672,237.25640024820964,253.07244987487792,185.5,329.0899963378906,0.035009027656460745,0.04929723783834894,False,False,True,False,False
ADT,2026-08-11,7.449999809265137,6.891217937469483,7.114464995066325,7.351675205230713,6.146723318278278,8.72768847074878,0.07616938966209985,0.04929723783834894,True,False,True,True,False
ADTN,2026-08-11,7.760000228881836,12.762600069046021,12.459200016657512,11.486199998855591,7.110000133514404,19.979999542236328,-0.46666665792738327,0.04929723783834894,False,True,False,False,False
ADUS,2026-08-11,116.88999938964844,103.60199951171874,102.37353332519531,105.54454990386962,87.94999694824219,124.44000244140625,0.2095405642373076,0.04929723783834894,True,False,True,True,False
ADV,2026-08-11,30.190000534057617,38.28520008087158,29.454233353932697,28.61617503643036,12.225000381469727,51.25,-0.1576450779708578,0.04929723783834894,False,False,False,False,False
AEBI,2026-08-11,12.869999885559082,12.504418964385986,12.706132100423178,12.501084880828857,8.891681126045773,15.901162242010455,0.12143604796876017,0.04929723783834894,True,True,True,True,True
AEE,2026-08-11,107.81999969482422,110.50327392578124,108.35545445760091,106.33230018615723,95.2470544012244,118.31999969482422,-0.009216022533383272,0.04929723783834894,False,True,False,False,False
AEHR,2026-08-11,117.18000030517578,92.12600006103516,66.70313337961832,55.791700019836426,16.3799991607666,126.62000274658203,0.12069628004256594,0.04929723783834894,True,True,True,True,True
AEIS,2026-08-11,327.5899963378906,319.6622006225586,318.0787483723958,291.25971603393555,143.1266465598436,397.31723270648,-0.07684813224282216,0.04929723783834894,True,True,True,False,False
AEO,2026-08-11,17.360000610351562,17.2366713142395,19.253077392578124,19.51890770435333,11.72798301981155,27.92989601877248,0.034363077846230494,0.04929723783834894,False,False,True,False,False
AEP,2026-08-11,123.58000183105469,130.19112121582032,127.62174346923828,124.60206348419189,102.51961940711924,139.51778685967835,-0.047277238059555304,0.04929723783834894,False,True,True,False,False
AES,2026-08-11,14.699999809265137,14.56275146484375,14.431884212493896,14.189088940620422,11.745308197395348,17.228388198474462,0.03812363504408367,0.04929723783834894,True,True,True,False,False
AESI,2026-08-11,11.979999542236328,14.607200088500976,13.800466690063477,12.813700017929078,7.642000198364258,20.1299991607666,-0.3446389993306542,0.04929723783834894,False,True,False,False,False
AEVA,2026-08-11,24.059999465942383,21.560999984741212,17.809133345286053,16.695150008201598,8.829999923706055,31.299999237060547,0.5492594899960914,0.04929723783834894,True,True,True,True,True
AFG,2026-08-11,144.35000610351562,137.66352661132814,131.76513946533203,131.59503170013429,121.54547931438644,148.0500030517578,0.098341004012376,0.04929723783834894,True,True,False,True,False
AFL,2026-08-11,121.06999969482422,120.88280029296875,114.65652521769206,113.19098327636719,101.34800346217621,130.22000122070312,0.053835513095173315,0.04929723783834894,True,True,False,True,False
AFRI,2026-08-11,10.640000343322754,10.270000057220459,10.056400051116944,10.026900029182434,7.610000133514404,11.75,0.045186642864155635,0.04929723783834894,True,True,True,False,False
AFRM,2026-08-11,76.70500183105469,75.0694002532959,64.49103350321452,66.28420011520386,42.095001220703125,100.0,0.1543266418928524,0.04929723783834894,True,False,True,True,False
AGCO,2026-08-11,101.43000030517578,113.2966000366211,117.36037348429362,114.36287082672119,98.74978979768031,143.1130460859998,-0.14423977653710396,0.04929723783834894,False,True,False,False,False
AGIO,2026-08-11,32.689998626708984,34.315200080871584,30.63839998881022,31.39820008277893,22.239999771118164,46.0,0.2116382202132301,0.04929723783834894,False,False,True,True,False
AGL,2026-08-11,86.38999938964844,106.19699996948242,54.0913666788737,44.93540002346039,7.480000019073486,133.0399932861328,0.44925345588146826,0.04929723783834894,False,True,True,True,False
AGM,2026-08-11,234.67999267578125,201.0778143310547,176.24376302083334,173.80567657470704,135.37011976325013,248.2899932861328,0.3380059763153618,0.04929723783834894,True,True,True,True,True
AGNC,2026-08-11,10.890000343322754,10.553843574523926,10.37619727452596,10.14525809764862,8.172899114447056,11.324175404574905,0.04264140244896253,0.04929723783834894,True,True,True,False,False
AGNT,2026-08-11,4.269999980926514,4.651300010681152,6.188468147913615,7.229145543575287,3.684999942779541,12.011929175100308,-0.3385560155995745,0.04929723783834894,False,False,False,False,False
AGO,2026-08-11,75.30999755859375,80.18740005493164,81.82367670694987,83.08963565826416,72.76000213623047,91.53583001063276,-0.04083404315853856,0.04929723783834894,False,False,False,False,False
AGX,2026-08-11,578.510009765625,645.6450750732422,553.2801448567708,497.20676712036135,196.0642388471278,805.0899269213769,-0.15293730313224274,0.04929723783834894,False,True,True,False,False
AGYS,2026-08-11,106.56999969482422,100.5636003112793,86.46139994303385,95.80164993286132,61.5,145.25,0.542480899458069,0.04929723783834894,True,False,True,True,False
AHCO,2026-08-11,5.650000095367432,9.732000017166138,10.492799978256226,10.288499972820283,5.210000038146973,13.430000305175781,-0.5052539354096933,0.04929723783834894,False,False,False,False,False
AHR,2026-08-11,52.689998626708984,52.21637741088867,50.2869642384847,49.50749536514282,38.80027722243805,58.70000076293945,0.05090395729541708,0.04929723783834894,True,True,True,True,True
AHRT,2026-08-11,6.71999979019165,6.869854927062988,6.342549273173014,6.2880783677101135,5.024537688846294,7.199999809265137,0.06044043363133511,0.04929723783834894,False,True,True,True,False
AI,2026-08-11,10.630000114440918,9.637599964141845,9.876599985758464,11.164199995994569,7.675000190734863,20.219999313354492,0.12130808309441177,0.04929723783834894,False,False,False,True,False
AIG,2026-08-11,77.30999755859375,76.99931091308594,76.24476791381836,76.79503257751465,70.36459211908439,86.2052751457103,0.018235678326316007,0.04929723783834894,True,False,False,False,False
AIN,2026-08-11,63.02000045776367,71.07009620666504,61.583852513631186,58.65406377792358,40.53541644218319,77.0,0.030249789650951486,0.04929723783834894,False,True,True,False,False
AIOT,2026-08-11,2.8399999141693115,3.994599986076355,3.8951333363850913,4.1896000003814695,2.7799999713897705,5.880000114440918,-0.14199396880217208,0.04929723783834894,False,False,False,False,False
AIP,2026-08-11,27.450000762939453,35.450400009155274,25.64546667734782,22.999050002098084,8.420000076293945,50.2599983215332,-0.17144582318297275,0.04929723783834894,False,True,False,False,False
AIR,2026-08-11,145.4499969482422,132.75879928588867,117.50939977010091,108.82204971313476,71.66999816894531,154.0,0.2345102471989884,0.04929723783834894,True,True,True,True,True
AIT,2026-08-11,352.3500061035156,331.0979998779297,297.6631115722656,287.16613388061523,237.08457047107117,363.5899963378906,0.11899576332868977,0.04929723783834894,True,True,True,True,True
AIZ,2026-08-11,281.4100036621094,271.0895928955078,243.66685658772786,238.83615989685057,202.6974469979805,303.94000244140625,0.15661330573221566,0.04929723783834894,True,True,True,True,True
AJG,2026-08-11,253.50999450683594,235.2182455444336,226.44925323486328,233.07618476867677,190.11718400319418,310.73199143744074,0.2595514097905034,0.04929723783834894,True,False,True,True,False
AKAM,2026-08-11,116.66999816894531,124.69480056762696,114.01066696166993,106.66330013275146,70.41999816894531,165.4499969482422,-0.23750080153272002,0.04929723783834894,False,True,True,False,False
AKBA,2026-08-11,0.8669999837875366,1.1408399963378906,1.276879993279775,1.4268599915504456,0.8230000138282776,3.4000000953674316,-0.2652542183673843,0.04929723783834894,False,False,False,False,False
AKR,2026-08-11,20.610000610351562,21.627568397521973,20.81154544830322,20.48196580886841,17.665784075863957,23.030000686645508,-0.045247046056400175,0.04929723783834894,False,True,False,False,False
AKTS,2026-08-11,24.770000457763672,24.37399990081787,,,14.720000267028809,34.189998626708984,0.3557744847914266,0.04929723783834894,False,False,True,True,False
ALAB,2026-08-11,311.989990234375,356.5612991333008,230.97619990030924,213.48299991607666,97.88999938964844,499.47601318359375,0.5046538753349243,0.04929723783834894,False,True,True,True,False
ALB,2026-08-11,129.36000061035156,136.83740631103515,163.79006510416667,153.01177253723145,70.29822099910196,220.4372935717074,-0.3823981659322795,0.04929723783834894,False,True,False,False,False
ALEC,2026-08-11,2.0899999141693115,1.7212999963760376,1.998566665649414,1.8566000002622605,1.090000033378601,3.4000000953674316,-0.1867704402886219,0.04929723783834894,True,False,True,False,False
ALG,2026-08-11,169.74000549316406,161.03356414794922,172.50473622639973,171.73546295166017,145.45545377637782,231.56386007068383,0.09880739174717101,0.04929723783834894,False,False,False,True,False
ALGM,2026-08-11,42.52000045776367,50.53970001220703,42.129500096639,38.40497505187988,22.40999984741211,71.7699966430664,-0.13135853329841007,0.04929723783834894,False,True,False,False,False
ALGN,2026-08-11,172.9600067138672,174.71340087890624,174.91286682128907,168.14354988098145,122.0,200.44000244140625,0.050725995216298836,0.04929723783834894,False,True,True,True,False
ALGT,2026-08-11,88.33999633789062,100.17640029907227,91.90986663818359,87.65165008544922,49.20000076293945,123.62999725341797,0.1128747719134855,0.04929723783834894,False,True,True,True,False
ALH,2026-08-11,26.309999465942383,25.999200134277345,23.850466690063477,23.87300001144409,18.639999389648438,28.229999542236328,0.013092035486233167,0.04929723783834894,True,False,True,False,False
ALHC,2026-08-11,13.199999809265137,19.13180015563965,19.483000043233236,19.195150051116944,13.050000190734863,25.1200008392334,-0.2307692350442636,0.04929723783834894,False,True,False,False,False
ALK,2026-08-11,48.400001525878906,47.870399932861325,45.888333282470704,45.845049953460695,33.029998779296875,65.87999725341797,0.23911929913485674,0.04929723783834894,True,False,True,True,False
ALKS,2026-08-11,49.209999084472656,48.575599899291994,37.883866691589354,35.825800046920776,25.170000076293945,55.66999816894531,0.3932615942713009,0.04929723783834894,True,True,True,True,True
ALKT,2026-08-11,19.829999923706055,17.24680009841919,17.553533356984456,18.576850018501283,13.979999542236328,26.889999389648438,0.10350588099184255,0.04929723783834894,True,False,True,True,False
ALL,2026-08-11,262.2300109863281,240.90107543945314,218.54326863606772,214.36426872253418,185.27840152623034,277.2200012207031,0.23373167897789582,0.04929723783834894,True,True,True,True,True
ALLE,2026-08-11,168.44000244140625,142.36773666381836,147.14061213175455,150.84817768096923,124.4868236076901,181.67058553951142,0.2779324481907497,0.04929723783834894,True,False,True,True,False
ALLO,2026-08-11,2.119999885559082,1.9553999853134156,2.0775999999046326,1.8896499997377396,0.9900000095367432,4.460000038146973,-0.07017547712211625,0.04929723783834894,True,True,False,False,False
ALLY,2026-08-11,43.95000076293945,44.27698097229004,42.23025413513184,41.943068733215334,35.431078677871085,46.96371326279068,0.03545507080696675,0.04929723783834894,False,True,True,False,False
ALM,2026-08-11,13.289999961853027,15.526199989318847,16.27830004374186,14.025625035762786,3.9700000286102295,24.40999984741211,-0.3647227574863662,0.04929723783834894,False,True,False,False,False
ALMS,2026-08-11,25.3700008392334,25.399999961853027,24.78676663080851,20.51389997243881,3.759999990463257,31.350000381469727,0.06776096779639351,0.04929723783834894,False,True,True,True,False
ALNT,2026-08-11,113.97000122070312,91.61739990234375,73.99392926534017,68.91477886199951,41.67844683788162,118.66999816894531,0.7331610182185062,0.04929723783834894,True,True,True,True,True
ALNY,2026-08-11,221.1999969482422,277.0661999511719,309.3365329996745,340.33565002441406,197.80999755859375,495.54998779296875,-0.22342367717964606,0.04929723783834894,False,False,False,False,False
ALOY,2026-08-11,12.75,12.244199962615967,11.801133308410645,10.858324987888336,5.639999866485596,26.899999618530273,0.3621795371439349,0.04929723783834894,True,True,False,True,False
ALRM,2026-08-11,56.369998931884766,49.410200119018555,47.51600006103516,48.3692000579834,41.4900016784668,59.529998779296875,0.24053698581652871,0.04929723783834894,True,False,True,True,False
ALRS,2026-08-11,33.439998626708984,31.201972618103028,26.946713091532388,25.562460174560545,19.79874629990724,34.400001525878906,0.24471249632507797,0.04929723783834894,True,True,True,True,True
ALSN,2026-08-11,124.98999786376953,117.19839950561523,117.07884373982748,109.83151062011719,75.38222393095064,137.2788630821594,-0.01878931647732751,0.04929723783834894,True,True,True,False,False
ALT,2026-08-11,3.0,2.8991999864578246,3.4857666556040448,3.7317250001430513,2.559999942779541,6.440000057220459,-0.02912618662434696,0.04929723783834894,False,False,False,False,False
ALTG,2026-08-11,7.619999885559082,6.7223999977111815,6.5456666628519695,6.2080499982833866,4.15500020980835,8.880000114440918,-0.06959703590089095,0.04929723783834894,True,False,True,False,False
ALX,2026-08-11,271.2699890136719,263.12294525146484,241.47925801595053,232.8011289215088,190.64641346069888,284.72620158476036,0.10595203309927537,0.04929723783834894,True,True,True,True,True
AM,2026-08-11,22.100000381469727,21.767997589111328,20.99589594523112,20.061405782699584,16.412557272602072,23.345640570552693,0.05534080038297984,0.04929723783834894,True,True,True,True,True
AMAL,2026-08-11,50.0099983215332,46.21095321655273,41.46610684712728,38.4996665763855,24.706602750316517,50.74557852254395,0.21859855905956738,0.04929723783834894,True,True,True,True,True
AMAT,2026-08-11,525.6099853515625,556.0683978271485,429.4493416341146,383.6973616027832,153.78458584516943,739.6699829101562,0.18629325871400826,0.04929723783834894,False,True,True,True,False
AMBA,2026-08-11,82.88999938964844,72.52740043640136,67.32633369445801,70.49415021896363,48.29999923706055,96.69000244140625,0.03976415103368147,0.04929723783834894,True,False,True,False,False
AMBP,2026-08-11,5.050000190734863,4.546382741928101,4.261722745895386,4.105392974615097,3.134830759393807,5.429999828338623,0.30424386533156333,0.04929723783834894,True,True,True,True,True
AMBQ,2026-08-11,65.29000091552734,77.43800025939942,49.510733400980634,44.132000064849855,22.1200008392334,91.61000061035156,0.5789601771421855,0.04929723783834894,False,True,True,True,False
AMC,2026-08-11,2.4000000953674316,2.2267999911308287,1.6541333313783009,1.7891999980807305,0.9300000071525574,3.180000066757202,0.7021277675050179,0.04929723783834894,True,False,True,True,False
AMCR,2026-08-11,47.400001525878906,42.76480003356934,41.881699625651045,41.494040718078615,35.65603754206908,49.45630724089744,0.2068519708672356,0.04929723783834894,True,True,True,True,True
AMCX,2026-08-11,11.789999961853027,10.23319995880127,8.737666654586793,8.711849999427795,6.46999979019165,12.520000457763672,0.3773363766237947,0.04929723783834894,True,True,True,True,True
AMD,2026-08-11,474.32000732421875,512.2774005126953,351.7407337443034,320.6666502380371,149.22000122070312,584.72998046875,0.033849906253519135,0.04929723783834894,False,True,True,False,False
AME,2026-08-11,256.29998779296875,235.9330792236328,228.3006044514974,220.30426109313964,178.4099447304588,257.95001220703125,0.063403150715164,0.04929723783834894,True,True,True,True,True
AMG,2026-08-11,359.07000732421875,350.4887042236328,315.7808766682943,302.62157608032226,214.9714825659984,392.9093803655376,0.17342519408229395,0.04929723783834894,True,True,True,True,True
AMGN,2026-08-11,414.29998779296875,365.1484014892578,353.29765380859374,344.61860137939453,264.02246149008084,421.7900085449219,0.2665086304209512,0.04929723783834894,True,True,True,True,True
AMH,2026-08-11,33.869998931884766,33.211801834106446,31.099919191996257,31.068913469314577,26.950169668412514,35.06999969482422,0.054534914269615875,0.04929723783834894,True,True,True,True,True
AMKR,2026-08-11,54.29999923706055,68.98168495178223,60.09918192545573,54.43930904388428,22.5455807597614,96.68000030517578,-0.29115801173533695,0.04929723783834894,False,True,False,False,False
AMLX,2026-08-11,23.6299991607666,17.6128000831604,15.701866709391275,15.092950029373169,7.630000114440918,24.600000381469727,0.5880375657950352,0.04929723783834894,True,True,True,True,True
AMN,2026-08-11,33.11000061035156,32.59399993896484,24.696266606648763,22.802999963760374,14.970000267028809,37.220001220703125,0.09382226989228482,0.04929723783834894,True,True,True,True,True
AMP,2026-08-11,562.97998046875,493.23720092773436,479.11918497721354,476.29967056274415,420.83308576022,565.4400024414062,0.18449782311285445,0.04929723783834894,True,True,True,True,True
AMPH,2026-08-11,20.420000076293945,19.71099998474121,21.740133298238117,22.826849994659423,16.649999618530273,31.260000228881836,0.10677502611878653,0.04929723783834894,False,False,True,True,False
AMPL,2026-08-11,12.6899995803833,8.530200033187866,7.895133345921835,8.593325006961823,5.510000228881836,12.869999885559082,0.9952829110038195,0.04929723783834894,True,False,True,True,False
AMPX,2026-08-11,12.079999923706055,13.383600063323975,14.69226671854655,13.752150042057037,6.36299991607666,24.225000381469727,-0.3167420975569971,0.04929723783834894,False,True,False,False,False
AMR,2026-08-11,153.8000030517578,168.82719940185547,188.26260009765625,184.82460006713868,133.63999938964844,253.82000732421875,-0.21992290426541805,0.04929723783834894,False,False,False,False,False
AMRC,2026-08-11,25.889999389648438,26.82739994049072,28.512066688537598,29.90190002441406,18.3799991607666,44.93000030517578,-0.1793977808013234,0.04929723783834894,False,False,False,False,False
AMRX,2026-08-11,17.100000381469727,16.823099975585937,14.388500003814697,13.765425004959106,8.819999694824219,19.260000228881836,0.33802822682017286,0.04929723783834894,True,True,True,True,True
AMSC,2026-08-11,32.130001068115234,37.15839988708496,37.528599955240885,37.48719996452331,24.8700008392334,70.48999786376953,-0.45282696866179484,0.04929723783834894,False,False,False,False,False
AMSF,2026-08-11,28.020000457763672,31.730939025878907,33.07359499613444,34.31318639755249,27.940000534057617,44.6106393348704,-0.0410140769162779,0.04929723783834894,False,False,False,False,False
AMT,2026-08-11,169.5500030517578,174.50720306396485,175.89493275960285,175.6052084350586,160.05999755859375,206.8012993087744,-0.030371790486296346,0.04929723783834894,False,False,False,False,False
AMTB,2026-08-11,29.049999237060547,25.534000091552734,23.166475321451824,21.974787549972532,15.417072026610017,30.600000381469727,0.24800553920152746,0.04929723783834894,True,True,True,True,True
AMTM,2026-08-11,22.43000030517578,22.02259994506836,26.717399978637694,26.526049938201904,19.802000045776367,38.11000061035156,-0.08672635207994583,0.04929723783834894,False,False,False,False,False
AMZN,2026-08-11,272.2699890136719,247.6213995361328,238.84186655680338,237.08850006103515,196.0,287.20001220703125,0.012193757754476175,0.04929723783834894,True,True,True,False,False
AN,2026-08-11,208.4600067138672,197.7886001586914,199.7267330932617,201.1528998565674,176.6199951171875,235.80999755859375,0.018020229352031736,0.04929723783834894,True,False,False,False,False
ANAB,2026-08-11,57.869998931884766,57.53829986572266,48.23253327687581,42.93903328895569,11.404000282287598,72.36000061035156,-0.14088482174105588,0.04929723783834894,True,True,True,False,False
ANDE,2026-08-11,64.0999984741211,71.42391952514649,68.69857223510742,64.01788454055786,37.15125095933466,81.8699129585734,-0.05777561110404583,0.04929723783834894,False,True,True,False,False
ANET,2026-08-11,197.85000610351562,172.03980041503905,151.8821332804362,147.50954982757568,114.5199966430664,214.88999938964844,0.4501943613945347,0.04929723783834894,True,True,True,True,True
ANF,2026-08-11,117.97000122070312,92.99559982299805,92.06940012613933,92.29875003814698,65.44999694824219,133.11000061035156,0.6309967957176663,0.04929723783834894,True,False,True,True,False
ANGI,2026-08-11,4.489999771118164,5.748799991607666,7.584533306757609,8.780899994373321,4.260000228881836,18.770000457763672,-0.12304690010205432,0.04929723783834894,False,False,False,False,False
ANGO,2026-08-11,15.75,13.127599925994874,11.626999963124593,11.867799954414368,8.449999809265137,16.110000610351562,0.42533934191294986,0.04929723783834894,True,True,True,True,True
ANIK,2026-08-11,21.229999542236328,15.836200046539307,13.850133380889893,12.809000043869018,8.149999618530273,22.8799991607666,0.40410050945257137,0.04929723783834894,True,True,True,True,True
ANIP,2026-08-11,74.52999877929688,80.82299987792969,79.42793299357096,80.98729976654053,70.1500015258789,99.5,-0.11337139015087427,0.04929723783834894,False,False,False,False,False
ANNX,2026-08-11,5.340000152587891,5.366300001144409,5.5712666511535645,5.1836499965190885,2.0299999713897705,7.179999828338623,-0.03260866466677248,0.04929723783834894,False,True,True,False,False
ANRO,2026-08-11,28.780000686645508,25.061000022888184,22.138400014241537,20.262250022888182,3.0199999809265137,29.489999771118164,0.17325723118767633,0.04929723783834894,True,True,True,True,True
AON,2026-08-11,356.4599914550781,345.2163739013672,332.3787125651042,335.60179595947267,303.09769804317364,381.4704441876246,0.14484742350837565,0.04929723783834894,True,False,False,True,False
AORT,2026-08-11,28.389999389648438,23.696599922180177,31.946666564941406,35.35359996795654,19.15999984741211,48.25,0.19235615398720385,0.04929723783834894,False,False,False,True,False
AOS,2026-08-11,63.66999816894531,59.74534034729004,64.80391924540201,65.0146958732605,53.83400803848822,80.91717314648785,0.04905912690179459,0.04929723783834894,False,False,False,False,False
AOSL,2026-08-11,34.84000015258789,38.8586003112793,31.735600090026857,29.248450031280516,17.010000228881836,54.34000015258789,-0.09787671889799299,0.04929723783834894,False,True,True,False,False
APA,2026-08-11,40.619998931884766,35.27759426116943,34.00309870402018,31.470699281692504,19.17135746018162,45.039406272497565,0.11460201006024517,0.04929723783834894,True,True,True,True,True
APAM,2026-08-11,43.31999969482422,37.77220008850097,38.076017481486005,38.492899589538574,33.959999084472656,44.136220134825734,0.1761266570755764,0.04929723783834894,True,False,True,True,False
APD,2026-08-11,309.30999755859375,289.7367926025391,283.73932271321615,274.3212982940674,224.6371425759493,314.8699951171875,0.036712443214880874,0.04929723783834894,True,True,True,False,False
APEI,2026-08-11,45.720001220703125,52.63780006408692,50.74279996236165,46.87679992675781,27.739999771118164,61.59000015258789,-0.1822571750048153,0.04929723783834894,False,True,True,False,False
APG,2026-08-11,42.88999938964844,41.41160034179688,42.64753349304199,41.37765016555786,33.400001525878906,49.9900016784668,-0.0740500934320828,0.04929723783834894,True,True,True,False,False
APGE,2026-08-11,134.69000244140625,116.98800003051758,90.50176653544108,84.5443998336792,34.58000183105469,134.8800048828125,0.593210326268969,0.04929723783834894,True,True,True,True,True
APH,2026-08-11,167.22999572753906,158.36342163085936,145.63193354288737,143.26382823944093,104.00109317953692,178.52000427246094,0.36753724231288,0.04929723783834894,True,True,True,True,True
APLD,2026-08-11,29.690000534057617,35.0618000793457,33.962333348592125,32.47382500648499,13.15999984741211,50.724998474121094,-0.3341556305795508,0.04929723783834894,False,True,False,False,False
APLE,2026-08-11,15.569999694824219,16.140351047515868,13.505668315887451,12.915637197494506,10.27287983106889,17.280000686645508,0.12806656274327888,0.04929723783834894,False,True,True,True,False
APO,2026-08-11,140.27999877929688,125.65040008544922,123.80081013997396,126.51279563903809,99.14191507192214,152.0252836387438,0.07980657095442378,0.04929723783834894,True,False,True,True,False
APOG,2026-08-11,43.33000183105469,40.35804580688477,37.38709251403809,37.07323984146118,30.088371036385865,50.52775538297863,0.20684401370859717,0.04929723783834894,True,False,True,True,False
APP,2026-08-11,318.67999267578125,467.39840026855467,471.613134358724,512.7972760009766,318.1199951171875,745.6099853515625,-0.33389075763671405,0.04929723783834894,False,False,False,False,False
APPF,2026-08-11,203.02000427246094,171.2993002319336,174.73986684163413,190.46500030517578,142.55999755859375,288.7349853515625,0.27237407482353326,0.04929723783834894,True,False,True,True,False
APPN,2026-08-11,35.5099983215332,25.264199867248536,24.963699951171876,28.118075046539307,18.6299991607666,46.058998107910156,0.7296637668712784,0.04929723783834894,True,False,True,True,False
APPS,2026-08-11,13.039999961853027,10.085600051879883,6.138866675694784,5.9359000039100644,2.740000009536743,15.34000015258789,2.268170408693064,0.04929723783834894,True,True,True,True,True
APTV,2026-08-11,49.619998931884766,60.38739990234375,66.44599993387858,69.56504991531372,46.15999984741211,88.93000030517578,-0.10449379049759666,0.04929723783834894,False,False,False,False,False
AQST,2026-08-11,4.409999847412109,4.114699969291687,4.108866661389669,4.619274991750717,2.930000066757202,7.550000190734863,0.04255315071559962,0.04929723783834894,False,False,False,False,False
AR,2026-08-11,37.83000183105469,34.9173998260498,36.33446669260661,35.80370000839233,29.100000381469727,45.75,0.052587737244406574,0.04929723783834894,True,False,True,True,False
ARCB,2026-08-11,135.75999450683594,149.3410757446289,119.51236267089844,107.29704347610473,59.253262025968716,176.53322994661218,0.14851288961103304,0.04929723783834894,False,True,True,True,False
ARCT,2026-08-11,7.519999980926514,6.767399988174438,7.3878666814168295,7.424700019359588,5.5,24.170000076293945,-0.12962966642261875,0.04929723783834894,True,False,False,False,False
ARDX,2026-08-11,3.940000057220459,5.349500017166138,6.115966676076253,6.011225011348724,3.9000000953674316,8.399999618530273,-0.43553007930457743,0.04929723783834894,False,False,False,False,False
ARE,2026-08-11,48.119998931884766,50.70025634765625,49.435453491210936,49.66050199508667,38.89956387886043,83.17331383326406,0.059813613022740464,0.04929723783834894,False,False,False,True,False
ARES,2026-08-11,143.11000061035156,125.72736572265624,124.84168711344401,132.02738090515138,93.57064900782629,188.30620470987668,0.173785401749166,0.04929723783834894,True,False,True,True,False
ARHS,2026-08-11,9.84000015258789,7.704000005722046,7.8353682772318525,8.35128128528595,5.570000171661377,12.32255071692619,0.6078431922534218,0.04929723783834894,True,False,True,True,False
ARKO,2026-08-11,4.409999847412109,7.653999948501587,6.474327522913615,5.9862881743907925,3.6500312510166646,8.755000114440918,-0.32070423343158705,0.04929723783834894,False,True,False,False,False
ARLO,2026-08-11,14.729999542236328,13.421599998474122,13.527133299509684,13.989899978637695,11.050000190734863,19.940000534057617,0.01098145852871557,0.04929723783834894,True,False,True,False,False
ARMK,2026-08-11,60.470001220703125,55.67660026550293,46.70288424173991,44.424379901885985,34.77004569607744,61.52000045776367,0.3451202477923294,0.04929723783834894,True,True,True,True,True
AROC,2026-08-11,32.9900016784668,36.41302070617676,34.524136530558266,32.01516519546509,22.440286790302412,41.95343514700748,-0.08995684516136504,0.04929723783834894,False,True,True,False,False
AROW,2026-08-11,38.95000076293945,39.21371559143066,35.65368394215902,34.085683059692386,25.016562686783466,42.37094869586701,0.07056462076693282,0.04929723783834894,False,True,True,True,False
ARQT,2026-08-11,26.229999542236328,25.81480010986328,24.900400047302245,25.42365005493164,14.079999923706055,31.770000457763672,0.26960308499333907,0.04929723783834894,True,False,True,True,False
ARR,2026-08-11,16.670000076293945,16.64212303161621,16.521074447631836,16.185815544128417,12.152166701381141,17.76990153546388,-0.018731480971046932,0.04929723783834894,True,True,True,False,False
ARRY,2026-08-11,5.349999904632568,6.756300010681152,8.074999980926513,8.176699976921082,4.769999980926514,12.229999542236328,-0.38717065462043765,0.04929723783834894,False,False,False,False,False
ARVN,2026-08-11,8.989999771118164,8.132000045776367,10.42126667022705,10.63215000152588,6.440000057220459,14.510000228881836,-0.1237817182682539,0.04929723783834894,False,False,True,False,False
ARW,2026-08-11,206.47000122070312,215.28900024414062,177.19673395792643,160.80225048065185,101.79000091552734,237.3300018310547,0.019302940902624854,0.04929723783834894,False,True,True,False,False
ARWR,2026-08-11,89.23999786376953,80.15630050659179,71.19756670633952,66.51755008697509,17.22100067138672,95.48999786376953,0.1448364510267237,0.04929723783834894,True,True,True,True,True
ARX,2026-08-11,12.520000457763672,13.485000057220459,13.30746669769287,13.482950024604797,9.180000305175781,30.475000381469727,-0.0271949829765058,0.04929723783834894,False,False,False,False,False
AS,2026-08-11,33.849998474121094,35.136799850463866,35.694533309936524,35.43279996871948,28.920000076293945,42.7599983215332,-0.08980909588389119,0.04929723783834894,False,False,False,False,False
ASAN,2026-08-11,9.25,7.651799964904785,7.772266664505005,9.237200005054474,5.380000114440918,15.710000038146973,0.3120567020914957,0.04929723783834894,True,False,False,True,False
ASB,2026-08-11,31.8799991607666,29.980149879455567,27.769863560994466,27.117531652450563,23.142906926525793,32.0,0.11348747202591314,0.04929723783834894,True,True,True,True,True
ASC,2026-08-11,16.209999084472656,16.241897850036622,15.206379286448161,14.32578103542328,9.864527448173202,19.559983215101468,-0.11657706183538952,0.04929723783834894,False,True,True,False,False
ASH,2026-08-11,74.58000183105469,65.67056945800782,60.03389948527018,58.24951303482056,45.299629090162554,78.25,0.37616684035311665,0.04929723783834894,True,True,True,True,True
ASIX,2026-08-11,16.739999771118164,20.514800033569337,20.516756312052408,19.475486979484558,13.882456416367278,26.534086417923778,-0.2515047162059396,0.04929723783834894,False,True,True,False,False
ASLE,2026-08-11,5.730000019073486,6.2855000305175786,6.721699997584025,6.750849993228912,5.559999942779541,9.119999885559082,-0.21614226211680088,0.04929723783834894,False,False,False,False,False
ASND,2026-08-11,254.57000732421875,246.12399993896486,234.79670003255208,227.74677513122558,186.0540008544922,282.1499938964844,0.06661922016699573,0.04929723783834894,True,True,True,True,True
ASO,2026-08-11,49.560001373291016,48.806371231079105,53.48310709635417,52.242460079193116,40.95022916004101,62.08026442842613,-0.035501106565309026,0.04929723783834894,False,False,True,False,False
ASPI,2026-08-11,4.320000171661377,5.440600004196167,5.611533336639404,5.99852499961853,3.509999990463257,14.489999771118164,-0.3054661869163392,0.04929723783834894,False,False,False,False,False
ASPN,2026-08-11,6.139999866485596,5.598999996185302,4.327199983596802,4.356999990940094,2.299999952316284,9.347999572753906,0.49029127112521764,0.04929723783834894,True,False,True,True,False
ASST,2026-08-11,12.619999885559082,13.098999977111816,13.289299971262613,15.299575004577637,7.019999980926514,252.0,-0.2969359694059167,0.04929723783834894,False,False,False,False,False
ASTE,2026-08-11,42.939998626708984,53.386363677978515,53.8583253733317,51.617079944610595,40.155912699488404,65.32693192969849,-0.19442817129691592,0.04929723783834894,False,True,False,False,False
ASTH,2026-08-11,34.47999954223633,40.93299987792969,32.055799891153974,30.43774989128113,18.079999923706055,51.599998474121094,-0.04434595919119966,0.04929723783834894,False,True,True,False,False
ASTS,2026-08-11,71.62999725341797,75.44419975280762,86.13163324991862,81.93224979400635,36.08000183105469,133.86000061035156,-0.1322835299169297,0.04929723783834894,False,True,False,False,False
ASUR,2026-08-11,8.399999618530273,8.322199993133545,8.654466660817464,8.603399987220763,6.800000190734863,10.199999809265137,-0.05405410920322551,0.04929723783834894,False,False,True,False,False
ATAI,2026-08-11,7.210000038146973,5.584299988746643,4.475833336512248,4.455925005674362,3.265000104904175,7.260000228881836,0.784653491640124,0.04929723783834894,True,True,True,True,True
ATEC,2026-08-11,9.369999885559082,8.76779998779297,11.424533354441325,13.487050008773803,6.820000171661377,23.290000915527344,0.3404864366769784,0.04929723783834894,False,False,False,True,False
ATEN,2026-08-11,27.170000076293945,33.06180004119873,25.851788266499838,23.76875657081604,16.436035041719826,38.4900016784668,0.019022621666175077,0.04929723783834894,False,True,True,False,False
ATEX,2026-08-11,92.94000244140625,88.00149993896484,54.548433265686036,46.04467493057251,17.579999923706055,113.0,0.790061743434268,0.04929723783834894,True,True,True,True,True
ATI,2026-08-11,230.0800018310547,193.88879943847655,162.87779983520508,147.93555000305176,70.41999816894531,239.22999572753906,0.42764951974960286,0.04929723783834894,True,True,True,True,True
ATKR,2026-08-11,93.87000274658203,79.08939971923829,71.29603815714518,69.65725763320923,53.33034438955111,93.95999908447266,0.23688298622137904,0.04929723783834894,True,True,True,True,True
ATMU,2026-08-11,49.459999084472656,50.85979988098145,55.742917912801104,54.25767393112183,41.638479398236406,66.42509730840263,-0.1251630327925154,0.04929723783834894,False,True,False,False,False
ATNI,2026-08-11,31.290000915527344,25.64463752746582,25.80456895192464,24.174719581604005,13.419142693723174,33.40999984741211,0.1803348184975797,0.04929723783834894,True,True,True,True,True
ATO,2026-08-11,169.2100067138672,173.02199951171875,176.51130299886069,174.92459091186524,157.41604415868736,191.42732106590762,-0.07898336366610459,0.04929723783834894,False,True,False,False,False
ATR,2026-08-11,134.75,125.44889724731445,126.11691685994467,124.5403031539917,102.0670345015107,145.8165408414096,0.12726298883405374,0.04929723783834894,True,False,True,True,False
ATRC,2026-08-11,42.95000076293945,32.73200004577637,31.995466715494793,33.25715010643005,25.360000610351562,43.18000030517578,0.6330799242920364,0.04929723783834894,True,False,True,True,False
ATRO,2026-08-11,74.91000366210938,73.24216949462891,63.49099177042643,57.80296052932739,24.772546768188477,88.72000122070312,0.20043786756028448,0.04929723783834894,True,True,True,True,True
AU,2026-08-11,97.44000244140625,84.2502001953125,94.41989100138346,90.00962377548218,49.32543453025228,125.47644671554062,-0.07850209121155782,0.04929723783834894,True,True,True,False,False
AUB,2026-08-11,42.150001525878906,40.46599624633789,38.012947184244794,36.779574909210204,30.022112217721595,43.23971279738064,0.11858542000215633,0.04929723783834894,True,True,True,True,True
AUGO,2026-08-11,76.05999755859375,62.12580024719238,71.14305079142252,63.05516055107117,25.234679379058726,109.18337055840615,-0.14322737578590705,0.04929723783834894,True,True,True,False,False
AUPH,2026-08-10,15.449999809265137,15.919399948120118,15.350466651916504,15.265575008392334,10.34000015258789,19.25,0.01444519196594185,0.04929723783834894,False,True,True,False,False
AUR,2026-08-11,6.949999809265137,6.446199998855591,5.5172666692733765,5.2164250040054325,3.5999999046325684,8.5649995803833,-0.04269978097017835,0.04929723783834894,True,True,True,False,False
AURA,2026-08-11,8.039999961853027,6.960800018310547,6.6066666603088375,6.425749990940094,4.730000019073486,9.53499984741211,-0.01831497267589033,0.04929723783834894,True,True,True,False,False
AVA,2026-08-11,38.43000030517578,41.017199935913084,40.3368962097168,39.836282863616944,34.25743015589611,43.099998474121094,-0.04150970826168665,0.04929723783834894,False,True,False,False,False
AVAH,2026-08-11,8.949999809265137,8.648999948501586,7.786733322143554,8.074424996376038,5.929999828338623,10.319999694824219,0.3581183007636919,0.04929723783834894,True,True,True,True,True
AVAV,2026-08-11,196.02000427246094,163.6937991333008,208.15439982096353,229.06765007019044,135.1999969482422,417.8599853515625,0.1776509934897359,0.04929723783834894,False,False,False,True,False
AVB,2026-08-11,181.75999450683594,187.02864715576172,177.8303603108724,177.0616219329834,157.11803610789784,198.6300048828125,-0.016009820883370662,0.04929723783834894,False,True,False,False,False
AVBP,2026-08-11,31.389999389648438,31.71450004577637,27.251933352152506,25.71197501182556,16.100000381469727,35.83000183105469,0.08166777720538332,0.04929723783834894,False,True,True,True,False
AVGO,2026-08-11,416.0799865722656,394.1621502685547,369.85687825520836,367.3842231750488,279.81972190735485,494.21781760890264,-0.027289123404303894,0.04929723783834894,True,True,True,False,False
AVIR,2026-08-11,5.050000190734863,4.631400003433227,4.783533325195313,4.389549996852875,2.7799999713897705,6.449999809265137,-0.10619467159381513,0.04929723783834894,True,True,True,False,False
AVLN,2026-08-11,35.459999084472656,29.301199913024902,,,,,0.3167470732504025,0.04929723783834894,False,False,False,True,False
AVNT,2026-08-11,45.470001220703125,37.15261558532715,36.66297592163086,35.01285144805908,26.82048988342285,46.63999938964844,0.27290316552178906,0.04929723783834894,True,True,True,True,True
AVNW,2026-08-11,21.0,20.18640018463135,21.57413340250651,21.74725004196167,13.920000076293945,27.020000457763672,0.2750455904981377,0.04929723783834894,False,False,True,True,False
AVO,2026-08-11,12.899999618530273,12.158799991607665,12.963666648864747,12.730650000572204,10.069999694824219,15.529999732971191,-0.05216752799833002,0.04929723783834894,False,True,True,False,False
AVPT,2026-08-11,13.130000114440918,11.90019998550415,11.112366689046224,11.709500007629394,8.835000038146973,16.770000457763672,0.254059195756541,0.04929723783834894,True,False,True,True,False
AVR,2026-08-11,9.170000076293945,9.150999956130981,7.049999980926514,6.431974983215332,3.174999952316284,11.055000305175781,0.43505481500695375,0.04929723783834894,True,True,True,True,True
AVT,2026-08-11,95.95999908447266,88.69664978027343,74.15415150960287,67.53668859481812,43.523043776854735,100.0,0.1624761708295277,0.04929723783834894,True,True,True,True,True
AVTR,2026-08-11,13.770000457763672,10.767199954986573,9.68380002339681,10.22120002746582,7.264999866485596,15.930000305175781,0.6570396826043501,0.04929723783834894,True,False,True,True,False
AVTX,2026-08-11,19.469999313354492,17.379399967193603,16.309300022125242,16.642250032424926,8.40999984741211,24.270000457763672,-0.03851855242693869,0.04929723783834894,True,True,True,False,False
AVXL,2026-08-11,3.509999990463257,2.690499997138977,3.481333338419596,3.95075000166893,2.255000114440918,11.699999809265137,0.050898227743285895,0.04929723783834894,False,False,False,True,False
AVY,2026-08-11,179.72999572753906,162.65579864501953,170.52634847005208,171.4580172729492,151.7077588982588,197.29174403293007,0.11641653228951832,0.04929723783834894,True,False,False,True,False
AWI,2026-08-11,186.6999969482422,161.44584716796874,171.4014165242513,175.5321644592285,150.0019458050834,204.82830049812088,0.12758766296959267,0.04929723783834894,True,False,True,True,False
AWK,2026-08-11,136.05999755859375,129.28773651123046,129.37537394205728,129.25488079071044,118.81731965354759,143.94307052166752,0.09758732923799118,0.04929723783834894,True,False,False,True,False
AWR,2026-08-11,87.54000091552734,82.78019973754883,77.25684997558594,76.03992858886718,68.05107404191496,90.11000061035156,0.14227582423194574,0.04929723783834894,True,True,True,True,True
AX,2026-08-11,100.16000366210938,94.55560028076172,92.04126673380534,89.61190013885498,74.88999938964844,105.73999786376953,0.13779399126454672,0.04929723783834894,True,True,True,True,True
AXGN,2026-08-11,48.47999954223633,42.719000015258786,37.51953337351481,34.75480002403259,13.640000343322754,49.119998931884766,0.11499540139468079,0.04929723783834894,True,True,True,True,True
AXON,2026-08-11,636.3099975585938,513.0142022705078,485.79633341471356,514.4213510131835,339.010009765625,824.6599731445312,0.6490696670162435,0.04929723783834894,True,False,True,True,False
AXP,2026-08-11,340.80999755859375,337.5000445556641,329.3509244791667,337.9222244262695,289.2612224526533,384.36057542335186,0.09420757887096465,0.04929723783834894,True,False,False,True,False
AXS,2026-08-11,100.72000122070312,105.54109558105469,102.52479044596355,101.7323211669922,87.33070411138625,119.98999786376953,0.017699777466354094,0.04929723783834894,False,True,False,False,False
AXSM,2026-08-11,215.77000427246094,235.92680023193358,201.15273406982422,186.68870025634766,103.4000015258789,260.19000244140625,-0.030813459371581642,0.04929723783834894,False,True,True,False,False
AXTA,2026-08-11,37.279998779296875,33.85099979400635,31.54619996388753,31.15724998474121,24.937000274658203,38.61000061035156,0.31313841425758926,0.04929723783834894,True,True,True,True,True
AXTI,2026-08-11,73.77999877929688,70.98419967651367,61.70766665140788,49.14754998207092,2.049999952316284,143.16000366210938,-0.4135601286778885,0.04929723783834894,True,True,False,False,False
AYI,2026-08-11,357.0799865722656,329.82985107421877,306.60478515625,320.541159362793,256.7076957078149,379.432888717516,0.23365109810137152,0.04929723783834894,True,False,True,True,False
AZO,2026-08-11,3042.64990234375,3063.4591943359374,3377.8137255859374,3448.9429455566406,2902.199951171875,4388.10986328125,-0.11236073895735188,0.04929723783834894,False,False,False,False,False
AZTA,2026-08-11,33.38999938964844,25.67180004119873,26.478066596984863,28.11284993171692,15.930000305175781,41.72999954223633,0.816648580753025,0.04929723783834894,True,False,True,True,False
AZZ,2026-08-11,153.1300048828125,148.29111419677736,137.06542170206706,128.74986721038817,92.35526917504595,161.92890391359703,0.03186256868953863,0.04929723783834894,True,True,True,False,False
BA,2026-08-11,233.24000549316406,220.49359954833983,224.39186665852864,219.07550033569336,176.77000427246094,254.35000610351562,-0.020863948115634745,0.04929723783834894,True,True,True,False,False
BAC,2026-08-11,64.0,58.87483261108398,53.79736012776693,53.600474758148195,45.37165465007389,64.2699966430664,0.27265141679165206,0.04929723783834894,True,True,True,True,True
BAH,2026-08-11,78.56999969482422,70.33895530700684,77.60802035013835,79.52652318954468,59.5,109.81605656231808,0.03777730034506166,0.04929723783834894,False,False,True,False,False
BALL,2026-08-11,62.900001525878906,60.528000030517575,60.308489379882815,57.512797374725345,44.35310365401974,67.8374699522898,0.09374479912871125,0.04929723783834894,True,True,True,True,True
BALY,2026-08-11,12.970000267028809,13.881600093841552,13.497466716766358,14.451700038909912,8.789999961853027,20.739999771118164,0.08900087600311957,0.04929723783834894,False,False,True,True,False
BAM,2026-08-11,55.36000061035156,47.66995986938477,47.64549237569173,48.65301342010498,41.76775363321029,61.10883995191765,0.14640113753061068,0.04929723783834894,True,False,True,True,False
BANC,2026-08-11,19.489999771118164,19.959957542419435,19.13655765533447,18.810183062553406,14.221297495157264,21.59000015258789,0.01117326451774292,0.04929723783834894,False,True,True,False,False
BAND,2026-08-11,51.619998931884766,59.73969970703125,35.78483327229818,30.574024953842162,12.5,79.08000183105469,0.03343339626501818,0.04929723783834894,False,True,True,False,False
BANF,2026-08-11,113.58999633789062,113.08241943359376,111.4705500793457,110.92752056121826,100.5783511662971,136.3880446465631,-0.0036858716551115833,0.04929723783834894,True,False,False,False,False
BANR,2026-08-11,72.76000213623047,67.5948120880127,63.920967203776044,63.35444667816162,56.174997315381134,72.97000122070312,0.13135166453488334,0.04929723783834894,True,True,True,True,True
BATRA,2026-08-11,54.38999938964844,55.12379997253418,50.5110666402181,48.57612499237061,41.5,58.369998931884766,-0.015387441400996571,0.04929723783834894,False,True,True,False,False
BATRK,2026-08-10,50.040000915527344,50.86720024108887,46.45820012410482,44.6732000541687,37.7599983215332,53.25,-0.012433338783976566,0.04929723783834894,False,True,True,False,False
BAX,2026-08-11,27.610000610351562,22.441800003051757,19.959430599212645,19.73188962459564,15.721828582955233,30.0,0.5758327758724013,0.04929723783834894,True,False,True,True,False
BBAI,2026-08-11,3.3299999237060547,3.4983999919891358,4.057533316612243,4.586799999475479,2.5899999141693115,9.390000343322754,-0.22916671495746488,0.04929723783834894,False,False,False,False,False
BBBY,2026-08-11,4.269999980926514,5.5451999950408934,5.464466663996379,5.726599998474121,4.260000228881836,12.649999618530273,-0.1943396552341513,0.04929723783834894,False,False,False,False,False
BBIO,2026-08-11,83.69999694824219,75.30490043640137,73.17680013020833,71.94015014648437,46.810001373291016,93.41500091552734,0.22925541856234366,0.04929723783834894,True,True,True,True,True
BBNX,2026-08-11,17.6200008392334,15.30500005722046,13.640766677856446,17.363875007629396,8.800000190734863,32.709999084472656,0.7888325032332946,0.04929723783834894,True,False,False,True,False
BBSI,2026-08-11,31.389999389648438,36.40760017395019,33.25165472666423,34.03787041664123,25.189621708197244,49.25941081663328,0.06972004071818283,0.04929723783834894,False,False,True,True,False
BBT,2026-08-11,31.729999542236328,30.274800109863282,29.558039093017577,28.457489795684815,22.038485075336364,32.45648674505979,0.12377999372437443,0.04929723783834894,True,True,True,True,True
BBUC,2026-08-11,28.760000228881836,31.264599914550782,33.002005933125815,33.4740478515625,28.135000228881836,38.096886296592544,-0.0941716430530487,0.04929723783834894,False,False,False,False,False
BBW,2026-08-11,36.84000015258789,33.59402454376221,42.143701006571455,44.63340077400208,29.350000381469727,74.33168029785156,-0.001831401502247365,0.04929723783834894,False,False,False,False,False
BBWI,2026-08-11,18.8799991607666,20.172114334106446,20.174380105336507,20.2774197101593,14.003811686666385,31.294208423265562,-0.005580710998916216,0.04929723783834894,False,False,True,False,False
BBY,2026-08-11,83.27999877929688,79.02391899108886,68.03231768290202,69.39507013320923,54.37638824600882,91.2699966430664,0.4378640788208954,0.04929723783834894,True,True,True,True,True
BC,2026-08-11,81.41000366210938,81.29439971923829,79.89907485961913,76.90297443389892,55.71011237198098,89.29489338943159,0.005088943719449235,0.04929723783834894,True,True,True,False,False
BCAL,2026-08-11,21.489999771118164,20.401588706970216,18.987861353556315,18.87715270996094,15.066353965037623,22.0,0.13383956323984325,0.04929723783834894,True,True,True,True,True
BCAX,2026-08-11,23.760000228881836,25.663699913024903,21.351533323923746,20.23169997215271,9.666999816894531,30.989999771118164,0.03664922119510372,0.04929723783834894,False,True,True,False,False
BCBP,2026-08-11,8.75,10.389200038909912,9.311242218017577,8.945390853881836,7.183257272846521,11.710000038146973,-0.10805304528805681,0.04929723783834894,False,True,True,False,False
BCC,2026-08-11,85.52999877929688,75.73559997558594,77.13410181681316,75.8967444229126,64.57363436668261,91.43421348341496,0.23989519066453235,0.04929723783834894,True,False,True,True,False
BCML,2026-08-11,31.25,32.088784828186036,30.183771476745605,29.747678728103637,26.002010269071437,34.97999954223633,0.03521094634480937,0.04929723783834894,False,True,True,False,False
BCO,2026-08-11,113.91000366210938,106.22428726196289,111.67024078369141,112.20324485778809,90.85969615100959,135.75054665826272,0.049718218548677084,0.04929723783834894,True,False,True,True,False
BCPC,2026-08-11,179.00999450683594,165.65659881591796,167.8407994588216,164.38025527954102,138.3190280681172,183.89999389648438,0.10924519203494643,0.04929723783834894,True,True,True,True,True
BCRX,2026-08-11,10.34000015258789,9.358599967956543,8.662933327356974,8.324149992465973,6.0,11.220000267028809,0.20512823362842414,0.04929723783834894,True,True,True,True,True
BDC,2026-08-11,134.63999938964844,113.34508987426757,119.53881749471029,118.93604206085205,98.0,159.85544616531396,0.21448629720065493,0.04929723783834894,True,False,True,True,False
BDN,2026-08-11,3.0999999046325684,3.1022236490249635,2.9260518662134807,2.9413932502269744,2.3357346057891846,4.174528307098727,0.045800379798454305,0.04929723783834894,False,False,True,False,False
BDX,2026-08-11,181.41000366210938,155.41834106445313,156.92247212727864,154.56558891296388,125.20783576433122,184.85788358829552,0.27620624867228294,0.04929723783834894,True,True,True,True,True
BE,2026-08-11,211.2100067138672,250.45200073242188,207.8666674296061,182.64775066375734,38.18000030517578,351.2799987792969,-0.25609327724399367,0.04929723783834894,False,True,True,False,False
BEAM,2026-08-11,26.850000381469727,30.316600036621093,29.045333366394043,28.090050010681153,15.600000381469727,38.2599983215332,-0.1543306966466228,0.04929723783834894,False,True,True,False,False
BELFB,2026-08-11,290.1000061035156,281.9435906982422,247.36050109863282,225.64696083068847,124.24790470275283,335.2060098036563,-0.041480242951459356,0.04929723783834894,True,True,True,False,False
BEN,2026-08-11,33.36000061035156,32.81639125823975,28.51560780843099,26.91649684906006,20.320361704085197,36.279998779296875,0.1040241773447983,0.04929723783834894,True,True,True,True,True
BEPC,2026-08-11,34.790000915527344,35.82439994812012,38.33915621439616,38.69778532028198,31.51244805853392,44.33748852381078,-0.04210640192923343,0.04929723783834894,False,False,False,False,False
BETA,2026-08-11,24.59000015258789,18.098599891662598,18.543466663360597,,13.430000305175781,39.5,0.32275416625882847,0.04929723783834894,False,False,True,True,False
BETR,2026-08-11,15.529999732971191,24.706000061035155,30.56276673634847,36.2912250995636,13.829999923706055,94.05999755859375,-0.6362145647094293,0.04929723783834894,False,False,False,False,False
BF-A,2026-08-11,28.40999984741211,27.201607284545897,27.137911796569824,27.18276717185974,22.814008761683855,30.87475846377247,0.04348389579916212,0.04929723783834894,True,False,True,False,False
BF-B,2026-08-11,28.030000686645508,26.651333618164063,26.647625846862795,26.90295602798462,22.414606446169863,31.11089536066592,0.04797430972027694,0.04929723783834894,True,False,True,False,False
BFAM,2026-08-11,71.5199966430664,70.17239936828614,77.91193316141765,83.65374975204467,57.630001068115234,124.25,0.07775762485315485,0.04929723783834894,False,False,False,True,False
BFC,2026-08-11,156.92999267578125,146.6911755371094,140.7447649637858,137.0520599746704,115.33086720095669,157.4499969482422,0.08081587665502687,0.04929723783834894,True,True,True,True,True
BFH,2026-08-11,108.01000213623047,101.96040008544922,85.96983118693034,81.59281293869019,53.34144895449975,114.12000274658203,0.27506851525997345,0.04929723783834894,True,True,True,True,True
BFLY,2026-08-11,9.369999885559082,7.116200037002564,5.146800014177958,4.584750008583069,1.340000033378601,10.050000190734863,1.2309524550189272,0.04929723783834894,True,True,True,True,True
BFS,2026-08-11,34.5099983215332,35.637929611206054,33.593303197224934,32.4920796585083,27.677354048531868,37.7946778398229,0.0186113603239888,0.04929723783834894,False,True,True,False,False
BFST,2026-08-11,31.979999542236328,30.097199821472167,28.293841819763184,27.580666875839235,22.18673075242706,32.38999938964844,0.16302829782827133,0.04929723783834894,True,True,True,True,True
BG,2026-08-11,111.5999984741211,116.05160064697266,118.08993713378906,111.67567623138427,74.57632164295279,134.8699951171875,-0.10994882747374446,0.04929723783834894,False,True,True,False,False
BGC,2026-08-11,10.15999984741211,11.163799991607666,10.357484601338705,10.000383715629578,8.218103604804869,12.890000343322754,-0.06529984232931829,0.04929723783834894,False,True,True,False,False
BGS,2026-08-11,3.4100000858306885,3.7772776889801025,4.389440824190776,4.304360773563385,3.3499999046325684,6.00033816649894,-0.34753553374658974,0.04929723783834894,False,False,False,False,False
BHB,2026-08-11,39.810001373291016,37.57780014038086,34.55844085693359,33.393138313293456,27.272830165017023,41.08000183105469,0.1477592747747638,0.04929723783834894,True,True,True,True,True
BHE,2026-08-11,81.31999969482422,85.5670248413086,69.20055547078451,62.94687582015991,35.59281513448568,100.41000366210938,-0.059289406513730936,0.04929723783834894,False,True,True,False,False
BHF,2026-08-11,58.79999923706055,63.323800277709964,62.56473340352376,62.20217512130737,42.06999969482422,66.80000305175781,-0.060252524790655015,0.04929723783834894,False,False,True,False,False
BHR,2026-08-11,2.009999990463257,2.2005999875068665,2.5118666609128315,2.549808251261711,1.8799999952316284,3.190000057220459,-0.2148437361756802,0.04929723783834894,False,False,False,False,False
BHRB,2026-08-11,73.62000274658203,69.60160049438477,65.6533711496989,64.82445785522461,55.95521407313087,75.08999633789062,0.1778529701647238,0.04929723783834894,True,True,True,True,True
BHVN,2026-08-11,14.489999771118164,13.8003999710083,11.56919999440511,11.51779998779297,7.480000019073486,18.56599998474121,0.48767968291796926,0.04929723783834894,True,False,True,True,False
BIIB,2026-08-11,203.88999938964844,202.0038006591797,190.6359336344401,184.6681002807617,128.25,219.72000122070312,0.06927841001299262,0.04929723783834894,True,True,True,True,True
BILL,2026-08-10,49.2599983215332,39.857399978637694,41.300666681925456,43.792499961853025,31.40999984741211,57.209999084472656,0.17762362336217907,0.04929723783834894,True,False,True,True,False
BIO,2026-08-11,356.25,305.7225988769531,291.1317325846354,296.6959991455078,236.72999572753906,358.69000244140625,0.4612986989251626,0.04929723783834894,True,False,True,True,False
BIOA,2026-08-11,10.670000076293945,19.36610010147095,18.809300034840902,16.556125035285948,4.329999923706055,25.954999923706055,-0.4012345533657319,0.04929723783834894,False,True,False,False,False
BIPC,2026-08-11,39.97999954223633,40.21691230773926,42.16527086893718,42.71235891342163,33.81033351765411,50.695534710252616,0.02295942594505118,0.04929723783834894,False,False,False,False,False
BIRK,2026-08-11,37.470001220703125,43.14800033569336,40.11573345184326,40.57025008201599,31.1200008392334,53.529998779296875,-0.04291188351717612,0.04929723783834894,False,False,True,False,False
BJ,2026-08-11,93.95999908447266,90.51239990234374,93.73240010579427,93.26875019073486,83.21199798583984,108.8499984741211,0.01633317670173473,0.04929723783834894,True,False,False,False,False
BJRI,2026-08-11,67.52999877929688,59.46319969177246,46.468066635131834,44.12910002708435,28.459999084472656,74.5999984741211,0.6036570363453406,0.04929723783834894,True,True,True,True,True
BKD,2026-08-11,12.550000190734863,14.15739990234375,13.945533288319906,12.999499969482422,7.03000020980835,17.09000015258789,-0.11495064029342505,0.04929723783834894,False,True,True,False,False
BKE,2026-08-11,45.939998626708984,43.86094047546387,48.705349934895835,49.452253017425534,40.394420112050966,56.73113918692532,-0.15084053629157135,0.04929723783834894,False,False,False,False,False
BKH,2026-08-11,73.26000213623047,73.37940063476563,72.52038177490235,71.33707206726075,56.415174956116076,77.94696643842231,0.007058180698864769,0.04929723783834894,False,True,True,False,False
BKNG,2026-08-11,212.8699951171875,180.54146545410157,178.69719685872397,184.9556748199463,149.76350628582819,229.85622322129115,0.2861155114090663,0.04929723783834894,True,False,True,True,False
BKR,2026-08-11,64.80999755859375,59.18328704833984,59.894599024454756,56.69657875061035,41.313987669609965,69.91812285792612,0.00694150078660849,0.04929723783834894,True,True,True,False,False
BKSY,2026-08-11,29.889999389648438,27.731399917602538,29.14646667480469,26.442199988365175,12.40999984741211,52.880001068115234,-0.27767040555540856,0.04929723783834894,True,True,False,False,False
BKU,2026-08-11,47.0,47.54599586486816,46.59784113566081,45.37705940246582,34.38348897909884,51.39488916124808,0.020569319589418766,0.04929723783834894,False,True,True,False,False
BKV,2026-08-11,26.510000228881836,25.51819995880127,27.708199971516926,27.321299962997436,20.079999923706055,32.810001373291016,-0.06457303859749441,0.04929723783834894,False,False,True,False,False
BL,2026-08-11,28.1200008392334,29.049800033569337,35.24606674194336,40.520400066375736,24.700000762939453,59.56999969482422,-0.09785047255679014,0.04929723783834894,False,False,False,False,False
BLBD,2026-08-11,66.18000030517578,74.75349975585938,64.00040003458659,60.80212501525879,46.13999938964844,83.38999938964844,-0.05940875879641205,0.04929723783834894,False,True,True,False,False
BLDR,2026-08-11,75.0999984741211,76.38780090332031,89.3732671101888,94.01515041351318,65.0999984741211,151.02999877929688,0.0029380505979264004,0.04929723783834894,False,False,False,False,False
BLFS,2026-08-11,34.81999969482422,28.897600059509276,24.215866711934407,24.60595005989075,17.860000610351562,35.349998474121094,0.6023930247741156,0.04929723783834894,True,True,True,True,True
BLK,2026-08-11,1148.8399658203125,1043.0369592285156,1041.3140905761718,1045.2180374145507,912.2493207582107,1200.5442226097864,0.06842931316047451,0.04929723783834894,True,False,True,True,False
BLKB,2026-08-11,45.45000076293945,32.62820011138916,40.022000020345054,45.33200004577637,25.579999923706055,70.70999908447266,0.3227590208262927,0.04929723783834894,True,False,True,True,False
BLMN,2026-08-11,11.119999885559082,8.536800022125243,7.250399996439616,7.136249997615814,5.190000057220459,12.630000114440918,0.328554365304667,0.04929723783834894,True,True,True,True,True
BLND,2026-08-11,1.440000057220459,1.7282000017166137,1.8555333360036215,2.180299998521805,1.1749999523162842,4.489999771118164,-0.09999997764825852,0.04929723783834894,False,False,False,False,False
BLSH,2026-08-11,24.520000457763672,24.88400001525879,32.71833321889242,35.613949880599975,20.549999237060547,118.0,-0.4431069466826082,0.04929723783834894,False,False,False,False,False
BLX,2026-08-11,56.15999984741211,58.07958335876465,52.34627049763997,49.93831014633179,36.95116404630167,62.447593072390085,0.07340224676501195,0.04929723783834894,False,True,True,True,False
BLZE,2026-08-11,18.709999084472656,12.971200037002564,7.4726666752497355,7.0881000053882595,3.260999917984009,23.989999771118164,1.6167830538345145,0.04929723783834894,True,True,True,True,True
BMBL,2026-08-11,2.7799999713897705,2.955299987792969,3.2936333243052163,3.4756249940395354,2.5399999618530273,7.369999885559082,-0.15501519646705697,0.04929723783834894,False,False,False,False,False
BMI,2026-08-11,135.67999267578125,136.20139892578126,142.65128117879232,151.76187259674072,111.71711395939593,202.31819671834953,0.11074463497761244,0.04929723783834894,False,False,True,True,False
BMNR,2026-08-11,18.09000015258789,16.257599964141846,20.341599941253662,24.160675530433654,12.800000190734863,71.71893225847552,-0.21416160760818326,0.04929723783834894,False,False,False,False,False
BMRC,2026-08-11,28.469999313354492,27.435857009887695,26.143058128356934,26.01840564727783,21.686119031322363,30.654730309180714,0.11736826073804285,0.04929723783834894,True,True,True,True,True
BMRN,2026-08-11,69.55000305175781,58.50700019836426,57.25566680908203,56.59130012512207,49.2599983215332,70.62000274658203,0.28510725100518197,0.04929723783834894,True,True,True,True,True
BMY,2026-08-11,63.61000061035156,58.661022720336916,57.7470952351888,55.23373849868774,41.13020877721675,68.0999984741211,0.14544244562112807,0.04929723783834894,True,True,True,True,True
BNL,2026-08-11,20.649999618530273,21.20457336425781,19.633713417053222,18.984566421508788,15.480318565469464,23.100000381469727,0.04699762537153429,0.04929723783834894,False,True,True,False,False
BNY,2026-08-11,160.32000732421875,150.17887420654296,132.64543975830077,127.1913505935669,97.96311610440068,163.1207417987554,0.21486991529803867,0.04929723783834894,True,True,True,True,True
BOC,2026-08-11,14.220000267028809,13.93140007019043,12.820066706339519,12.818700022697449,10.520000457763672,15.220000267028809,0.23330447496588325,0.04929723783834894,True,True,True,True,True
BOH,2026-08-11,79.43000030517578,80.13489715576172,76.59634541829428,73.65619359970093,57.68452310232496,86.30999755859375,-0.0066184414679077985,0.04929723783834894,False,True,True,False,False
BOKF,2026-08-11,144.02999877929688,136.77660110473633,131.6280522664388,126.43388008117675,99.21907983552299,146.22000122070312,0.06785264795305102,0.04929723783834894,True,True,True,True,True
BOOT,2026-08-11,165.8000030517578,163.64459991455078,169.3103998819987,174.49964973449707,133.17999267578125,210.25,-0.035485695528295835,0.04929723783834894,False,False,True,False,False
BORR,2026-08-11,4.260000228881836,4.347600002288818,5.06993335723877,4.6861000251770015,2.2049999237060547,6.65500020980835,-0.3084415041549857,0.04929723783834894,False,True,True,False,False
BOW,2026-08-11,33.470001220703125,29.588999977111815,26.329533335367838,26.412300004959107,21.209999084472656,35.06999969482422,0.35396448828465843,0.04929723783834894,True,True,True,True,True
BOX,2026-08-11,32.83000183105469,28.301399993896485,26.021933314005533,27.281149978637696,21.34000015258789,33.880001068115234,0.3543730256207125,0.04929723783834894,True,False,True,True,False
BPOP,2026-08-11,174.83999633789062,164.9079067993164,146.73910313924154,138.86529346466065,106.8888355516654,179.0,0.1711568470067275,0.04929723783834894,True,True,True,True,True
BR,2026-08-11,170.72999572753906,149.39605682373048,166.60779032389323,180.78654792785645,133.8300018310547,260.021047129291,0.12469344483072442,0.04929723783834894,False,False,True,True,False
BRBR,2026-08-11,11.550000190734863,11.277599954605103,15.4992666721344,19.14644999265671,7.820000171661377,43.02000045776367,0.10420651516374058,0.04929723783834894,False,False,False,True,False
BRCC,2026-08-11,0.8479999899864197,1.2026599991321563,1.049833331902822,1.1023249995708466,0.6000000238418579,1.8550000190734863,-0.3216000080108643,0.04929723783834894,False,False,False,False,False
BRK-B,2026-08-11,516.3800048828125,496.95179870605466,489.0372662353516,491.3479496765137,464.010009765625,537.739990234375,0.07680120535368262,0.04929723783834894,True,False,False,True,False
BRKR,2026-08-11,57.02000045776367,57.94864387512207,46.7472447458903,45.97616298675537,28.38934058077544,64.483613310197,0.3491693250737453,0.04929723783834894,False,True,True,True,False
BRO,2026-08-11,71.44000244140625,65.37280029296875,66.77502581278483,70.04585290908814,53.810001373291016,97.5836771895035,0.29069565331258396,0.04929723783834894,True,False,True,True,False
BROS,2026-08-11,49.56999969482422,64.04299980163574,57.53526657104492,57.75349990844727,44.58000183105469,74.6500015258789,-0.03051048974579107,0.04929723783834894,False,True,False,False,False
BRSL,2026-08-11,11.25,11.035199966430664,12.23599531173706,13.018843274116517,10.09000015258789,17.628482234722405,-0.09260638134211252,0.04929723783834894,False,False,False,False,False
BRSP,2026-08-11,4.949999809265137,5.307972211837768,5.4637540944417315,5.379116594791412,4.639371703865483,5.95102174528724,-0.1459175154710839,0.04929723783834894,False,True,False,False,False
BRX,2026-08-11,29.610000610351562,31.28827751159668,29.47079569498698,28.436859741210938,23.869613733656703,32.86000061035156,0.002175984304146894,0.04929723783834894,False,True,True,False,False
BRZE,2026-08-11,28.219999313354492,23.81939987182617,22.49633330663045,24.46829996585846,15.260000228881836,37.32699966430664,0.2992633612103057,0.04929723783834894,True,False,True,True,False
BSRR,2026-08-11,40.47999954223633,40.27223281860351,36.90446351369222,35.279607934951784,25.722653829325445,42.84430230017112,0.0855070400088056,0.04929723783834894,True,True,True,True,True
BSX,2026-08-11,51.189998626708984,45.97979995727539,62.54366678873698,71.42330009460449,42.20000076293945,109.5,-0.04084692427965153,0.04929723783834894,False,False,False,False,False
BSY,2026-08-11,36.25,32.337199974060056,34.24493858337402,36.433074436187745,28.07699966430664,56.9431590136434,0.11281094748754716,0.04929723783834894,False,False,True,True,False
BTBT,2026-08-11,1.350000023841858,1.6690999937057496,1.7344999917348225,1.9431249940395354,1.1799999475479126,4.550000190734863,-0.3720930400186122,0.04929723783834894,False,False,False,False,False
BTDR,2026-08-11,8.6899995803833,14.232899932861327,12.315499963760375,12.803624980449676,6.915999889373779,27.799999237060547,-0.34016708200136336,0.04929723783834894,False,False,False,False,False
BTSG,2026-08-11,57.88999938964844,66.20370002746581,51.95016675313314,47.70687505722046,20.770000457763672,73.75,0.05120754876432754,0.04929723783834894,False,True,True,True,False
BTU,2026-08-11,24.40999984741211,24.32300006866455,29.142261250813803,29.010425395965576,15.547257158424545,41.010464850836826,-0.007413836161899168,0.04929723783834894,False,False,False,False,False
BULL,2026-08-11,7.570000171661377,7.009000024795532,6.631066681543986,7.289400017261505,4.5,17.079999923706055,0.0707213561329385,0.04929723783834894,True,False,False,True,False
BUR,2026-08-11,4.340000152587891,4.255400009155274,6.079011025428772,6.847913774251938,3.541878451070334,13.946517154278466,-0.07584775436438562,0.04929723783834894,False,False,False,False,False
BURL,2026-08-11,358.8299865722656,336.89580078125,319.9027337646484,308.0321502685547,240.49000549316406,378.3299865722656,0.13292070257199207,0.04929723783834894,True,True,True,True,True
BUSE,2026-08-11,31.079999923706055,29.016187324523926,26.472515678405763,25.59032187461853,21.143815544693286,31.700000762939453,0.17305637705346788,0.04929723783834894,True,True,True,True,True
BV,2026-08-11,11.300000190734863,13.273399982452393,12.879533354441325,12.796600003242492,10.420000076293945,15.395000457763672,-0.14523449602966343,0.04929723783834894,False,False,False,False,False
BVS,2026-08-11,13.850000381469727,10.773299989700318,9.571800006230673,9.004450006484985,6.255000114440918,15.892999649047852,0.2683150443869018,0.04929723783834894,True,True,True,True,True
BW,2026-08-11,9.1899995803833,13.033000001907348,13.123933372497559,11.186450029611587,1.1710000038146973,22.030000686645508,-0.3807277974467749,0.04929723783834894,False,True,False,False,False
BWA,2026-08-11,69.68000030517578,68.05687103271484,58.97872273763021,55.1588445854187,38.15050522174092,78.81999969482422,0.1756493211640182,0.04929723783834894,True,True,True,True,True
BWB,2026-08-11,21.709999084472656,20.66239990234375,19.165266634623208,18.728549995422362,15.350000381469727,22.59000015258789,0.20644612792346617,0.04929723783834894,True,True,True,True,True
BWIN,2026-08-11,29.760000228881836,24.4942000579834,22.68540007273356,23.2764000415802,15.880000114440918,34.790000915527344,0.4184938454822109,0.04929723783834894,True,False,True,True,False
BWMN,2026-08-11,42.369998931884766,29.620699996948243,31.393066749572753,32.752300062179565,25.06999969482422,45.83000183105469,0.1835195484591765,0.04929723783834894,True,False,True,True,False
BWXT,2026-08-11,169.7100067138672,184.33319946289063,200.03486470540363,196.03695625305176,156.7697381258554,241.49667915308143,-0.17237023584823175,0.04929723783834894,False,True,False,False,False
BX,2026-08-11,147.1699981689453,123.27107833862304,123.1781110127767,128.4591276168823,99.778211592923,182.6796063633474,0.2246397191574978,0.04929723783834894,True,False,True,True,False
BXC,2026-08-11,89.87999725341797,59.3268000793457,60.16813329060872,60.63984996795654,44.779998779296875,93.80000305175781,0.7801543724596547,0.04929723783834894,True,False,True,True,False
BXMT,2026-08-11,14.640000343322754,16.704503326416017,17.83234691619873,17.828224201202392,13.729999542236328,19.878788752603896,-0.17961032119130227,0.04929723783834894,False,False,False,False,False
BXP,2026-08-11,67.48999786376953,66.80979972839356,60.827406056722005,62.662652778625485,48.536459711864076,75.94707279618028,0.15713963364424366,0.04929723783834894,True,False,True,True,False
BY,2026-08-11,38.779998779296875,36.5277660369873,33.288389625549314,31.96314356803894,25.197577325653704,40.029998779296875,0.17149186611869216,0.04929723783834894,True,True,True,True,True
BYD,2026-08-11,82.37000274658203,86.64505584716797,84.71204142252604,83.89146152496338,75.80821020509516,91.41000366210938,-0.030431083821220506,0.04929723783834894,False,True,False,False,False
BZH,2026-08-11,33.16999816894531,29.938799934387205,25.088533312479655,24.2743000125885,17.829999923706055,34.540000915527344,0.3183624153462421,0.04929723783834894,True,True,True,True,True
C,2026-08-11,135.77000427246094,135.951376953125,123.6415283203125,118.95963638305665,88.80142393718639,147.21154110017517,0.0843090186192772,0.04929723783834894,False,True,True,True,False
CABO,2026-08-11,33.88999938964844,43.95340003967285,75.42260022481283,88.82994997024537,33.375,180.74000549316406,-0.39178035450120574,0.04929723783834894,False,False,False,False,False
CAC,2026-08-11,58.09000015258789,53.865633163452145,49.46948298136393,47.18282579421997,34.11969755746392,60.59000015258789,0.21896141838696437,0.04929723783834894,True,True,True,True,True
CACC,2026-08-11,572.2100219726562,592.4269982910156,523.7007309977214,506.36614807128905,401.8999938964844,668.8599853515625,0.09673406808554041,0.04929723783834894,False,True,True,True,False
CACI,2026-08-11,667.5700073242188,502.7993994140625,546.6040686035157,554.7009503173828,434.70001220703125,683.5,0.38336406571514536,0.04929723783834894,True,False,True,True,False
CADL,2026-08-11,10.649999618530273,9.428000059127807,7.128700014750163,6.662225012779236,4.349999904632568,11.359999656677246,0.367137313309682,0.04929723783834894,True,True,True,True,True
CAG,2026-08-11,14.930000305175781,13.91730598449707,15.125778821309408,15.459562525749206,12.388532462206893,19.596435079718397,0.08402652033167723,0.04929723783834894,False,False,True,True,False
CAH,2026-08-11,240.25999450683594,225.09023406982422,214.66981750488281,209.70779205322265,136.3321454232447,258.29998779296875,0.25741812760187277,0.04929723783834894,True,True,True,True,True
CAI,2026-08-11,23.139999389648438,17.416999912261964,19.287666657765705,21.24907500743866,14.1899995803833,42.5,0.4516938518697251,0.04929723783834894,True,False,False,True,False
CAKE,2026-08-11,113.05999755859375,82.07587249755859,66.93437138875325,62.2896021270752,42.53987449710184,113.83000183105469,0.8738234863080898,0.04929723783834894,True,True,True,True,True
CAL,2026-08-11,14.149999618530273,12.947350196838379,12.413663705190023,12.282854080200195,8.699503406023577,15.800208684056074,0.1793081565949486,0.04929723783834894,True,False,True,True,False
CALM,2026-08-11,82.55999755859375,82.80859985351563,80.71808797200521,81.71994541168213,70.97310595506872,114.10202591681825,0.09423460434635844,0.04929723783834894,False,False,False,True,False
CALX,2026-08-11,39.619998931884766,37.94340003967285,45.52500002543132,48.60704996109009,34.86000061035156,71.22000122070312,-0.08961400470718917,0.04929723783834894,False,False,False,False,False
CALY,2026-08-11,16.860000610351562,17.69879997253418,15.502266686757405,14.353600025177002,8.210000038146973,20.280000686645508,0.1415030526616745,0.04929723783834894,False,True,True,True,False
CAPR,2026-08-11,3.930000066757202,19.829600019454958,25.79720008532206,23.138750047683715,2.9600000381469727,40.369998931884766,-0.8706385722408942,0.04929723783834894,False,True,False,False,False
CAR,2026-08-11,140.66000366210938,164.41520080566406,164.74340001424153,157.71094993591308,85.95999908447266,847.7000122070312,-0.1435181920392471,0.04929723783834894,False,True,False,False,False
CARE,2026-08-11,32.0099983215332,32.005194091796874,25.73767739613851,23.904570159912108,16.665591898700864,35.95072903862726,0.20840396024832453,0.04929723783834894,True,True,True,True,True
CARG,2026-08-11,36.18000030517578,32.99630001068115,33.068733291625975,33.86269994735718,26.389999389648438,41.220001220703125,0.11701145374947419,0.04929723783834894,True,False,True,True,False
CARR,2026-08-11,63.619998931884766,68.01485595703124,62.850255762736005,60.667046604156496,49.669256049366645,76.48496298978219,-0.04460902676453382,0.04929723783834894,False,True,True,False,False
CARS,2026-08-10,12.1899995803833,10.918399982452392,10.463333320617675,10.794099988937377,7.400000095367432,13.970000267028809,0.04366432036662893,0.04929723783834894,True,False,True,False,False
CART,2026-08-11,49.38999938964844,44.872299652099606,41.07276641845703,41.15674982070923,32.72999954223633,51.88999938964844,0.22983066676558028,0.04929723783834894,True,True,True,True,True
CASH,2026-08-11,87.4800033569336,86.31852676391601,87.32076451619466,83.26349407196045,65.74768750813472,101.19791799625172,0.04467915293568847,0.04929723783834894,True,True,True,False,False
CASS,2026-08-11,57.4900016784668,51.55910667419434,46.90596079508464,45.3362481880188,35.30626633120923,58.880001068115234,0.22921038961166063,0.04929723783834894,True,True,True,True,True
CASY,2026-08-11,829.9099731445312,824.3393676757812,746.3456172688802,696.3356407165527,488.2998323112981,927.1547215524292,-0.03217158291439581,0.04929723783834894,True,True,True,False,False
CAT,2026-08-11,843.3699951171875,914.0682836914062,806.2668721516927,747.0114944458007,401.84277199142224,1071.4723093369823,-0.08832144287466492,0.04929723783834894,False,True,True,False,False
CATX,2026-08-11,3.180000066757202,3.1664000129699708,3.8340666580200193,3.5045499920845034,1.9600000381469727,6.159999847412109,-0.16753923499215873,0.04929723783834894,False,False,False,False,False
CATY,2026-08-11,63.70000076293945,61.42699989318848,55.13790176391601,53.20342182159424,43.646541837486474,64.88999938964844,0.12419997416138795,0.04929723783834894,True,True,True,True,True
CAVA,2026-08-11,60.810001373291016,72.91119995117188,76.39286654154459,70.69224988937378,43.40999984741211,98.79000091552734,-0.23413097979008024,0.04929723783834894,False,True,True,False,False
CB,2026-08-11,347.07000732421875,340.69878051757814,327.97754943847656,319.67302841186523,263.6963304791489,365.9100036621094,0.08920310004821208,0.04929723783834894,True,True,True,True,True
CBAN,2026-08-11,22.059999465942383,20.77850917816162,19.953807309468587,19.163951230049133,15.417761993760106,22.3799991607666,0.1351101668374859,0.04929723783834894,True,True,True,True,True
CBC,2026-08-11,32.9900016784668,30.628800163269045,26.865802981058756,,22.29828675220201,33.81800079345703,0.21308493149147711,0.04929723783834894,False,False,True,True,False
CBL,2026-08-11,56.90999984741211,52.322548828125,43.44341339111328,40.645666170120236,26.867239979726264,60.400001525878906,0.3057101854236832,0.04929723783834894,True,True,True,True,True
CBLL,2026-08-11,21.309999465942383,18.6461999130249,19.426733283996583,18.625749950408935,10.850000381469727,24.329999923706055,0.05756823173065251,0.04929723783834894,True,True,True,True,True
CBOE,2026-08-11,282.7300109863281,278.75725616455077,289.01988393147786,279.19109664916994,227.14999389648438,370.403634917837,-0.18114852960231442,0.04929723783834894,False,True,True,False,False
CBRE,2026-08-11,147.4600067138672,137.98160079956054,144.52466720581054,147.87880054473877,121.69000244140625,174.27000427246094,0.005180707439913279,0.04929723783834894,False,False,True,False,False
CBRL,2026-08-11,56.029998779296875,49.19847671508789,36.48931660970052,34.45872769355774,24.353403999986664,61.95202072358073,0.79489113408885,0.04929723783834894,True,True,True,True,True
CBSH,2026-08-11,59.02000045776367,56.75248748779297,53.091578776041665,52.54748241424561,46.74362915639519,60.91999816894531,0.12947035108563343,0.04929723783834894,True,True,True,True,True
CBT,2026-08-11,86.9800033569336,87.73165130615234,78.59551625569661,75.00285106658936,57.26429359589101,94.52999877929688,0.06117713463521257,0.04929723783834894,False,True,True,True,False
CBU,2026-08-11,64.87999725341797,65.68295997619629,62.66640991210937,61.12670667648315,52.2382206589269,71.11000061035156,0.046174527127373244,0.04929723783834894,False,True,True,False,False
CBZ,2026-08-11,54.599998474121094,39.85920024871826,35.207000147501624,39.40795009613037,24.290000915527344,67.23999786376953,0.80317031822927,0.04929723783834894,True,False,True,True,False
CC,2026-08-11,14.800000190734863,19.01340000152588,19.660064118703207,17.799254207611085,10.350188083917944,28.568514282186964,-0.41201208398867717,0.04929723783834894,False,True,False,False,False
CCB,2026-08-11,51.86000061035156,69.14220008850097,79.46133338928223,87.05012506484985,36.61000061035156,120.05000305175781,-0.2882239888015652,0.04929723783834894,False,False,False,False,False
CCBG,2026-08-11,51.900001525878906,48.82084838867188,45.45370839436849,44.341613655090335,37.568910533245905,53.599998474121094,0.12012144654699575,0.04929723783834894,True,True,True,True,True
CCC,2026-08-11,6.869999885559082,5.438399963378906,5.799466651280721,6.310099995136261,4.079999923706055,10.135000228881836,0.31861801060610295,0.04929723783834894,True,False,True,True,False
CCI,2026-08-11,73.63999938964844,81.41309661865235,84.0178374226888,84.94643840789794,69.72000122070312,99.8372594026405,-0.1819557276071303,0.04929723783834894,False,False,False,False,False
CCK,2026-08-11,120.01000213623047,109.44518707275391,105.64461018880208,103.70739051818848,88.11844486316419,122.91000366210938,0.20319503202053868,0.04929723783834894,True,True,True,True,True
CCL,2026-08-11,27.729999542236328,27.727626228332518,27.745706418355304,27.634894552230836,23.205582781869357,33.49179906851595,0.10243583736596618,0.04929723783834894,False,False,False,True,False
CCNE,2026-08-11,34.529998779296875,33.24576789855957,30.18313710530599,28.958494958877562,22.16755502662639,36.16999816894531,0.12298780843348234,0.04929723783834894,True,True,True,True,True
CCO,2026-08-11,2.4100000858306885,2.4090000867843626,2.3445333862304687,2.249200040102005,1.0499999523162842,2.440000057220459,0.008368192488977133,0.04929723783834894,True,True,True,False,False
CCOI,2026-08-11,10.819999694824219,13.793799953460693,18.77036048253377,20.505287013053895,9.0,45.539795309128245,-0.3362042294426536,0.04929723783834894,False,False,False,False,False
CCS,2026-08-11,70.8499984741211,65.07119941711426,62.065897420247396,61.58095485687256,46.988650626297584,75.19264854179062,0.29040111725578943,0.04929723783834894,True,True,True,True,True
CCSI,2026-08-11,36.95000076293945,35.858899726867676,29.405866508483886,28.07599988937378,20.200000762939453,41.400001525878906,0.3823419901131837,0.04929723783834894,True,True,True,True,True
CDE,2026-08-11,18.579999923706055,16.40699998855591,19.19960131963094,18.52386968612671,11.217402731680815,27.73885082519235,-0.06056238546673254,0.04929723783834894,False,False,True,False,False
CDNA,2026-08-11,47.22999954223633,31.791599845886232,23.592099876403807,22.06684992313385,11.272000312805176,49.7599983215332,1.1916473881359901,0.04929723783834894,True,True,True,True,True
CDNL,2026-08-11,38.27000045776367,68.18290016174316,47.289599952697756,,21.979999542236328,96.4000015258789,-0.2945622035435268,0.04929723783834894,False,False,False,False,False
CDNS,2026-08-11,327.5299987792969,366.5956005859375,329.89280029296873,327.91195007324217,262.75,416.69000244140625,-0.10068646951853788,0.04929723783834894,False,True,True,False,False
CDP,2026-08-11,36.38999938964844,35.41152458190918,32.37887713114421,31.316216259002687,26.23514871347025,38.900001525878906,0.15696872259005978,0.04929723783834894,True,True,True,True,True
CDRE,2026-08-11,34.040000915527344,29.91263927459717,34.01176250457764,35.99681656837463,25.645913090162242,48.436734670958444,0.14181238930488882,0.04929723783834894,False,False,True,True,False
CDW,2026-08-11,135.3699951171875,136.1867997741699,127.68574152628581,131.497393989563,96.54753314386257,168.92967258555527,0.3279955691607601,0.04929723783834894,False,False,True,True,False
CDXS,2026-08-11,1.4800000190734863,2.206400010585785,1.9610000014305116,1.940899999141693,0.9599999785423279,3.869999885559082,-0.4263565647910825,0.04929723783834894,False,False,False,False,False
CE,2026-08-11,44.84000015258789,47.95655181884766,53.395624262491864,50.163605575561526,35.06995073557742,70.6522241397586,-0.2465101726415433,0.04929723783834894,False,True,True,False,False
CECO,2026-08-11,73.97000122070312,81.8777996826172,72.43773323059082,67.90184984207153,42.779998779296875,101.23999786376953,-0.09105426742200617,0.04929723783834894,False,True,True,False,False
CEG,2026-08-11,278.3599853515625,260.41190063476563,284.9574496459961,303.5742055511475,228.6300048828125,411.03669506377406,-0.06973048874615906,0.04929723783834894,False,False,True,False,False
CELC,2026-08-11,88.11000061035156,96.82879989624024,109.25066645304362,104.56824993133544,44.41999816894531,151.02000427246094,-0.36811532510280864,0.04929723783834894,False,False,False,False,False
CELH,2026-08-11,28.09000015258789,29.25200008392334,37.339466603597,39.66539999008179,23.559999465942383,66.73999786376953,-0.08322451983866719,0.04929723783834894,False,False,False,False,False
CENT,2026-08-11,44.13999938964844,42.73000007629395,38.543466873168946,36.978300170898436,28.770000457763672,46.970001220703125,0.19847942425107434,0.04929723783834894,True,True,True,True,True
CENTA,2026-08-11,38.40999984741211,37.4873999786377,34.21500013987223,32.96840008735657,25.969999313354492,40.79999923706055,0.14111705352147208,0.04929723783834894,True,True,True,True,True
CENX,2026-08-11,52.290000915527344,51.126799774169925,53.416333185831704,47.85814989089966,20.90999984741211,70.43000030517578,-0.16496324165693343,0.04929723783834894,False,True,True,False,False
CERS,2026-08-11,2.569999933242798,2.7859999990463256,2.401733326117198,2.244699993133545,1.149999976158142,3.4700000286102295,-0.015325656498372697,0.04929723783834894,False,True,True,False,False
CERT,2026-08-11,8.130000114440918,6.537800016403199,6.774533329010009,7.508450002670288,4.449999809265137,13.880000114440918,0.29872201552508604,0.04929723783834894,True,False,False,True,False
CEVA,2026-08-11,30.829999923706055,41.48560012817383,30.255866686503094,28.52144998550415,17.020000457763672,51.599998474121094,-0.15441577899447256,0.04929723783834894,False,True,False,False,False
CF,2026-08-11,117.80000305175781,114.23939971923828,111.22546147664389,103.34442741394042,74.71448130835641,141.38278454012223,-0.0033624928392193,0.04929723783834894,True,True,True,False,False
CFFN,2026-08-11,8.8100004196167,8.3673828125,7.589810886383057,7.274526357650757,5.603805439375155,9.172446933617602,0.14467098417154434,0.04929723783834894,True,True,True,True,True
CFG,2026-08-11,72.98999786376953,68.85350051879882,63.88145530700684,61.205192527771,45.83126012303832,74.53500366210938,0.14394099684143957,0.04929723783834894,True,True,True,True,True
CFR,2026-08-11,166.00999450683594,153.28778350830078,142.74172266642253,137.79624336242676,116.3398282504724,170.2899932861328,0.1885350328212847,0.04929723783834894,True,True,True,True,True
CG,2026-08-10,47.79999923706055,44.89900032043457,49.65420425415039,51.03709896087646,39.599998474121094,68.435257349338,-0.04896401791977212,0.04929723783834894,False,False,True,False,False
CGEM,2026-08-11,19.6299991607666,16.59899991989136,14.499166622161866,13.253674976825714,5.679999828338623,19.81999969482422,0.3095396571378548,0.04929723783834894,True,True,True,True,True
CGNX,2026-08-11,62.900001525878906,64.94319969177246,55.891419092814125,51.58381406784058,34.502436957933476,72.87999725341797,-0.04074805192629272,0.04929723783834894,False,True,True,False,False
CGON,2026-08-11,77.02999877929688,66.99479995727539,62.81786661783854,57.468399906158446,24.100000381469727,77.48999786376953,0.13262750124604472,0.04929723783834894,True,True,True,True,True
CHCO,2026-08-11,146.3300018310547,134.23843292236327,125.70332229614257,124.09554382324218,111.70751825793674,147.5800018310547,0.21552404111538048,0.04929723783834894,True,True,True,True,True
CHCT,2026-08-11,15.069999694824219,17.781800003051757,16.899439430236818,16.252007036209108,12.105261380568745,19.165000915527344,-0.10616849648441495,0.04929723783834894,False,True,True,False,False
CHD,2026-08-11,102.77999877929688,97.95399993896484,96.34707473754882,93.23602210998536,80.53498983463383,105.69493513987881,0.13663520179194366,0.04929723783834894,True,True,True,True,True
CHDN,2026-08-11,88.62999725341797,86.96680023193359,91.38486684163412,95.16004085540771,79.4000015258789,118.3499984741211,-0.03924122218517112,0.04929723783834894,False,False,False,False,False
CHE,2026-08-11,537.1400146484375,476.66379699707034,439.14482869466144,437.83543838500975,364.7113108272967,557.0,0.2668986542488889,0.04929723783834894,True,True,True,True,True
CHEF,2026-08-11,109.30999755859375,94.82540008544922,76.1980665588379,72.41979990005493,53.20000076293945,117.33000183105469,0.36059251358267796,0.04929723783834894,True,True,True,True,True
CHH,2026-08-11,102.62999725341797,109.8012648010254,107.55171686808268,103.78438186645508,83.33455407023156,123.49660835862632,-0.01277231671265,0.04929723783834894,False,True,True,False,False
CHRD,2026-08-11,139.22999572753906,128.86320068359376,123.07383661905925,114.82318927764892,81.48156080111765,150.63001021549678,0.002713440884142937,0.04929723783834894,True,True,True,False,False
CHRS,2026-08-11,1.2100000381469727,1.454000005722046,1.6565000009536743,1.588950001001358,0.875,2.615999937057495,-0.31249997460029333,0.04929723783834894,False,False,False,False,False
CHRW,2026-08-11,145.10000610351562,181.22658325195312,177.63257466634116,170.87402404785155,114.83414124499022,209.72999572753906,-0.1363845534535676,0.04929723783834894,False,True,True,False,False
CHTR,2026-08-11,157.69000244140625,137.98760009765624,182.55866678873699,190.45670021057128,111.55000305175781,285.82000732421875,0.0074750711538995596,0.04929723783834894,False,False,False,False,False
CHWY,2026-08-11,22.469999313354492,20.839999961853028,24.50099999745687,26.768700065612794,17.399999618530273,43.5,-0.0008893044894271451,0.04929723783834894,False,False,False,False,False
CHYM,2026-08-11,31.729999542236328,20.94200008392334,21.415633392333984,21.5090500831604,15.880000114440918,33.40999984741211,0.7221167357452987,0.04929723783834894,True,False,True,True,False
CI,2026-08-11,273.8699951171875,285.1930328369141,279.2755513509115,277.0987579345703,235.50234835875492,310.1913178296688,-0.030216801933736992,0.04929723783834894,False,False,False,False,False
CIEN,2026-08-11,387.5299987792969,438.33879943847654,410.43293324788414,359.3544497680664,84.41000366210938,637.510009765625,-0.3335339427577181,0.04929723783834894,False,True,True,False,False
CIFR,2026-08-11,17.209999084472656,22.6382999420166,18.944133383433023,18.635774993896483,4.670000076293945,30.139999389648438,-0.15138074448855732,0.04929723783834894,False,True,False,False,False
CIM,2026-08-11,11.899999618530273,12.806430931091308,12.586392860412598,12.298249683380128,10.57026549426429,13.568823438812434,-0.09125142105144335,0.04929723783834894,False,True,False,False,False
CINF,2026-08-11,173.2100067138672,174.51026397705078,165.96305257161458,164.45212615966796,146.32227784354671,194.80999755859375,0.08557802497228306,0.04929723783834894,False,True,False,True,False
CIVB,2026-08-11,28.450000762939453,27.49076171875,24.713279876708985,24.03470537185669,19.11378968158906,29.785252433848633,0.14505862785441437,0.04929723783834894,True,True,True,True,True
CL,2026-08-11,92.30999755859375,90.8021012878418,88.49650553385416,85.61946544647216,73.21888235953229,98.15380175270234,0.07031584839821803,0.04929723783834894,True,True,True,True,True
CLB,2026-08-11,12.430000305175781,11.728691806793213,15.094717082977295,15.310164365768433,9.762410376010612,20.31536988388002,-0.06458932551865171,0.04929723783834894,False,False,True,False,False
CLBK,2026-08-11,11.09000015258789,9.950318202972412,8.754393965403239,8.363022756576537,6.2090911865234375,11.7409086227417,0.2550411473667271,0.04929723783834894,True,True,True,True,True
CLDT,2026-08-11,12.449999809265137,12.82065092086792,9.659198646545411,8.866937386989594,5.879953162271422,13.880000114440918,0.26964616174029477,0.04929723783834894,False,True,True,True,False
CLDX,2026-08-11,44.33000183105469,35.52239986419678,31.459133313496906,30.144150009155272,20.190000534057617,44.599998474121094,0.3732962672689508,0.04929723783834894,True,True,True,True,True
CLF,2026-08-11,12.40999984741211,11.413199996948242,11.08700000445048,11.410950005054474,7.730000019073486,16.700000762939453,0.1040925355977611,0.04929723783834894,True,False,True,True,False
CLFD,2026-08-11,29.459999084472656,35.4364001083374,33.28466669718424,32.70295002937317,23.760000228881836,52.72999954223633,-0.36956988287907855,0.04929723783834894,False,False,False,False,False
CLH,2026-08-11,311.54998779296875,297.35959899902343,287.6833339436849,272.5870002746582,201.33999633789062,335.94000244140625,0.08184587786462583,0.04929723783834894,True,True,True,True,True
CLMB,2026-08-11,27.739999771118164,24.40079990386963,24.102766634623208,25.030972261428833,15.25,36.19924053604544,0.41314319699822377,0.04929723783834894,True,False,True,True,False
CLMT,2026-08-11,46.040000915527344,38.419399948120116,32.119933382670084,28.96080002784729,12.9399995803833,47.400001525878906,0.4245049922726414,0.04929723783834894,True,True,True,True,True
CLNE,2026-08-11,1.7100000381469727,1.9883999967575072,2.19206666469574,2.230349999666214,1.559999942779541,3.109999895095825,-0.17391299840858476,0.04929723783834894,False,False,False,False,False
CLOV,2026-08-11,4.389999866485596,4.617100005149841,3.13796665986379,3.0334999918937684,1.5800000429153442,5.590000152587891,0.371874937834219,0.04929723783834894,False,True,True,True,False
CLPT,2026-08-11,14.899999618530273,15.322399959564208,13.09053332010905,13.919099979400634,8.270000457763672,30.100000381469727,0.2756848655155948,0.04929723783834894,False,False,False,True,False
CLSK,2026-08-11,11.520000457763672,14.752200012207032,12.622100003560384,12.881374979019165,8.0,23.610000610351562,-0.19440557313924967,0.04929723783834894,False,False,False,False,False
CLVT,2026-08-11,1.909999966621399,2.191600022315979,2.4253333377838135,2.6955000054836273,1.659999966621399,4.559999942779541,-0.31541218898338663,0.04929723783834894,False,False,False,False,False
CLW,2026-08-11,22.670000076293945,17.478799991607666,16.133933327992757,16.615399975776672,11.729999542236328,23.59000015258789,0.6892697427282333,0.04929723783834894,True,False,True,True,False
CLX,2026-08-11,108.25,96.75860000610352,102.7177512105306,102.75031566619873,84.69999694824219,127.29537489083685,0.17522526634132474,0.04929723783834894,True,False,True,True,False
CLYM,2026-08-11,13.850000381469727,12.42170000076294,9.07796667098999,7.456925001144409,1.5399999618530273,14.529999732971191,0.24550364424517146,0.04929723783834894,True,True,True,True,True
CMC,2026-08-11,72.04000091552734,69.89462310791015,70.22244473775228,68.57262561798096,52.45637627705231,84.32121335265084,0.01565710591688707,0.04929723783834894,True,True,True,False,False
CMCL,2026-08-11,22.90999984741211,19.78260009765625,24.11583829243978,24.95780298233032,15.850000381469727,38.51944256683021,0.006148414002367986,0.04929723783834894,False,False,False,False,False
CMCO,2026-08-11,19.549999237060547,15.32255672454834,16.532966124216717,16.456445965766907,11.949570573465351,24.127617830988978,0.2478462121517402,0.04929723783834894,True,False,True,True,False
CMCSA,2026-08-11,25.649999618530273,23.644720001220705,26.624796078999836,26.313179244995116,21.280000686645508,32.04567242671946,0.03873284665985044,0.04929723783834894,False,False,True,False,False
CMDB,2026-08-11,17.18000030517578,17.967799911499025,17.380933303833007,16.697349977493285,8.899999618530273,20.920000076293945,-0.0768404222609409,0.04929723783834894,False,True,True,False,False
CME,2026-08-11,259.32000732421875,249.88433166503907,277.0888808186849,274.0025344848633,218.30999755859375,319.81669858888057,-0.07755482386269208,0.04929723783834894,False,False,False,False,False
CMG,2026-08-11,32.0,32.969400062561036,34.65986676534017,34.652550048828125,28.040000915527344,44.27000045776367,0.002506263268008846,0.04929723783834894,False,False,False,False,False
CMI,2026-08-11,632.9500122070312,667.1106018066406,617.6037978108724,581.6083235168458,382.2387498629475,737.760009765625,-0.11291776640367068,0.04929723783834894,False,True,True,False,False
CMP,2026-08-11,26.979999542236328,29.941600036621093,26.451199989318848,24.42115001678467,16.399999618530273,34.5,0.01965232334678424,0.04929723783834894,False,True,True,False,False
CMPR,2026-08-11,95.37999725341797,95.96379959106446,84.36746663411458,80.51144996643066,54.34000015258789,106.58000183105469,0.06546024162307029,0.04929723783834894,False,True,True,True,False
CMPX,2026-08-11,2.200000047683716,2.1000999855995177,3.928066656589508,4.147799988389015,1.6100000143051147,6.880000114440918,0.20218579021393368,0.04929723783834894,False,False,False,True,False
CMRC,2026-08-11,2.25,2.906400008201599,2.9898000033696492,3.3897500050067904,1.9500000476837158,5.545000076293945,-0.21875003104408464,0.04929723783834894,False,False,False,False,False
CMS,2026-08-11,69.62000274658203,73.16201416015625,73.41713460286458,72.72589454650878,67.06386619643612,79.1023058002399,-0.04371369152196547,0.04929723783834894,False,True,False,False,False
CMT,2026-08-11,25.329999923706055,23.947600135803224,22.489866676330568,21.675900020599364,16.600000381469727,28.690000534057617,0.03261309476832097,0.04929723783834894,True,True,True,False,False
CMTG,2026-08-11,1.850000023841858,2.265399990081787,2.4352666584650677,2.6358499872684478,1.6549999713897705,3.990000009536743,-0.2025861736745802,0.04929723783834894,False,False,False,False,False
CNA,2026-08-11,50.869998931884766,48.611599655151366,46.56001063028971,45.685649375915524,40.70453724149027,55.709999084472656,0.18430964334826405,0.04929723783834894,True,True,True,True,True
CNC,2026-08-11,64.87999725341797,64.38619987487793,50.70913324991862,47.46634996414185,25.280000686645508,69.36000061035156,0.15939954100929143,0.04929723783834894,True,True,True,True,True
CNDT,2026-08-11,1.5800000429153442,1.5206000018119812,1.540433333714803,1.6682249975204468,1.149999976158142,2.9800000190734863,-0.07058823611909537,0.04929723783834894,False,False,False,False,False
CNH,2026-08-11,10.630000114440918,10.649000034332275,10.839736289978028,10.553804516792297,8.91395784325069,13.182754121383807,-0.021640302753230145,0.04929723783834894,False,False,False,False,False
CNK,2026-08-11,36.65999984741211,32.6496000289917,28.58001687367757,27.927066202163697,21.46061040353827,38.97999954223633,0.33898057480368005,0.04929723783834894,True,True,True,True,True
CNM,2026-08-11,46.630001068115234,47.068000106811525,50.4856000773112,50.66530014038086,41.875,67.18000030517578,-0.07973154227003931,0.04929723783834894,False,False,False,False,False
CNMD,2026-08-11,49.58000183105469,39.32820022583008,39.17553349812825,40.032400074005125,31.440000534057617,56.42586093198054,0.40732337426273646,0.04929723783834894,True,False,True,True,False
CNNE,2026-08-11,14.84000015258789,14.496675643920899,13.567768414815268,14.203631591796874,10.3491170993789,19.237425356714848,0.07212298135533324,0.04929723783834894,True,False,True,True,False
CNO,2026-08-11,54.630001068115234,51.96955345153808,45.81226303100586,44.55613380432129,36.66283707002344,57.59000015258789,0.20036489736622465,0.04929723783834894,True,True,True,True,True
CNOB,2026-08-11,32.88999938964844,32.300000228881835,29.05515781402588,28.043702278137207,22.461403493689424,34.13999938964844,0.09775151002780702,0.04929723783834894,True,True,True,True,True
CNP,2026-08-11,40.18000030517578,42.879600067138675,42.019305318196615,41.10768274307251,35.999973142499016,45.2599983215332,-0.04356109826227428,0.04929723783834894,False,True,False,False,False
CNR,2026-08-11,93.7300033569336,85.80027770996094,90.29193216959635,88.45188037872315,68.44141293924943,114.67780632300013,0.06904271374799609,0.04929723783834894,True,True,True,True,True
CNS,2026-08-11,84.30999755859375,77.13947662353516,69.07641410827637,67.51054666519165,56.79676265482127,86.55999755859375,0.2160625261973821,0.04929723783834894,True,True,True,True,True
CNX,2026-08-11,36.130001068115234,33.69960018157959,36.91146671295166,36.83190002441406,27.719999313354492,43.619998931884766,-0.011491058213742633,0.04929723783834894,False,False,True,False,False
CNXC,2026-08-10,25.5,24.750683212280272,28.735972607930503,30.880893383026123,18.806272395293806,55.21561703681126,0.06820738973713136,0.04929723783834894,False,False,False,True,False
CNXN,2026-08-11,80.79000091552734,76.28273025512695,66.30059224446615,64.35313911437989,54.500353898114334,88.09565316204333,0.22133264531320695,0.04929723783834894,True,True,True,True,True
COCO,2026-08-11,64.45999908447266,72.5575,62.64883331298828,59.21727499008179,31.920000076293945,85.83000183105469,-0.11040574249350643,0.04929723783834894,False,True,True,False,False
CODI,2026-08-11,12.319999694824219,10.479199981689453,8.939133354822795,8.225800008773804,4.579999923706055,13.239999771118164,0.06024094803435154,0.04929723783834894,True,True,True,True,True
COF,2026-08-11,219.14999389648438,201.29319885253906,200.7656987508138,206.6315312194824,174.23209732202199,257.5448295944663,0.1615511434379444,0.04929723783834894,True,False,True,True,False
COFS,2026-08-11,34.20000076293945,32.917517852783206,30.25676377614339,30.004131660461425,25.364288268767872,34.95000076293945,0.10742141854491205,0.04929723783834894,True,True,True,True,True
COGT,2026-08-11,38.70000076293945,37.533199577331544,36.71893311818441,35.620349831581116,10.979999542236328,43.72999954223633,0.13489743386086528,0.04929723783834894,True,True,True,True,True
COHR,2026-08-11,328.57000732421875,341.2816003417969,295.8479339599609,262.4404005050659,84.3499984741211,440.0,-0.1346361368181569,0.04929723783834894,False,True,True,False,False
COHU,2026-08-11,52.81999969482422,56.088600387573244,41.99113342285156,37.36315004348755,18.670000076293945,74.5999984741211,0.11246841204869096,0.04929723783834894,False,True,True,True,False
COIN,2026-08-11,148.5800018310547,159.31959930419922,182.10706624348958,205.91524993896485,139.11000061035156,402.1600036621094,-0.31403509859530376,0.04929723783834894,False,False,False,False,False
COKE,2026-08-11,181.7100067138672,182.7525454711914,180.9475537109375,173.7925406265259,109.90224084646906,219.05765364216035,0.02451972251829293,0.04929723783834894,False,True,True,False,False
COLB,2026-08-11,31.709999084472656,31.1711625289917,29.398358561197917,28.68599676132202,22.944493709709697,33.68000030517578,0.06327287546367022,0.04929723783834894,True,True,True,True,True
COLD,2026-08-11,14.479999542236328,14.884626388549805,13.273104667663574,12.792418036460877,9.588037914483149,16.8799991607666,0.008909518570235031,0.04929723783834894,False,True,True,False,False
COLL,2026-08-11,25.979999542236328,34.32480030059814,37.659766591389975,39.23192491531372,25.899999618530273,50.7869987487793,-0.2884141129386576,0.04929723783834894,False,False,False,False,False
COLM,2026-08-11,56.31999969482422,63.03340034484863,59.891721165974936,58.22615093231201,46.710274365152344,69.05999755859375,-0.04454701383042947,0.04929723783834894,False,True,True,False,False
COMP,2026-08-11,12.6899995803833,10.845999975204467,9.88153333346049,9.845600006580353,6.369999885559082,13.954999923706055,0.4486300512349537,0.04929723783834894,True,True,True,True,True
CON,2026-08-11,33.029998779296875,29.565799903869628,24.897617047627765,23.608041973114013,18.391678240791666,35.150001525878906,0.4509194954483948,0.04929723783834894,True,True,True,True,True
COO,2026-08-11,76.81999969482422,69.89579986572265,72.07559989929199,73.16719991683959,58.88999938964844,89.83000183105469,0.30247542032977526,0.04929723783834894,True,False,True,True,False
COP,2026-08-11,125.91999816894531,113.8420002746582,114.25542892456055,107.97566795349121,83.50802056998734,134.86769582626377,0.08974465463702774,0.04929723783834894,True,True,True,True,True
COR,2026-08-11,333.8699951171875,293.3608001708984,316.39637786865234,323.89988716125487,244.25744171418825,376.05390885093544,0.32404425933532566,0.04929723783834894,True,False,True,True,False
CORT,2026-08-11,111.86000061035156,88.49600036621094,57.3752001953125,62.654800186157225,28.65999984741211,122.20999908447266,1.1449663918963107,0.04929723783834894,True,True,True,True,True
CORZ,2026-08-11,19.760000228881836,24.36129997253418,20.69759999593099,19.788550000190735,13.135000228881836,30.459999084472656,-0.13899784000046544,0.04929723783834894,False,True,True,False,False
COST,2026-08-11,944.3200073242188,949.2567468261718,976.2478096516927,955.3900521850586,840.3510537593472,1094.7594789612422,-0.05367702709629185,0.04929723783834894,False,True,False,False,False
COTY,2026-08-11,2.819999933242798,2.317799997329712,2.438600002129873,2.68969999730587,1.8200000524520874,5.079999923706055,0.2103004401636881,0.04929723783834894,True,False,False,True,False
COUR,2026-08-11,5.690000057220459,5.59920000076294,5.901733341217041,6.472849996089935,5.0,12.319999694824219,-0.015570960090133812,0.04929723783834894,False,False,False,False,False
CPAY,2026-08-11,406.1600036621094,362.48919921875,335.53346638997397,324.6862496948242,252.83999633789062,409.67999267578125,0.1890626489505438,0.04929723783834894,True,True,True,True,True
CPB,2026-08-11,22.719999313354492,22.006096115112303,22.633242098490395,24.042141828536987,19.234971833005655,32.12975127012098,0.11991841923685898,0.04929723783834894,False,False,False,True,False
CPF,2026-08-11,38.689998626708984,37.42658340454101,34.15429088592529,33.02906972885132,26.285650785607462,40.9900016784668,0.12049933520297706,0.04929723783834894,True,True,True,True,True
CPK,2026-08-11,133.55999755859375,127.57873977661133,127.26530309041341,127.60658264160156,118.42129384048313,140.8300018310547,0.07008046397520218,0.04929723783834894,True,True,False,True,False
CPNG,2026-08-11,16.5,16.923600044250488,18.382400042215984,20.572100000381468,14.920000076293945,34.07500076293945,0.022938676905412514,0.04929723783834894,False,False,False,False,False
CPRI,2026-08-11,15.569999694824219,17.842999992370604,19.430133361816406,20.541700029373168,14.779999732971191,28.270000457763672,-0.11734692553554982,0.04929723783834894,False,False,False,False,False
CPRT,2026-08-11,29.399999618530273,29.39880012512207,33.666333491007485,35.332150077819826,26.809999465942383,50.11000061035156,-0.11632103354330792,0.04929723783834894,False,False,False,False,False
CPS,2026-08-11,27.420000076293945,28.80679992675781,30.924466654459636,31.254600009918214,25.270000457763672,47.97999954223633,-0.10654937767546968,0.04929723783834894,False,False,False,False,False
CPT,2026-08-11,108.29000091552734,111.9833544921875,106.27482264200846,105.02827453613281,94.29577326965477,119.80999755859375,0.04267042525342468,0.04929723783834894,False,True,False,False,False
CR,2026-08-11,220.55999755859375,210.6842724609375,194.92632059733072,192.7720790863037,159.35575680985588,230.5,0.21617955943441913,0.04929723783834894,True,True,True,True,True
CRAI,2026-08-11,168.72999572753906,157.09380004882811,165.37564483642578,170.84005424499512,131.6617552371412,225.6707215508309,0.1096785452367639,0.04929723783834894,False,False,True,True,False
CRBG,2026-08-11,33.38999938964844,29.745023918151855,27.95355504353841,28.385151138305662,21.896750265275795,34.810001373291016,0.20056243951659503,0.04929723783834894,True,False,True,True,False
CRC,2026-08-11,54.130001068115234,54.593160705566405,57.41316630045573,54.51711936950684,42.67762342121495,71.50178971291066,-0.11337406105884718,0.04929723783834894,False,True,True,False,False
CRCL,2026-08-11,71.16000366210938,71.36719993591309,86.0247331237793,87.41844989776611,49.900001525878906,189.9199981689453,-0.4599270899452149,0.04929723783834894,False,False,False,False,False
CRCT,2026-08-11,5.96999979019165,4.5386692333221434,4.334493651390075,4.4427868473529815,3.6504975509905493,6.636656219204897,0.3757193821875724,0.04929723783834894,True,False,True,True,False
CRDO,2026-08-11,247.69000244140625,236.90059967041014,173.6363668823242,169.4242253112793,86.48500061035156,308.6700134277344,0.17824184665171128,0.04929723783834894,True,True,True,True,True
CRGY,2026-08-11,12.420000076293945,10.828800048828125,11.14530328432719,10.512174758911133,7.532138030988349,14.15849655836781,0.010915889603163587,0.04929723783834894,True,True,True,False,False
CRH,2026-08-11,101.29000091552734,104.61259979248047,111.18094258626301,113.01936698913575,94.12000274658203,130.61319979731786,-0.09741306531324112,0.04929723783834894,False,False,False,False,False
CRI,2026-08-11,39.7400016784668,39.94200004577637,37.19501131693522,35.654066715240475,23.23180828348242,44.279998779296875,0.07463499649528549,0.04929723783834894,False,True,True,True,False
CRK,2026-08-11,14.390000343322754,13.463200035095214,17.268666706085206,18.67300003528595,12.119999885559082,28.100000381469727,-0.045122718332569756,0.04929723783834894,False,False,False,False,False
CRL,2026-08-11,282.0,215.90839965820314,191.66866719563802,189.64760032653808,144.25999450683594,282.3900146484375,0.5521797191132971,0.04929723783834894,True,True,True,True,True
CRM,2026-08-11,197.47000122070312,172.629150390625,186.87080881754557,202.24932075500487,146.32000732421875,267.74756558580185,0.11544124998707117,0.04929723783834894,False,False,True,True,False
CRMD,2026-08-11,7.300000190734863,8.205599985122682,7.736133359273275,8.576300005912781,6.130000114440918,14.960000038146973,-0.0931676996558598,0.04929723783834894,False,False,False,False,False
CRML,2026-08-11,6.769999980926514,8.365,10.352700010935466,10.074650001525878,4.664999961853027,32.150001525878906,-0.44003309383934286,0.04929723783834894,False,False,False,False,False
CRNC,2026-08-11,8.430000305175781,10.01140007019043,9.376066675186157,9.701150012016296,5.849999904632568,13.73799991607666,-0.146329083020174,0.04929723783834894,False,False,True,False,False
CRNX,2026-08-11,84.36000061035156,60.71500015258789,48.24183331807455,47.474624977111816,27.514999389648438,84.37999725341797,1.3080712003083486,0.04929723783834894,True,True,True,True,True
CROX,2026-08-11,131.7100067138672,127.43000045776367,103.48533355712891,98.6090502166748,73.20999908447266,141.27999877929688,0.2454846970578457,0.04929723783834894,True,True,True,True,True
CRS,2026-08-11,537.5700073242188,562.0893963623047,448.4136566162109,416.1500785827637,227.57433098678015,625.989990234375,0.25290171627059355,0.04929723783834894,False,True,True,True,False
CRSP,2026-08-11,54.06999969482422,52.23639991760254,52.500166753133136,53.42317512512207,44.119998931884766,78.4800033569336,0.0011109308490220293,0.04929723783834894,True,False,True,False,False
CRSR,2026-08-11,12.829999923706055,9.848199939727783,7.359066638946533,7.164874970912933,4.480000019073486,14.977999687194824,0.6219974931988914,0.04929723783834894,True,True,True,True,True
CRUS,2026-08-11,121.98999786376953,147.3279995727539,147.22480005900064,140.98695003509522,104.55000305175781,180.4199981689453,-0.2998335484405479,0.04929723783834894,False,True,False,False,False
CRVL,2026-08-11,61.20000076293945,61.12160011291504,58.69540008544922,62.13030002593994,44.83000183105469,93.70999908447266,0.10529170929236709,0.04929723783834894,False,False,True,True,False
CRVS,2026-08-11,14.729999542236328,13.437600002288818,14.898466676076254,13.19345000743866,4.375,26.950000762939453,-0.06831124912813602,0.04929723783834894,False,True,False,False,False
CRWD,2026-08-11,221.89999389648438,187.8447994995117,138.46421651204426,135.79713748931886,85.68000030517578,226.89999389648438,0.6368530955649394,0.04929723783834894,True,True,True,True,True
CRWV,2026-08-11,90.31999969482422,91.37459991455079,94.51823318481445,93.30827491760255,60.54999923706055,153.1999969482422,-0.21255447168337172,0.04929723783834894,False,False,False,False,False
CSCO,2026-08-11,120.43000030517578,117.75069854736329,95.98101725260416,90.67946430206298,64.41616648262675,129.88410380965527,0.22447850677706338,0.04929723783834894,True,True,True,True,True
CSGP,2026-08-11,31.1200008392334,30.331200065612794,40.177799949645994,47.213800001144406,25.889999389648438,92.98999786376953,-0.05467792921719905,0.04929723783834894,False,False,False,False,False
CSIQ,2026-08-11,15.880000114440918,15.689799976348876,16.930266628265382,18.73374997138977,9.40999984741211,34.59000015258789,-0.20000000960880904,0.04929723783834894,False,False,False,False,False
CSL,2026-08-11,389.9599914550781,353.98059936523435,355.4927762858073,346.88115356445314,291.6678355327013,430.3102302636369,0.046264214975695106,0.04929723783834894,True,True,True,False,False
CSR,2026-08-11,54.779998779296875,57.05961738586426,60.73273328145345,60.89048013687134,51.03441669728255,68.66965230142463,-0.17365853029766654,0.04929723783834894,False,False,False,False,False
CSTL,2026-08-11,32.2400016784668,23.96459987640381,27.224099934895833,29.134949960708617,17.722000122070312,44.279998779296875,0.6756757828481572,0.04929723783834894,True,False,True,True,False
CSTM,2026-08-11,29.90999984741211,31.387199897766113,28.269666646321614,25.44359996318817,13.210000038146973,36.9900016784668,-0.09005169396587287,0.04929723783834894,False,True,True,False,False
CSV,2026-08-11,33.63999938964844,38.42233039855957,42.48571701049805,42.463696002960205,33.619998931884766,51.83481545085201,-0.24615809667683008,0.04929723783834894,False,False,False,False,False
CSW,2026-08-11,351.2900085449219,288.61015563964844,286.642363688151,282.7707353210449,229.51871997531956,355.4830017089844,0.2507615244614674,0.04929723783834894,True,True,True,True,True
CSX,2026-08-11,49.939998626708984,48.750399856567384,43.70988733927409,41.645905303955075,31.48237830657476,53.599998474121094,0.11964878280741131,0.04929723783834894,True,True,True,True,True
CTAS,2026-08-11,205.27999877929688,186.19539916992187,184.4471630859375,184.76580627441408,160.7229878924764,223.72683328371022,0.21052793070208242,0.04929723783834894,True,False,True,True,False
CTBI,2026-08-11,78.08999633789062,72.25329025268555,65.1868933614095,62.431364936828615,48.9922910892622,79.91999816894531,0.1872010151406982,0.04929723783834894,True,True,True,True,True
CTKB,2026-08-11,4.739999771118164,4.336199989318848,4.483400001525879,4.583800005912781,3.2799999713897705,6.179999828338623,0.1504854132963036,0.04929723783834894,True,False,True,True,False
CTMX,2026-08-11,3.450000047683716,3.354800000190735,4.262333323160807,4.183299993276596,1.7200000286102295,8.210000038146973,-0.10621757993647074,0.04929723783834894,False,False,False,False,False
CTO,2026-08-11,21.56999969482422,21.334750480651856,19.57142615000407,18.848920359611512,14.201017895129834,22.709999084472656,0.08429872700828978,0.04929723783834894,True,True,True,True,True
CTOS,2026-08-11,10.640000343322754,10.536999988555909,8.413533363342285,7.817900009155274,5.179999828338623,12.229999542236328,0.06720161066691865,0.04929723783834894,True,True,True,True,True
CTRE,2026-08-11,38.68000030517578,39.874533081054686,38.8007692972819,37.90769790649414,31.00705057321935,43.619998931884766,-0.01073005967973728,0.04929723783834894,False,True,True,False,False
CTRI,2026-08-11,24.399999618530273,28.13120002746582,29.864199994405112,28.09824999809265,19.040000915527344,42.98500061035156,-0.41626794105544285,0.04929723783834894,False,True,False,False,False
CTS,2026-08-11,64.13999938964844,63.585574264526365,56.54051350911458,53.091969871520995,35.9464040705522,69.50836785556346,0.04372117321947311,0.04929723783834894,True,True,True,False,False
CTSH,2026-08-11,58.599998474121094,48.125599975585935,58.73858703613281,63.17122631072998,37.08000183105469,85.98308320518284,0.19823765523654746,0.04929723783834894,False,False,True,True,False
CTVA,2026-08-11,76.22000122070312,81.34329360961914,78.76270441691081,75.27560028076172,60.09935373064075,90.97000122070312,-0.033822332464735094,0.04929723783834894,False,True,True,False,False
CUBE,2026-08-11,40.84000015258789,40.73887954711914,38.91420903523763,38.05222595214844,33.773338650919115,43.2599983215332,0.014003259862818362,0.04929723783834894,True,True,True,False,False
CUBI,2026-08-11,82.86000061035156,77.60120056152344,74.97340037027995,73.62045042037964,59.34000015258789,83.94999694824219,0.05904911647142841,0.04929723783834894,True,True,True,True,True
CURB,2026-08-11,29.59000015258789,30.34793369293213,27.650862045288086,26.47445872306824,21.29458148549659,32.150001525878906,0.06356599584903222,0.04929723783834894,False,True,True,True,False
CUZ,2026-08-11,29.34000015258789,29.844926643371583,26.002134437561036,25.659977321624755,20.517059806650025,32.95000076293945,0.12763125823542465,0.04929723783834894,False,True,True,True,False
CVBF,2026-08-11,22.81999969482422,21.784438095092774,20.30457617441813,19.89842565536499,17.42477195577884,23.3700008392334,0.11622582552929339,0.04929723783834894,True,True,True,True,True
CVCO,2026-08-11,594.1799926757812,577.50259765625,553.2616656494141,559.0470989990234,443.3399963378906,713.010009765625,0.23540419833710424,0.04929723783834894,True,False,True,True,False
CVI,2026-08-11,34.04999923706055,31.463151664733886,29.240952606201173,30.33096692085266,19.498722811525486,41.41242552055982,0.044885092528957005,0.04929723783834894,True,False,True,False,False
CVLG,2026-08-11,33.369998931884766,42.79289627075195,33.45000569661458,30.269159202575683,17.869212458163936,49.369998931884766,0.021519923021769305,0.04929723783834894,False,True,True,False,False
CVLT,2026-08-11,139.42999267578125,135.00339981079102,108.43653340657552,113.56214992523194,71.75,198.17999267578125,0.34067300649789667,0.04929723783834894,True,False,True,True,False
CVNA,2026-08-11,72.0,66.7397998046875,71.2348531850179,72.35272001266479,54.4640007019043,97.37799835205078,-0.055490006174174544,0.04929723783834894,False,False,True,False,False
CVRX,2026-08-11,2.5999999046325684,5.115899958610535,6.55016664981842,7.21439999461174,2.200000047683716,11.300000190734863,-0.6322489615977485,0.04929723783834894,False,False,False,False,False
CVS,2026-08-11,93.5,101.52375091552734,86.44653060913086,84.07742809295654,62.34129605371443,110.0,0.020156767365457462,0.04929723783834894,False,True,True,False,False
CVSA,2026-08-11,126.4800033569336,124.8120002746582,116.09826665242512,112.90554992675781,86.97000122070312,156.25999450683594,-0.028795150837991446,0.04929723783834894,True,False,True,False,False
CVX,2026-08-11,196.66000366210938,183.36900024414064,183.4780368041992,174.8332657623291,143.75418422441436,212.76128796319327,0.07427327427750852,0.04929723783834894,True,True,True,True,True
CW,2026-08-11,705.9600219726562,742.6136877441406,704.5307364908854,668.407102355957,464.7770033928044,808.1599731445312,-0.04938517760873684,0.04929723783834894,False,True,True,False,False
CWBC,2026-08-11,25.469999313354492,25.661517601013184,24.08085205078125,23.535359144210815,18.69004380881563,28.036860102276822,0.06583675226650487,0.04929723783834894,False,True,True,True,False
CWCO,2026-08-11,32.31999969482422,29.5227734375,32.59095830281576,33.0704531288147,28.036311523885296,38.76976555831744,-0.01174337806356851,0.04929723783834894,False,False,False,False,False
CWEN,2026-08-11,34.5,35.45541114807129,36.717730623881025,35.724952697753906,26.69259022516633,41.7400016784668,-0.09335453792496151,0.04929723783834894,False,True,True,False,False
CWH,2026-08-11,6.340000152587891,6.799399995803833,8.284466644922892,9.015509693622588,5.485000133514404,17.999952280338928,-0.06213018669725945,0.04929723783834894,False,False,False,False,False
CWK,2026-08-11,13.75,13.3603999710083,13.768533344268798,14.313100023269653,11.569999694824219,17.399999618530273,-0.000726760807812088,0.04929723783834894,False,False,False,False,False
CWST,2026-08-11,92.5199966430664,91.15199981689453,90.98706659952799,91.78979999542236,74.05000305175781,107.95999908447266,0.11268785261863479,0.04929723783834894,True,False,True,True,False
CWT,2026-08-11,49.97999954223633,48.21528938293457,45.48988210042318,45.10448690414429,40.39357044508096,53.463188315422435,0.173357356998058,0.04929723783834894,True,True,True,True,True
CXM,2026-08-11,6.869999885559082,5.693599987030029,5.780999994277954,6.230650007724762,4.715000152587891,8.845000267028809,0.32115387260561246,0.04929723783834894,True,False,True,True,False
CXT,2026-08-11,51.18000030517578,47.9218000793457,46.58571767171224,48.845080013275144,35.709999084472656,68.23345892496906,0.1558177350192651,0.04929723783834894,True,False,True,True,False
CXW,2026-08-11,33.91999816894531,28.7535998916626,22.563533261617025,21.477499952316283,15.739999771118164,34.86000061035156,0.6022672672036855,0.04929723783834894,True,True,True,True,True
CYH,2026-08-11,2.8399999141693115,3.0921999979019166,3.105133333206177,3.1903000020980836,2.4100000858306885,4.429999828338623,-0.02068971697413624,0.04929723783834894,False,False,False,False,False
CYRX,2026-08-11,14.949999809265137,15.473999996185302,11.854466686248779,11.22105001926422,7.610000133514404,16.889999389648438,0.13515563573725387,0.04929723783834894,False,True,True,True,False
CYTK,2026-08-11,76.44999694824219,78.68599990844727,70.39133346557617,68.59570013046265,33.16999816894531,88.30999755859375,0.025348705090328938,0.04929723783834894,False,True,True,False,False
CZFS,2026-08-11,82.29000091552734,71.47724113464355,65.32216657002768,62.95254428863525,51.10854555223908,83.37000274658203,0.29756539156744277,0.04929723783834894,True,True,True,True,True
CZNC,2026-08-11,25.59000015258789,22.943925704956055,22.12851397196452,21.43484170913696,17.92996569489747,25.84000015258789,0.22923300393218082,0.04929723783834894,True,True,True,True,True
CZR,2026-08-11,29.739999771118164,29.76319999694824,26.797933336893717,25.645450038909914,17.860000610351562,30.8799991607666,0.07093983726614383,0.04929723783834894,False,True,True,True,False
D,2026-08-11,68.0999984741211,68.65384048461914,63.952757059733074,62.55672866821289,54.713225957665166,72.98999786376953,0.11640800909285631,0.04929723783834894,False,True,True,True,False
DAKT,2026-08-11,21.200000762939453,20.068999977111815,21.101199989318847,20.56265001296997,15.59000015258789,28.270000457763672,0.025145089462765835,0.04929723783834894,True,True,True,False,False
DAL,2026-08-11,90.41000366210938,86.39435226440429,74.39233332316081,71.64055253982544,54.08827382690103,95.44433663676071,0.2763159892929308,0.04929723783834894,True,True,True,True,True
DAN,2026-08-11,30.399999618530273,29.419432792663574,31.4542214457194,28.94086977005005,17.458388030966685,39.24948404177345,-0.13931160934667985,0.04929723783834894,False,True,True,False,False
DAR,2026-08-11,62.36000061035156,58.61740005493164,55.407333272298175,50.1768499660492,29.149999618530273,66.0199966430664,-0.011884011927532523,0.04929723783834894,True,True,True,False,False
DASH,2026-08-11,212.0,181.19160064697266,178.093366800944,189.4108501434326,143.3000030517578,285.5,0.2932349751231371,0.04929723783834894,True,False,True,True,False
DAVE,2026-08-11,310.0,348.6501998901367,257.04720001220704,247.1660499572754,152.2100067138672,455.9750061035156,0.24363138238309268,0.04929723783834894,False,True,True,True,False
DBD,2026-08-11,70.80999755859375,82.2211994934082,78.15006657918295,74.67294986724853,54.47999954223633,92.08499908447266,-0.08608680316665152,0.04929723783834894,False,True,True,False,False
DBI,2026-08-11,6.329999923706055,6.362050342559814,6.621756381988526,6.268594123125077,2.732685224926218,9.096873552201227,-0.028784758787669174,0.04929723783834894,False,True,True,False,False
DBRG,2026-08-11,15.9399995803833,15.76602668762207,15.557287693023682,14.642198204994202,8.922696850858134,15.949999809265137,0.020479433533605595,0.04929723783834894,True,True,True,False,False
DBX,2026-08-11,34.08000183105469,29.36380012512207,26.59686669667562,27.20737503051758,21.69499969482422,35.720001220703125,0.2865232965464892,0.04929723783834894,True,False,True,True,False
DC,2026-08-11,6.300000190734863,4.817000026702881,5.4846666781107585,5.3182000112533565,3.740000009536743,7.25,0.04825290362875445,0.04929723783834894,True,False,True,False,False
DCH,2026-08-11,6.889999866485596,5.808000020980835,6.334400014877319,6.343000009059906,4.920000076293945,9.25,0.029895337452094495,0.04929723783834894,True,False,True,False,False
DCI,2026-08-11,96.91000366210938,89.55394348144532,91.17884658813476,90.31216659545899,71.40981755658372,112.42206711925681,0.13646769024189354,0.04929723783834894,True,True,True,True,True
DCO,2026-08-11,197.25999450683594,172.42539978027344,143.46419982910157,130.80364990234375,84.76000213623047,210.38999938964844,0.4021893998917958,0.04929723783834894,True,True,True,True,True
DCOM,2026-08-11,40.630001068115234,39.433541488647464,35.60162801106771,33.716022691726685,25.093771704440922,41.970001220703125,0.09917429658861998,0.04929723783834894,True,True,True,True,True
DD,2026-08-11,144.49000549316406,139.78299987792968,139.49163213094076,133.65349597930907,86.14569840856352,156.72665159428195,-0.04400044542588899,0.04929723783834894,True,True,True,False,False
DDD,2026-08-11,3.809999942779541,3.049800000190735,2.5763333280881247,2.477199994325638,1.7000000476837158,4.119999885559082,0.5179282698229615,0.04929723783834894,True,True,True,True,True
DDOG,2026-08-11,246.77999877929688,249.77560028076172,175.37280029296875,170.88062522888183,98.01000213623047,292.7200012207031,0.2197508394897929,0.04929723783834894,False,True,True,True,False
DDS,2026-08-11,646.0399780273438,575.0351611328125,594.3801147460938,599.646704711914,447.61918838824386,710.2843363585131,0.13111952173906993,0.04929723783834894,True,False,True,True,False
DE,2026-08-11,617.9500122070312,599.0064477539063,578.1494488525391,550.944429473877,429.13665354854805,670.4860067172342,0.05233500665576751,0.04929723783834894,True,True,True,True,True
DEA,2026-08-11,24.0,24.098764419555664,22.665895207722983,22.076157131195068,19.159585045651113,25.49197021524255,0.07008042540225246,0.04929723783834894,False,True,True,True,False
DEC,2026-08-11,14.649999618530273,13.57291337966919,14.145702304840087,13.974572677612304,11.595715777278562,18.530409641407296,-0.026567192779723747,0.04929723783834894,True,False,True,False,False
DECK,2026-08-11,93.83999633789062,104.45200012207032,105.39426676432292,102.11139991760254,78.91000366210938,125.44999694824219,-0.029074031491203578,0.04929723783834894,False,False,False,False,False
DEI,2026-08-11,11.489999771118164,11.952667484283447,10.801592089335124,10.927302026748658,8.791053070221727,15.903269172607356,-0.03728665612126214,0.04929723783834894,False,False,True,False,False
DELL,2026-08-11,440.9700012207031,418.7219543457031,253.4893605041504,224.09377292633056,109.6987412978457,485.70001220703125,0.7879642677017025,0.04929723783834894,True,True,True,True,True
DFH,2026-08-11,14.140000343322754,15.339600009918213,16.07126667658488,16.920149970054627,12.199999809265137,31.4950008392334,-0.034812238122002404,0.04929723783834894,False,False,False,False,False
DFIN,2026-08-11,47.13999938964844,44.14699981689453,46.558199946085615,46.6441000366211,36.11000061035156,58.45000076293945,0.12532824245629715,0.04929723783834894,True,False,True,True,False
DFTX,2026-08-11,40.90999984741211,37.85460010528564,25.268400026957195,22.042950043678285,8.699999809265137,49.70000076293945,0.8553288554610292,0.04929723783834894,True,True,True,True,True
DG,2026-08-11,120.06999969482422,117.37759094238281,126.02725362141928,122.87126232147217,93.7808045048544,156.6840910974757,0.06525187803785304,0.04929723783834894,False,True,True,True,False
DGICA,2026-08-11,18.68000030517578,18.151588172912597,17.68854195912679,18.03758192062378,15.95265077654237,20.41582599735881,0.13777158390578959,0.04929723783834894,True,False,False,True,False
DGII,2026-08-11,83.58000183105469,69.67620010375977,57.19866678873698,53.110300121307375,32.06999969482422,86.83999633789062,0.42022096853253865,0.04929723783834894,True,True,True,True,True
DGX,2026-08-11,237.5,211.02532592773437,198.68351857503256,193.92411239624025,168.97457034603082,240.1300048828125,0.2608556285148371,0.04929723783834894,True,True,True,True,True
DHC,2026-08-11,8.15999984741211,8.95275712966919,7.628479611078898,6.881455585956574,3.3380745570802577,9.65999984741211,-0.029819700293819085,0.04929723783834894,False,True,True,False,False
DHI,2026-08-11,150.7899932861328,151.02396209716798,149.2909760538737,149.00874618530273,130.96226229208295,182.36112320257425,0.043317946369835436,0.04929723783834894,False,False,False,False,False
DHR,2026-08-11,207.44000244140625,191.29566650390626,196.150102742513,202.70853645324706,160.59681653133427,241.7819298525778,0.248320594663477,0.04929723783834894,True,False,True,True,False
DHT,2026-08-11,18.200000762939453,17.802199935913087,16.744469610850015,15.577430095672607,10.072379242261176,20.190000534057617,0.0068780165582271735,0.04929723783834894,True,True,True,False,False
DIN,2026-08-11,35.84000015258789,34.263771553039554,31.752832883199055,31.132351684570313,19.760052229357335,39.191818552112004,0.23996526602577695,0.04929723783834894,True,True,True,True,True
DINO,2026-08-11,85.55000305175781,77.62324478149414,64.4713789876302,60.835107498168945,41.501306934546875,93.63955881596408,0.18225937734591802,0.04929723783834894,True,True,True,True,True
DIOD,2026-08-11,103.1500015258789,100.32979965209961,83.8637998199463,75.41729990005493,42.279998779296875,125.98999786376953,-0.11115899342221958,0.04929723783834894,True,True,True,False,False
DIS,2026-08-11,103.52999877929688,98.65968505859375,101.92734044392904,103.53813735961914,91.48896970147202,118.07031872163594,-0.0037882797809284385,0.04929723783834894,False,False,False,False,False
DJCO,2026-08-11,559.8800048828125,562.2121978759766,541.7079333496093,518.0138500976562,348.6300048828125,674.75,0.14703657307800722,0.04929723783834894,False,True,True,True,False
DJT,2026-08-11,8.90999984741211,8.812000026702881,9.917466665903728,10.620824999809265,6.960000038146973,18.969999313354492,0.009060014088027035,0.04929723783834894,False,False,False,False,False
DK,2026-08-11,63.939998626708984,53.96079978942871,43.61068617502848,41.676925535202024,20.274001460743122,68.66000366210938,0.43042500079152823,0.04929723783834894,True,True,True,True,True
DKNG,2026-08-11,25.34000015258789,25.316100120544434,25.489600003560383,27.251925010681152,20.459999084472656,48.779998779296875,0.03386372566116935,0.04929723783834894,False,False,False,False,False
DKS,2026-08-11,205.02999877929688,217.0303820800781,210.67442128499349,210.74749687194824,184.421694342173,244.3800048828125,-0.0638782081627941,0.04929723783834894,False,False,False,False,False
DLB,2026-08-11,61.36000061035156,53.1649568939209,58.42421325683594,60.07226501464844,47.980231920338454,73.94835195867121,0.08066841027593163,0.04929723783834894,True,False,True,True,False
DLO,2026-08-11,14.109999656677246,13.620399951934814,13.059889284769694,13.223410229682923,10.346012105188043,16.5024792996697,0.04724721000703358,0.04929723783834894,True,False,True,False,False
DLR,2026-08-11,190.80999755859375,185.04465026855468,180.89133483886718,175.13245277404786,144.27911912668085,207.47000122070312,-0.021187333202615455,0.04929723783834894,True,True,True,False,False
DLTR,2026-08-11,128.05999755859375,119.63860000610352,115.28666661580404,114.22564987182618,84.70999908447266,142.39999389648438,0.3269090739199063,0.04929723783834894,True,True,True,True,True
DLX,2026-08-11,23.84000015258789,24.501199951171873,25.70032174428304,24.24013313293457,17.089944033066953,31.666771038882633,-0.07919272355277784,0.04929723783834894,False,True,True,False,False
DMC,2026-08-11,30.65999984741211,28.892599868774415,35.593907572428385,35.566861896514894,26.469999313354492,42.876198542116846,-0.1288369086347665,0.04929723783834894,False,False,False,False,False
DMRA,2026-08-11,30.360000610351562,26.449300079345704,25.827000045776366,24.248075039386748,2.450000047683716,38.32500076293945,0.21488598993264896,0.04929723783834894,True,True,True,True,True
DMRC,2026-08-11,7.690000057220459,8.570800037384034,7.379200019836426,7.574450035095214,4.070000171661377,17.469999313354492,-0.14078209820075216,0.04929723783834894,False,False,False,False,False
DNA,2026-08-11,7.510000228881836,8.74819993019104,8.387333297729493,8.704349966049195,5.369999885559082,17.579999923706055,-0.2722867780075303,0.04929723783834894,False,False,False,False,False
DNLI,2026-08-11,24.690000534057617,23.457399978637696,20.995966707865396,20.04852502346039,12.579999923706055,27.299999237060547,0.2526637078084979,0.04929723783834894,True,True,True,True,True
DNOW,2026-08-11,16.65999984741211,13.716599998474122,13.386466643015543,13.49884997844696,10.9350004196167,17.260000228881836,0.2766283221390484,0.04929723783834894,True,False,True,True,False
DNTH,2026-08-11,108.48999786376953,95.579599609375,79.04799980163574,69.24374982833862,19.0,114.55000305175781,0.24529378378636357,0.04929723783834894,True,True,True,True,True
DNUT,2026-08-11,3.0899999141693115,3.440599994659424,3.4584666713078818,3.6197500038146972,2.880000114440918,5.110000133514404,-0.08579887291500143,0.04929723783834894,False,False,False,False,False
DOC,2026-08-11,20.510000228881836,20.98844352722168,18.309820302327473,17.86928801059723,15.113213820084091,22.950000762939453,0.058753987749813774,0.04929723783834894,False,True,True,True,False
DOCN,2026-08-11,120.86000061035156,143.25339935302733,105.32679967244466,90.42864974975586,28.790000915527344,187.5,-0.25725172256836026,0.04929723783834894,False,True,True,False,False
DOCS,2026-08-11,26.110000610351562,21.471399993896483,25.956866658528646,32.66374998092651,17.149999618530273,76.51000213623047,0.01634877647188615,0.04929723783834894,False,False,False,False,False
DOCU,2026-08-11,59.34000015258789,49.77150009155273,49.442533264160154,54.28330005645752,40.15999984741211,86.6500015258789,0.3044624744579234,0.04929723783834894,True,False,True,True,False
DOLE,2026-08-11,12.960000038146973,14.017984828948975,14.605824089050293,14.464496154785156,12.37363029348053,16.376281750487646,-0.1428553497582632,0.04929723783834894,False,False,False,False,False
DOMO,2026-08-11,3.9200000762939453,3.3904000186920165,4.0930333391825355,5.856499981880188,1.840000033378601,18.48900032043457,0.0,0.04929723783834894,False,False,False,False,False
DORM,2026-08-11,133.0500030517578,133.61699951171875,122.3315330505371,124.50344974517822,98.44999694824219,166.88999938964844,0.09949591523825418,0.04929723783834894,False,False,True,True,False
DOV,2026-08-11,208.4499969482422,214.23335693359374,214.1892763264974,206.97029960632324,157.77607840645635,236.41626104348825,-0.0801949254502935,0.04929723783834894,False,True,True,False,False
DOW,2026-08-11,31.260000228881836,30.73500015258789,32.98865421295166,30.395567960739136,19.78033026271293,42.309775292955806,-0.1852975049167752,0.04929723783834894,False,True,True,False,False
DOX,2026-08-11,57.4900016784668,54.9184725189209,64.10591428120931,67.53961324691772,49.249248265682326,85.7385598491404,-0.09110520995275284,0.04929723783834894,False,False,False,False,False
DPZ,2026-08-11,357.3399963378906,319.3461614990234,354.4989469401042,368.5461959838867,282.0,460.1287630891548,0.10746362417661293,0.04929723783834894,False,False,True,True,False
DRH,2026-08-11,12.010000228881836,12.170544776916504,10.550447565714519,10.039337797164917,7.25800174339793,13.789999961853027,0.12129913085814192,0.04929723783834894,False,True,True,True,False
DRI,2026-08-11,218.89999389648438,203.64737731933593,201.1371430460612,194.94797035217286,165.13101321475466,219.42999267578125,0.12701949304890348,0.04929723783834894,True,True,True,True,True
DRS,2026-08-11,44.65999984741211,45.618799743652346,43.493899714152015,41.39693840026855,32.30043669244252,50.59000015258789,0.07092656474127335,0.04929723783834894,False,True,True,True,False
DRUG,2026-08-11,80.25,71.73939979553222,78.55440020243327,76.0099501800537,38.0,123.75,-0.09730035295174744,0.04929723783834894,True,False,True,False,False
DRVN,2026-08-11,12.34000015258789,13.949899997711181,13.77363332748413,14.01472499370575,9.800000190734863,19.739999771118164,-0.07426855039642943,0.04929723783834894,False,False,True,False,False
DSGN,2026-08-11,14.619999885559082,12.65569995880127,11.67703332265218,10.795024995803834,4.679999828338623,17.25,0.0048109755262266685,0.04929723783834894,True,True,True,False,False
DSGR,2026-08-11,34.869998931884766,29.744999923706054,28.35766667683919,28.260600013732912,19.020000457763672,35.060001373291016,0.2511660524529755,0.04929723783834894,True,False,True,True,False
DSP,2026-08-11,13.1899995803833,12.12129997253418,11.380699977874755,11.123074979782105,8.109999656677246,14.800000190734863,0.16211446141601904,0.04929723783834894,True,True,True,True,True
DT,2026-08-11,49.65999984741211,43.78319999694824,39.79479995727539,41.28354997634888,31.635000228881836,53.28499984741211,0.23440219767528192,0.04929723783834894,True,False,True,True,False
DTE,2026-08-11,137.63999938964844,146.33742126464844,142.90358301798503,139.88321647644042,124.25795884493672,155.75,-0.025940228259581977,0.04929723783834894,False,True,False,False,False
DTM,2026-08-11,134.77999877929688,142.00486968994142,135.8843699645996,130.2948073196411,97.79460827534838,152.0,-0.06198251663258325,0.04929723783834894,False,True,True,False,False
DUK,2026-08-11,123.19000244140625,125.43440032958985,124.98274770100912,123.29287036895752,111.97054314956462,133.3377889471218,-0.005167941939932197,0.04929723783834894,False,True,False,False,False
DUOL,2026-08-11,135.44000244140625,125.72320007324218,118.54293334960937,140.8059503173828,87.88999938964844,371.6300048828125,0.2541902502143316,0.04929723783834894,False,False,False,True,False
DV,2026-08-11,13.25,11.050799961090087,10.505400009155274,10.625599989891052,7.639999866485596,16.440000534057617,0.22119811374653353,0.04929723783834894,True,False,True,True,False
DVA,2026-08-11,178.33999633789062,216.88059997558594,172.3540664164225,159.08649990081787,101.0,247.49000549316406,-0.10350373043771477,0.04929723783834894,False,True,True,False,False
DVN,2026-08-11,45.400001525878906,43.56118141174316,44.18872708638509,41.86340356826782,30.88654330926887,52.33773751303255,-0.021551079897075498,0.04929723783834894,True,True,True,False,False
DX,2026-08-11,12.930000305175781,12.801532974243164,12.761443659464518,12.641677069664002,10.414329413903188,13.810452065294601,0.006169370794234963,0.04929723783834894,True,True,True,False,False
DXC,2026-08-11,10.8100004196167,9.620000019073487,11.60279998143514,12.16324999332428,7.900000095367432,15.680000305175781,-0.05754139773730593,0.04929723783834894,False,False,True,False,False
DXCM,2026-08-11,89.52999877929688,75.09420028686523,69.84980000813802,68.38845003128051,54.11000061035156,89.55999755859375,0.5090172933794654,0.04929723783834894,True,True,True,True,True
DXPE,2026-08-11,195.0,164.9145993041992,149.62933268229168,138.6318994140625,84.04000091552734,208.0,0.07432100656394436,0.04929723783834894,True,True,True,True,True
DY,2026-08-11,403.17999267578125,448.24339965820315,408.0367999267578,386.3138995361328,233.0,566.469970703125,-0.11927127932437076,0.04929723783834894,False,True,True,False,False
DYN,2026-08-11,26.709999084472656,21.99259994506836,19.107833296457926,19.37130000591278,11.170000076293945,27.134000778198242,0.5228048854220722,0.04929723783834894,True,True,True,True,True
EAT,2026-08-11,221.3800048828125,176.2698013305664,158.14893391927083,151.55160064697264,100.30000305175781,232.47000122070312,0.5048603355605916,0.04929723783834894,True,True,True,True,True
EBAY,2026-08-11,106.01000213623047,110.92880020141601,100.94265823364258,96.80813766479493,77.55499984787686,118.9801496324661,-0.016888015762685726,0.04929723783834894,False,True,True,False,False
EBC,2026-08-11,23.1299991607666,21.71737335205078,20.432385393778482,19.81492805480957,14.877468995624044,23.75,0.15024651498036512,0.04929723783834894,True,True,True,True,True
EBF,2026-08-11,22.1299991607666,21.120401344299317,20.442936642964682,19.53183307647705,15.70657794106943,22.549999237060547,0.10206469249503236,0.04929723783834894,True,True,True,True,True
EBS,2026-08-11,4.449999809265137,7.771400003433228,9.015533326466878,9.518000001907348,4.360000133514404,14.0600004196167,-0.5109890524481029,0.04929723783834894,False,False,False,False,False
ECG,2026-08-11,134.47999572753906,142.15900024414063,127.31080012003581,118.14790000915528,70.93000030517578,171.57699584960938,-0.17924937004531727,0.04929723783834894,False,True,True,False,False
ECHO,2026-08-11,87.9800033569336,101.3252001953125,113.55546651204428,106.12754997253418,26.520000457763672,147.25,-0.30806132677059406,0.04929723783834894,False,True,False,False,False
ECL,2026-08-11,284.6300048828125,271.96454864501953,272.76233856201173,270.0521063232422,242.48911386784812,307.60498613603636,0.11247610117678408,0.04929723783834894,True,True,False,True,False
ECPG,2026-08-11,93.48999786376953,88.58399978637695,75.73180010477702,69.40265016555786,39.900001525878906,101.80000305175781,0.13555199543922902,0.04929723783834894,True,True,True,True,True
ECVT,2026-08-11,10.119999885559082,12.339199981689454,12.343533312479655,11.464949989318848,7.409999847412109,15.085000038146973,-0.2755905732196925,0.04929723783834894,False,True,True,False,False
ED,2026-08-11,107.5,109.12700012207031,108.1891172281901,105.38330791473389,92.95812863357024,115.26450276939326,0.01889707319027356,0.04929723783834894,False,True,False,False,False
EDIT,2026-08-11,2.950000047683716,2.8869000101089477,2.618533333937327,2.6000749999284745,1.659999966621399,4.5370001792907715,-0.03594767880809413,0.04929723783834894,True,False,True,False,False
EE,2026-08-11,35.36000061035156,36.68640022277832,35.77093017578125,33.58077048301697,22.69202777924326,42.98385227034377,-0.007331860050401207,0.04929723783834894,False,True,True,False,False
EEFT,2026-08-11,70.47000122070312,72.90919990539551,71.82226687113445,72.81004999160767,62.5,98.5199966430664,0.011482748281661515,0.04929723783834894,False,False,False,False,False
EFC,2026-08-11,13.600000381469727,13.33594425201416,12.608794924418131,12.589685878753663,10.731165317409904,13.75,0.0399766460508606,0.04929723783834894,True,True,True,False,False
EFOR,2026-08-11,32.83000183105469,21.425200080871583,32.47853346506754,35.791350049972536,16.899999618530273,54.939998626708984,0.5929161018348306,0.04929723783834894,False,False,False,True,False
EFSC,2026-08-11,66.20999908447266,64.40685096740722,59.25963389078776,57.87015718460083,50.31171837530509,68.7300033569336,0.11907475407705204,0.04929723783834894,True,True,True,True,True
EFX,2026-08-11,181.9600067138672,169.65239990234375,181.4995590209961,189.33477973937988,150.75,269.54460688606474,0.08799250763423894,0.04929723783834894,False,False,True,True,False
EG,2026-08-11,365.70001220703125,358.92808532714844,341.30408752441406,335.8486640930176,298.7757447658431,401.07000732421875,0.048771874579631724,0.04929723783834894,True,True,True,False,False
EGBN,2026-08-11,28.389999389648438,27.630006256103517,26.239303919474285,24.430090928077696,15.013315698664186,29.279633153102104,0.1076464216919426,0.04929723783834894,True,True,True,True,True
EGHT,2026-08-11,2.140000104904175,1.9342000007629394,2.0246000051498414,2.013050004243851,1.5700000524520874,2.880000114440918,-0.19850185627164074,0.04929723783834894,True,False,True,False,False
EGP,2026-08-11,201.6300048828125,206.26072692871094,195.31031188964843,190.20854866027832,154.1745868419268,226.7100067138672,-0.0040632547566746835,0.04929723783834894,False,True,True,False,False
EGY,2026-08-11,5.789999961853027,5.3294000148773195,5.336004015604655,4.88531860113144,3.287601759973161,6.647876990156979,-0.019628882706453465,0.04929723783834894,True,True,True,False,False
EHC,2026-08-11,125.3499984741211,107.40333557128906,104.55080225626628,106.7855982208252,92.41374442943734,127.5,0.1959438197658916,0.04929723783834894,True,False,True,True,False
EIG,2026-08-11,48.5,48.4286003112793,44.02138745625814,42.933658294677734,34.87711216769803,52.59000015258789,0.1823570970297541,0.04929723783834894,True,True,True,True,True
EIX,2026-08-11,69.88999938964844,73.3500180053711,69.44559552510579,66.05836221694946,50.04005026725633,81.62000274658203,0.025665881794435075,0.04929723783834894,False,True,True,False,False
EL,2026-08-11,87.77999877929688,84.22699981689453,89.69877309163411,91.58530235290527,65.96494335920991,120.79247984091124,0.03317390250584751,0.04929723783834894,False,False,True,False,False
ELAN,2026-08-11,22.729999542236328,24.612199935913086,24.031666666666666,23.561399993896483,17.09000015258789,27.979999542236328,0.04650093281820866,0.04929723783834894,False,True,True,False,False
ELE,2026-08-11,19.399999618530273,16.307542572021486,18.46731657663981,17.58516475200653,12.534480040440977,26.862447532952466,0.053424555951029795,0.04929723783834894,True,False,True,True,False
ELF,2026-08-11,94.98999786376953,72.31899986267089,72.78866678873698,76.08955005645753,48.81999969482422,150.99000549316406,0.7211451391085828,0.04929723783834894,True,False,True,True,False
ELS,2026-08-11,64.05000305175781,63.82138488769531,63.48947761535644,62.665150527954104,56.88255108560988,67.81316760012218,0.020332854229760278,0.04929723783834894,True,True,False,False,False
ELV,2026-08-11,390.3699951171875,396.2693377685547,356.17185506184893,349.62505630493166,272.049168550141,436.239990234375,0.04603140569370279,0.04929723783834894,False,True,True,False,False
ELVN,2026-08-11,58.779998779296875,48.28289985656738,38.2635333887736,33.656100034713745,14.78499984741211,62.31999969482422,0.4266989730779598,0.04929723783834894,True,True,True,True,True
EMBC,2026-08-11,4.880000114440918,3.4022999811172485,7.126363048553467,8.519756817817688,2.7615804959530457,15.084601723633515,0.3749658747458071,0.04929723783834894,False,False,False,True,False
EME,2026-08-11,816.8599853515625,802.1145739746094,783.5986096191406,747.7422677612304,564.0106429932223,951.4685396118709,-0.1340058961784194,0.04929723783834894,True,True,True,False,False
EMN,2026-08-11,74.7699966430664,70.82932495117187,71.13069768269857,68.24385751724243,54.11599398166228,81.55569439984077,-0.0016583249563083546,0.04929723783834894,True,True,True,False,False
EMR,2026-08-11,164.3800048828125,144.9074008178711,142.50759928385418,139.85666633605956,122.14634866441693,164.8699951171875,0.16978061743322348,0.04929723783834894,True,True,True,True,True
ENOV,2026-08-11,24.600000381469727,24.430400009155274,24.147933400472006,25.422450075149538,19.139999389648438,34.279998779296875,-0.01006036201860272,0.04929723783834894,False,False,True,False,False
ENPH,2026-08-11,42.29999923706055,46.62459999084473,43.18446667989095,40.16380001068115,25.780000686645508,73.73999786376953,0.12350591029818259,0.04929723783834894,False,True,False,True,False
ENR,2026-08-11,22.3799991607666,20.784399948120118,19.634416650136313,19.73499804019928,15.704250843525509,28.852578344047956,0.2970117880568355,0.04929723783834894,True,False,True,True,False
ENS,2026-08-11,186.2100067138672,211.27177337646484,193.26750986735027,179.24566036224365,94.83415204888323,244.01780648008378,-0.16811536032924568,0.04929723783834894,False,True,True,False,False
ENSG,2026-08-11,180.1999969482422,167.4577017211914,183.6244926961263,182.64823905944823,141.52182699007727,217.8397593151043,0.06412884536991359,0.04929723783834894,False,False,True,True,False
ENTA,2026-08-11,13.520000457763672,13.073399963378906,13.422733319600423,13.389649996757507,6.539999961853027,17.149999618530273,-0.12548509544608177,0.04929723783834894,True,False,True,False,False
ENTG,2026-08-11,150.2100067138672,144.64909072875977,132.6574609375,120.69317676544189,67.80918424276771,186.7817829244102,0.008230399568692759,0.04929723783834894,True,True,True,False,False
ENVA,2026-08-11,257.1199951171875,217.1202001953125,174.70633371988933,164.77980026245118,103.0199966430664,265.5400085449219,0.48994601729441345,0.04929723783834894,True,True,True,True,True
ENVX,2026-08-11,4.829999923706055,5.633699975013733,6.080266674359639,6.768400000333786,3.6700000762939453,14.210000038146973,-0.3272980446820336,0.04929723783834894,False,False,False,False,False
EOG,2026-08-11,143.39999389648438,137.08367401123047,129.8539705912272,123.46389183044434,99.11979382545725,149.58974773323314,0.0836714330998336,0.04929723783834894,True,True,True,True,True
EOLS,2026-08-11,8.34000015258789,6.5481999969482425,5.57026665687561,5.898649981021881,3.859999895095825,8.430000305175781,0.31962024146519985,0.04929723783834894,True,False,True,True,False
EOSE,2026-08-11,4.239999771118164,5.30789999961853,7.867966655095418,9.444875009059906,3.109999895095825,19.860000610351562,-0.5052508842352845,0.04929723783834894,False,False,False,False,False
EPAC,2026-08-11,37.2599983215332,35.262800216674805,37.03700007120768,37.62830003738404,32.349998474121094,45.0,0.04165495791728846,0.04929723783834894,False,False,False,False,False
EPAM,2026-08-11,99.9000015258789,91.73260009765625,128.55693318684897,143.5745499420166,73.05999755859375,222.52999877929688,0.026194176597092556,0.04929723783834894,False,False,False,False,False
EPC,2026-08-11,28.610000610351562,24.97173667907715,21.77481762568156,20.762204208374023,15.616179079745507,29.950000762939453,0.28711611347546695,0.04929723783834894,True,True,True,True,True
EPM,2026-08-11,3.7699999809265137,3.838538475036621,4.042039937973023,3.9692284154891966,3.018714742561243,5.117140442821886,-0.1651655421871977,0.04929723783834894,False,False,True,False,False
EPR,2026-08-11,59.779998779296875,59.28606819152832,55.681929143269855,53.96939804077149,45.695436819153,64.65535223376834,0.07781835528888625,0.04929723783834894,True,True,True,True,True
EPRT,2026-08-11,30.059999465942383,30.807863502502443,31.029952443440756,30.689423065185547,28.05973773680305,34.0196307993663,-0.03098832311224964,0.04929723783834894,False,True,False,False,False
EQBK,2026-08-11,51.25,48.84014778137207,46.45512674967448,45.6061770439148,37.24263962847622,52.27000045776367,0.1370144720765456,0.04929723783834894,True,True,True,True,True
EQH,2026-08-11,51.349998474121094,45.97532608032227,42.87954928080241,43.615791416168214,34.71968025043214,53.79562665116968,0.26989488087165436,0.04929723783834894,True,False,True,True,False
EQIX,2026-08-11,1032.4000244140625,1050.31240234375,989.2336446126302,933.6563848876954,713.1863099090233,1124.0,-0.04484703857464889,0.04929723783834894,False,True,True,False,False
EQR,2026-08-11,65.08999633789062,67.28218803405761,63.41322748819987,62.30795467376709,56.29634029167226,71.5,-0.00625381035148298,0.04929723783834894,False,True,False,False,False
EQT,2026-08-11,54.369998931884766,51.865016326904296,55.999796574910484,55.97386013031006,47.79009972321684,67.83547888065314,-0.03382579663889573,0.04929723783834894,False,False,False,False,False
ERAS,2026-08-11,18.309999465942383,16.497000102996825,13.980633352597554,11.211225018501281,1.3300000429153442,24.280000686645508,0.679816523554269,0.04929723783834894,True,True,True,True,True
ERII,2026-08-11,7.71999979019165,8.562799968719482,10.831933314005534,11.87784999370575,7.710000038146973,18.31999969482422,-0.33505598462686814,0.04929723783834894,False,False,False,False,False
ES,2026-08-11,71.12999725341797,71.89740005493164,69.90143254597982,69.30620740890502,58.835829398082765,76.56999969482422,0.07360321566765116,0.04929723783834894,False,True,True,True,False
ESAB,2026-08-11,87.95999908447266,91.16441955566407,102.57407928466797,105.10520805358887,82.07972964289213,137.10810726153235,-0.08799001946855456,0.04929723783834894,False,False,False,False,False
ESE,2026-08-11,295.4100036621094,322.46197021484375,291.5172150675456,271.0599423980713,182.6136892222671,362.0647609793165,-0.007958574460331214,0.04929723783834894,False,True,True,False,False
ESI,2026-08-11,37.650001525878906,41.199201049804685,36.71673868815104,34.005106945037845,22.694616493378586,49.25,-0.14735259345585483,0.04929723783834894,False,True,True,False,False
ESNT,2026-08-11,67.62000274658203,63.045800018310544,61.339253718058266,61.51805513381958,55.34000015258789,70.0,0.10674009563097409,0.04929723783834894,True,True,True,True,True
ESQ,2026-08-11,132.9199981689453,119.50079971313477,111.79871678670247,109.05948421478271,91.58718625697647,134.30555676098948,0.26410565784851947,0.04929723783834894,True,True,True,True,True
ESRT,2026-08-11,4.630000114440918,5.374328823089599,5.621076199213664,5.95157603263855,4.610000133514404,7.895199351374803,-0.17813374043154984,0.04929723783834894,False,False,False,False,False
ESS,2026-08-11,282.4599914550781,285.8462091064453,263.05271830240883,259.9969593811035,233.84958097649945,303.3500061035156,0.06620489581241817,0.04929723783834894,False,True,True,True,False
ESTA,2026-08-11,74.27999877929688,84.5915998840332,73.32726656595865,71.21514995574951,33.349998474121094,97.58999633789062,-0.003488088717963911,0.04929723783834894,False,True,True,False,False
ESTC,2026-08-11,76.3499984741211,62.266999893188476,58.7624666595459,64.38454999923707,42.04999923706055,96.06999969482422,0.5546731322586829,0.04929723783834894,True,False,True,True,False
ETD,2026-08-11,23.670000076293945,22.074199981689453,21.963350550333658,22.27439257621765,18.280000686645508,29.78221962140573,0.178663394115258,0.04929723783834894,True,False,True,True,False
ETN,2026-08-11,459.2900085449219,409.8262451171875,385.0597361246745,374.7307844543457,309.3323720713248,463.75,0.09885453473085093,0.04929723783834894,True,True,True,True,True
ETON,2026-08-11,42.04999923706055,36.9034001159668,26.54606674830119,24.179900040626524,14.270000457763672,50.18000030517578,0.3946931930047688,0.04929723783834894,True,True,True,True,True
ETR,2026-08-11,106.56999969482422,111.47100051879883,107.1994266764323,103.70656219482422,84.80367527557343,118.44999694824219,-0.04865200063884778,0.04929723783834894,False,True,True,False,False
ETSY,2026-08-11,79.4800033569336,76.70020057678222,63.38893351236979,62.17470016479492,44.0,87.9739990234375,0.22333387507474378,0.04929723783834894,True,True,True,True,True
EU,2026-08-11,1.3799999952316284,1.3203999996185303,1.9324666611353556,2.121399999856949,1.0299999713897705,4.179999828338623,-0.17365267623077352,0.04929723783834894,False,False,False,False,False
EVC,2026-08-11,9.229999542236328,10.799066123962403,6.298707207043965,5.393444615602493,1.8773262735793594,13.739999771118164,0.04626011979983624,0.04929723783834894,False,True,True,False,False
EVCM,2026-08-11,9.920000076293945,10.334499988555908,10.99623331705729,10.871424980163575,7.659999847412109,14.40999984741211,-0.10063460412960878,0.04929723783834894,False,False,True,False,False
EVER,2026-08-11,25.09000015258789,23.02079990386963,19.821333255767822,21.14259996891022,13.880000114440918,28.729999542236328,0.21796114990158166,0.04929723783834894,True,False,True,True,False
EVGO,2026-08-11,1.600000023841858,1.8208999967575072,2.202766661643982,2.478499999046326,1.409999966621399,5.179999828338623,-0.19191918766215177,0.04929723783834894,False,False,False,False,False
EVH,2026-08-11,4.099999904632568,4.644799981117249,3.715133330027262,4.010249991416931,2.0950000286102295,10.079999923706055,-0.03981266441529541,0.04929723783834894,False,False,False,False,False
EVLV,2026-08-11,6.03000020980835,5.85680004119873,6.001166690190633,6.214975006580353,4.864999771118164,8.90999984741211,-0.1286126960510442,0.04929723783834894,False,False,True,False,False
EVR,2026-08-11,303.05999755859375,339.949599609375,332.9702960205078,330.0182052612305,265.18792617179804,386.7166589107005,-0.09404410220536574,0.04929723783834894,False,True,False,False,False
EVRG,2026-08-11,82.02999877929688,84.46719940185547,81.23230504353842,79.33575805664063,68.61544474461107,88.62000274658203,-0.008543146643611,0.04929723783834894,False,True,False,False,False
EVTC,2026-08-11,29.510000228881836,28.032150955200194,27.86808146158854,28.1506556224823,21.738794518553103,37.50330413166773,0.28403793254122545,0.04929723783834894,True,False,True,True,False
EW,2026-08-11,93.66000366210938,88.33460006713867,84.18766667683919,84.15209995269775,72.30000305175781,96.29000091552734,0.13170615326877977,0.04929723783834894,True,True,True,True,True
EWBC,2026-08-11,133.0399932861328,129.74980026245117,119.85193252563477,116.28244358062744,90.89709802276657,136.24000549316406,0.09111779671245879,0.04929723783834894,True,True,True,True,True
EWTX,2026-08-11,44.310001373291016,39.700500106811525,33.69296671549479,30.708250074386598,12.84000015258789,48.400001525878906,0.2821180443451916,0.04929723783834894,True,True,True,True,True
EXC,2026-08-11,44.869998931884766,46.144179611206056,46.007973988850914,45.59492671966553,41.463116945646235,50.178108900420135,0.03147288113298541,0.04929723783834894,False,True,False,False,False
EXE,2026-08-11,98.23999786376953,90.17699966430663,98.26256251017253,101.49685417175293,84.98500061035156,125.17631949297065,0.02206974689303487,0.04929723783834894,False,False,False,False,False
EXEL,2026-08-11,51.33000183105469,53.855800018310546,47.49706670125325,46.07084999084473,33.7599983215332,57.56999969482422,0.05400412786269726,0.04929723783834894,False,True,True,True,False
EXLS,2026-08-11,34.900001525878906,29.1914001083374,31.4689999516805,33.767599935531614,24.850000381469727,45.08000183105469,0.1560119545711134,0.04929723783834894,True,False,True,True,False
EXP,2026-08-11,214.30999755859375,215.73886688232423,210.7405787150065,212.19064331054688,171.79024061865636,245.52999877929688,-0.011521233225620153,0.04929723783834894,False,False,True,False,False
EXPD,2026-08-11,177.2100067138672,168.13233978271484,156.35385223388673,152.0300468826294,111.78191367555205,187.74000549316406,0.17775203737528078,0.04929723783834894,True,True,True,True,True
EXPE,2026-08-11,321.07000732421875,260.51459869384763,248.40142211914062,249.53830574035644,184.5469502463729,331.30999755859375,0.30443394779522626,0.04929723783834894,True,True,True,True,True
EXPO,2026-08-11,68.3499984741211,61.275140380859376,65.29524284362793,66.56415864944458,51.63945474868042,81.18284253950998,0.14208935028319347,0.04929723783834894,True,False,True,True,False
EXR,2026-08-11,146.5500030517578,146.51229522705077,141.17954330444337,138.3997137451172,121.45179784954341,158.8800048828125,0.029847595053112075,0.04929723783834894,True,True,True,False,False
EXTR,2026-08-11,23.899999618530273,30.000199966430664,21.54873331705729,20.575199995040894,13.479999542236328,33.72999954223633,-0.016865481547480354,0.04929723783834894,False,True,True,False,False
EYE,2026-08-11,22.059999465942383,19.11769998550415,23.27150000890096,24.14659999370575,14.75,30.020000457763672,-0.026907834508101303,0.04929723783834894,False,False,True,False,False
EYPT,2026-08-11,13.050000190734863,13.082799949645995,13.918533318837484,14.122549982070923,9.649999618530273,19.110000610351562,-0.0665235609408823,0.04929723783834894,False,False,True,False,False
F,2026-08-11,13.979999542236328,14.20795135498047,13.226249510447184,13.100900774002076,10.634195579517108,17.589500602896216,0.18751322972489226,0.04929723783834894,False,True,True,True,False
FA,2026-08-11,21.170000076293945,19.024899921417237,14.798999996185303,14.580050010681152,8.819999694824219,25.149999618530273,0.3198253658327763,0.04929723783834894,True,True,True,True,True
FAF,2026-08-11,71.69000244140625,69.73817031860352,66.04893475850423,64.98882629394531,55.738797470281405,79.87000274658203,0.033207488664908524,0.04929723783834894,True,True,True,False,False
FANG,2026-08-11,201.7100067138672,191.29580017089845,183.525148824056,174.37961120605468,131.86342569490836,213.33664019037406,0.03400161022219672,0.04929723783834894,True,True,True,False,False
FAST,2026-08-11,52.380001068115234,46.87501098632813,45.30432294209798,44.0888751411438,38.339778974534084,52.91999816894531,0.2163380676943618,0.04929723783834894,True,True,True,True,True
FBIN,2026-08-11,50.0,46.76980010986328,46.58266098022461,47.26869005203247,32.10842873382625,64.06632468313276,0.2612223210331954,0.04929723783834894,True,False,True,True,False
FBIZ,2026-08-11,71.37999725341797,63.4573998260498,58.22916816711426,56.71592138290405,45.264892750952136,73.4800033569336,0.26605171871459454,0.04929723783834894,True,True,True,True,True
FBK,2026-08-11,61.400001525878906,56.29953674316406,55.29058069864909,55.21941377639771,46.789241324419905,62.21914020450148,0.13942235608278608,0.04929723783834894,True,True,True,True,True
FBNC,2026-08-11,65.20999908447266,62.57177688598633,59.06279754638672,56.8714337348938,45.38676850682874,66.54000091552734,0.11946744123346198,0.04929723783834894,True,True,True,True,True
FBP,2026-08-11,29.040000915527344,26.77520004272461,23.652992719014485,22.74699564933777,18.831309276077345,29.420000076293945,0.23396549654646948,0.04929723783834894,True,True,True,True,True
FBRT,2026-08-11,7.949999809265137,8.012267408370972,8.620498870213826,8.85121523141861,7.420000076293945,10.55041170649749,-0.10928961281535476,0.04929723783834894,False,False,False,False,False
FBRX,2026-08-11,76.87000274658203,39.621900177001955,31.882933438618977,28.66347507953644,9.90999984741211,77.19999694824219,1.9565385671762319,0.04929723783834894,True,True,True,True,True
FC,2026-08-11,20.780000686645508,22.590400047302246,19.91986670811971,19.035950002670287,11.15999984741211,26.809999465942383,-0.07438752871005638,0.04929723783834894,False,True,True,False,False
FCBC,2026-08-11,48.560001373291016,44.69424934387207,40.98389012654622,38.62886426925659,29.6247662856357,49.14361096806387,0.1407060870004695,0.04929723783834894,True,True,True,True,True
FCEL,2026-08-11,19.200000762939453,21.706199913024903,13.98399998664856,12.421699986457824,3.7799999713897705,37.880001068115234,0.2045170180912741,0.04929723783834894,False,True,False,True,False
FCF,2026-08-11,21.540000915527344,20.29255641937256,18.597833671569823,17.956246876716612,14.55718452641835,22.19419085983715,0.182843002992938,0.04929723783834894,True,True,True,True,True
FCFS,2026-08-11,208.3699951171875,215.83500030517578,200.61746164957682,189.8352837371826,134.7213378975782,235.53442563399565,-0.07785434111702527,0.04929723783834894,False,True,True,False,False
FCN,2026-08-11,152.8300018310547,155.40799926757813,165.543732808431,165.7605995941162,137.64999389648438,189.3000030517578,-0.05068639905385841,0.04929723783834894,False,False,False,False,False
FCNCA,2026-08-11,2253.1298828125,2107.751535644531,2029.9746435546874,2000.4710699462892,1618.5599878333876,2289.989990234375,0.132653854586819,0.04929723783834894,True,True,True,True,True
FCPT,2026-08-11,24.530000686645508,24.91628952026367,24.42250736236572,23.945908403396608,21.676603197407378,26.731694494568345,-0.005184251681994656,0.04929723783834894,False,True,False,False,False
FCX,2026-08-11,68.87000274658203,64.15174499511718,62.37713516235352,57.80726161956787,34.776152565400324,72.10498882183789,0.07250522652885771,0.04929723783834894,True,True,True,True,True
FDBC,2026-08-11,54.29999923706055,51.019399642944336,46.55642079671224,45.84177755355835,38.749011726506474,55.5,0.2179649939065038,0.04929723783834894,True,True,True,True,True
FDMT,2026-08-11,11.470000267028809,10.715800094604493,9.631800028483072,9.7762500333786,5.460000038146973,14.0,0.0630213445393748,0.04929723783834894,True,True,True,True,True
FDS,2026-08-11,282.95001220703125,251.49499938964843,235.55194956461588,245.79662651062011,183.15660522687796,381.2448283909827,0.2971878588208563,0.04929723783834894,True,False,True,True,False
FDX,2026-08-11,322.42999267578125,319.3978509521484,299.41704243977864,278.43733940124514,173.88887971220166,344.07829884008066,0.06090592533222261,0.04929723783834894,True,True,True,True,True
FDXF,2026-08-11,139.50999450683594,154.16600006103516,,,,,,0.04929723783834894,False,False,False,False,False
FE,2026-08-11,46.84000015258789,47.153902282714846,47.238511123657226,46.49298469543457,41.07959095767771,51.297142218912505,0.04725169060337708,0.04929723783834894,False,True,False,False,False
FELE,2026-08-11,107.80999755859375,103.90250961303711,99.92791305541992,98.63676372528076,88.84541200642242,115.52531727862572,0.07333656960165724,0.04929723783834894,True,True,True,True,True
FERG,2026-08-11,251.50999450683594,234.23820037841796,240.3541596476237,239.59200759887696,204.49615096910182,269.5938192637934,0.024129133915018697,0.04929723783834894,True,True,True,False,False
FET,2026-08-11,83.06999969482422,54.77799995422363,53.986999918619794,48.522949924468996,21.950000762939453,83.18000030517578,0.4820695954603673,0.04929723783834894,True,True,True,True,True
FFBC,2026-08-11,34.0,33.26740005493164,30.037460098266603,28.630511684417726,22.441090701258723,36.25,0.1384455623671208,0.04929723783834894,True,True,True,True,True
FFIN,2026-08-11,34.79999923706055,34.19899791717529,32.30384590148926,31.85404948234558,27.934224653630988,37.201596218467486,0.11281569318791251,0.04929723783834894,True,True,True,True,True
FFIV,2026-08-11,414.0,402.98700134277345,332.5732669067383,312.9083502197266,223.75999450683594,435.0,0.21400508280293873,0.04929723783834894,True,True,True,True,True
FG,2026-08-11,26.809999465942383,28.393271827697752,26.921164118448893,27.896573371887207,20.16038293046741,34.66813512445448,-0.08225867551386334,0.04929723783834894,False,False,True,False,False
FHB,2026-08-11,27.469999313354492,28.46279998779297,26.71607791900635,26.17991773605347,21.96061260188989,30.579999923706055,0.0367385854630331,0.04929723783834894,False,True,True,False,False
FHN,2026-08-11,25.43000030517578,25.242288246154786,24.26086856842041,23.714835033416747,19.39234206127521,26.43000030517578,0.06506564112584434,0.04929723783834894,True,True,True,True,True
FIBK,2026-08-11,38.02000045776367,37.13466941833496,35.315639406840006,34.413074808120726,27.475071868523013,40.10526330591797,0.07150889581006226,0.04929723783834894,True,True,True,True,True
FICO,2026-08-11,1038.22998046875,1189.1999926757812,1230.8700626627603,1356.0826458740235,870.010009765625,1998.010009765625,-0.049239944625686816,0.04929723783834894,False,False,False,False,False
FIG,2026-08-11,24.8700008392334,21.90000015258789,23.469800084431967,27.731000080108643,16.600000381469727,91.0,0.2403990915502645,0.04929723783834894,False,False,False,True,False
FIGR,2026-08-11,27.84000015258789,29.258299827575684,36.404133338928226,37.20437504768372,24.110000610351562,78.0,-0.2856043294708016,0.04929723783834894,False,False,False,False,False
FIGS,2026-08-11,14.270000457763672,11.169800033569336,12.573733336130777,11.903499999046325,6.289999961853027,17.479999542236328,-0.015862037395608874,0.04929723783834894,True,True,True,False,False
FIP,2026-08-11,4.369999885559082,4.372499985694885,5.052585886319478,4.981258167028427,3.055000066757202,6.60837959949763,-0.14259261736784923,0.04929723783834894,False,False,True,False,False
FIS,2026-08-11,42.7599983215332,41.21851371765137,46.88179794311523,51.166061553955075,37.41999816894531,70.62441047849426,-0.08469202595298198,0.04929723783834894,False,False,False,False,False
FISI,2026-08-11,41.63999938964844,38.79845932006836,34.63096295674642,33.304193572998045,23.921061523469547,42.970001220703125,0.1879439481894798,0.04929723783834894,True,True,True,True,True
FISV,2026-08-11,52.720001220703125,51.861200180053714,57.46733337402344,60.910299968719485,47.040000915527344,140.4199981689453,-0.030704140240588984,0.04929723783834894,False,False,False,False,False
FITB,2026-08-11,57.599998474121094,55.464149932861325,50.97889877319336,49.11350755691528,39.08015404471988,59.5,0.19236698463658675,0.04929723783834894,True,True,True,True,True
FIVE,2026-08-11,234.24000549316406,201.4713998413086,210.7751326497396,199.2929493713379,131.52000427246094,251.6300048828125,0.00025626791040989083,0.04929723783834894,True,True,True,False,False
FIVN,2026-08-11,32.630001068115234,24.42670021057129,20.102000109354655,20.274375095367432,13.289999961853027,34.58000183105469,0.5240542410400493,0.04929723783834894,True,True,True,True,True
FIX,2026-08-11,1688.050048828125,1803.702197265625,1576.4818631998698,1419.3329232788085,654.9585185966841,2073.1775510595326,-0.1304355535969901,0.04929723783834894,False,True,True,False,False
FIZZ,2026-08-11,30.829999923706055,31.485477371215822,31.32391658782959,31.122059564590455,27.79501755310896,42.474403895323604,-0.02438094136700386,0.04929723783834894,False,False,False,False,False
FLEX,2026-08-11,122.41000366210938,136.5270004272461,99.51033340454102,90.24350009918213,47.83000183105469,166.86000061035156,-0.15620047231035328,0.04929723783834894,False,True,True,False,False
FLG,2026-08-11,14.1899995803833,14.523611221313477,13.778487504323323,13.32610855102539,10.545946502153857,15.4399995803833,-0.012513010327892427,0.04929723783834894,False,True,True,False,False
FLGT,2026-08-11,19.0,19.323599891662596,19.457866687774658,21.283250002861024,13.460000038146973,31.040000915527344,0.27345843852833984,0.04929723783834894,False,False,True,True,False
FLNC,2026-08-11,13.109999656677246,18.272699909210203,18.386533330281576,18.766449990272523,6.6020002365112305,33.5099983215332,-0.4803805035854073,0.04929723783834894,False,False,False,False,False
FLNG,2026-08-11,29.149999618530273,30.292000045776366,28.951885108947753,27.7015936088562,22.124900429176748,32.58536836977535,-0.08655611340287339,0.04929723783834894,False,True,True,False,False
FLO,2026-08-11,7.159999847412109,7.769056339263916,8.594182300567628,9.095628476142883,6.6910256092879505,15.498107372808882,-0.11476736981299152,0.04929723783834894,False,False,False,False,False
FLOC,2026-08-11,23.260000228881836,21.667199935913086,22.28813055674235,20.946874866485597,13.863070224124385,28.260000228881836,-0.03760364555510742,0.04929723783834894,True,True,True,False,False
FLR,2026-08-11,52.95000076293945,50.8271997833252,48.402666600545246,47.229199962615965,39.33000183105469,57.93000030517578,0.21194786970237067,0.04929723783834894,True,True,True,True,True
FLS,2026-08-11,80.86000061035156,74.51274063110351,76.48936564127604,74.09353477478027,48.27787672916702,91.86072193611416,0.10517749711517776,0.04929723783834894,True,True,True,True,True
FLUT,2026-08-11,99.0199966430664,103.86220001220703,120.8159331258138,145.3535996246338,89.70999908447266,309.4100036621094,-0.000908121952687746,0.04929723783834894,False,False,False,False,False
FLWS,2026-08-11,4.039999961853027,3.9938000011444093,3.866666669845581,3.835800006389618,2.890000104904175,7.099999904632568,-0.0755148586608797,0.04929723783834894,True,False,False,False,False
FLY,2026-08-11,26.360000610351562,27.090499992370606,29.427733319600424,27.456749982833863,16.0,62.16999816894531,-0.3106694703626267,0.04929723783834894,False,False,False,False,False
FLYW,2026-08-11,17.469999313354492,16.681500015258788,14.418233337402343,14.287675008773803,10.550000190734863,18.979999542236328,0.06136089216642837,0.04929723783834894,True,True,True,True,True
FMAO,2026-08-11,35.060001373291016,30.503452529907225,27.603497149149575,26.810448741912843,22.197390747929077,35.939998626708984,0.2989492040997852,0.04929723783834894,True,True,True,True,True
FMBH,2026-08-11,51.63999938964844,48.03160003662109,43.82838116963705,42.341708431243894,33.53551950825864,53.36000061035156,0.1922422919954876,0.04929723783834894,True,True,True,True,True
FMC,2026-08-11,10.40999984741211,11.326409950256348,13.708139362335205,14.183004760742188,9.949999809265137,39.43825667782852,-0.233722974349456,0.04929723783834894,False,False,False,False,False
FMNB,2026-08-11,16.059999465942383,14.75249589920044,13.76117691040039,13.604144248962402,11.97848857413325,16.15999984741211,0.16235543574705447,0.04929723783834894,True,True,True,True,True
FN,2026-08-11,525.8800048828125,538.8222009277343,561.7443349202474,534.3070512390136,272.489990234375,748.8900146484375,-0.19036844924308627,0.04929723783834894,False,True,True,False,False
FNB,2026-08-11,19.110000610351562,18.694799995422365,17.712016061147054,17.351503410339355,14.148316720740903,19.59000015258789,0.09704774777221159,0.04929723783834894,True,True,True,True,True
FND,2026-08-11,60.5,55.01980026245117,57.681733271280926,59.033299922943115,42.63999938964844,92.40499877929688,0.17430123180216528,0.04929723783834894,True,False,True,True,False
FNF,2026-08-11,47.56999969482422,48.701844177246095,49.63540868123373,50.6439758682251,42.31712891081049,57.15064899572794,-0.06238397460430123,0.04929723783834894,False,False,False,False,False
FNKO,2026-08-11,5.929999828338623,5.608900032043457,4.644133343696594,4.269900006055832,2.5850000381469727,7.039999961853027,0.3295963626947416,0.04929723783834894,True,True,True,True,True
FNLC,2026-08-11,35.41999816894531,32.778922691345215,29.327287890116374,28.24917573928833,23.19774627685547,36.29999923706055,0.22962418629671055,0.04929723783834894,True,True,True,True,True
FOR,2026-08-11,29.079999923706055,29.326000022888184,27.545066680908203,27.006749992370604,22.809999465942383,32.060001373291016,0.07227135043584543,0.04929723783834894,False,True,True,True,False
FORM,2026-08-11,121.06999969482422,122.09840026855468,110.33339958190918,96.12684967041015,27.0,160.27000427246094,-0.18124025365067598,0.04929723783834894,False,True,True,False,False
FOUR,2026-08-11,41.040000915527344,45.88960014343262,49.37000007629395,54.305350131988526,34.560001373291016,92.79000091552734,-0.04291045025080653,0.04929723783834894,False,False,False,False,False
FOX,2026-08-11,55.34000015258789,52.34030006408691,55.686405436197916,56.5702360534668,44.08000183105469,67.81057137405583,-0.01565281125947704,0.04929723783834894,False,False,True,False,False
FOXA,2026-08-11,62.13999938964844,57.82400001525879,61.498490498860676,62.94938217163086,48.34000015258789,76.01710575941345,-0.08239813541746932,0.04929723783834894,False,False,True,False,False
FOXF,2026-08-11,21.540000915527344,18.241100044250487,17.856866696675617,17.8728249835968,13.079999923706055,30.7450008392334,0.18481851231845048,0.04929723783834894,True,False,True,True,False
FPI,2026-08-11,9.739999771118164,9.756290855407714,10.679822940826416,10.385797734260558,8.963102316456338,12.997037113515272,-0.0707554362799101,0.04929723783834894,False,False,False,False,False
FPS,2026-08-11,37.720001220703125,47.79139999389648,,,25.950000762939453,66.0,-0.12319849327440147,0.04929723783834894,False,False,False,False,False
FR,2026-08-11,62.97999954223633,63.48096260070801,60.83443461100261,59.46636358261108,45.839754737315154,69.87999725341797,0.01536907079975558,0.04929723783834894,False,True,True,False,False
FRBA,2026-08-11,18.760000228881836,17.175918846130372,16.390971965789795,16.247871823310852,14.257276316271932,18.99856287021786,0.25072274268681816,0.04929723783834894,True,True,True,True,True
FRHC,2026-08-11,151.0,148.03459930419922,139.79533315022786,139.69285037994385,107.9749984741211,182.0,0.0700871614121652,0.04929723783834894,True,False,True,True,False
FRME,2026-08-11,42.77000045776367,42.215380630493165,40.0495836130778,39.05954202651978,33.693788742272055,45.33000183105469,0.06038598889497648,0.04929723783834894,True,True,True,True,True
FRMI,2026-08-11,7.119999885559082,7.062000007629394,7.346366691589355,9.645750033855439,4.46999979019165,36.9900016784668,0.3258845507066159,0.04929723783834894,False,False,False,True,False
FROG,2026-08-11,86.0999984741211,84.64449996948242,62.36856679280599,61.58212511062622,34.04999923706055,99.22000122070312,0.6000742664328838,0.04929723783834894,True,True,True,True,True
FRPH,2026-08-11,22.1200008392334,23.642399978637695,23.04226660410563,23.14694993019104,20.530000686645508,26.989999771118164,0.0483412530484808,0.04929723783834894,False,False,False,False,False
FRPT,2026-08-11,71.75,56.37180015563965,62.939033355712894,61.691774940490724,46.45000076293945,86.0,0.3063268274310109,0.04929723783834894,True,False,True,True,False
FRSH,2026-08-11,11.970000267028809,10.280300025939942,9.401233332951863,10.047350018024444,6.789999961853027,14.0600004196167,0.32558146411929645,0.04929723783834894,True,False,True,True,False
FRST,2026-08-11,16.329999923706055,15.56468204498291,14.194145100911458,13.463439745903015,9.2721389285867,16.667052798214453,0.12316767170680065,0.04929723783834894,True,True,True,True,True
FRT,2026-08-11,116.73999786376953,122.26021255493164,111.73781494140626,107.68761192321777,87.26736363763659,128.2100067138672,0.02078100761709223,0.04929723783834894,False,True,True,False,False
FSBC,2026-08-11,46.91999816894531,46.35289993286133,41.495888036092126,39.85987934112549,28.94685698204355,50.2599983215332,0.13773026816932177,0.04929723783834894,True,True,True,True,True
FSBW,2026-08-11,43.400001525878906,42.30477287292481,40.795186284383135,40.48853328704834,36.15903947064754,45.542707114418214,0.06360362881976411,0.04929723783834894,True,True,True,True,True
FSLR,2026-08-11,240.91000366210938,240.95520233154298,226.05746805826823,234.5802513885498,176.47000122070312,320.95001220703125,0.03275174368636291,0.04929723783834894,False,False,True,False,False
FSLY,2026-08-11,28.780000686645508,20.04589984893799,19.64569995244344,17.32197496175766,6.695000171661377,34.81999969482422,0.46986725223633696,0.04929723783834894,True,True,True,True,True
FSS,2026-08-11,128.72000122070312,118.46880004882813,115.18550684611003,114.68491641998291,101.19000244140625,134.50999450683594,0.03424810619226415,0.04929723783834894,True,False,True,False,False
FSUN,2026-08-11,40.61000061035156,37.01810020446777,37.31866686503093,36.86995014190674,29.950000762939453,42.34000015258789,0.10563575051651086,0.04929723783834894,True,False,True,True,False
FTAI,2026-08-11,225.60000610351562,235.84979888916016,250.6895273844401,230.44006935119629,136.09716212424019,322.4184164668962,-0.17082999878301763,0.04929723783834894,False,True,True,False,False
FTDR,2026-08-11,83.58000183105469,73.33879974365234,64.7513333384196,62.65409992218017,48.470001220703125,93.43000030517578,0.3104421986628343,0.04929723783834894,True,True,True,True,True
FTI,2026-08-11,75.31999969482422,69.52400009155274,66.32508084615071,60.60185380935669,34.17976087139018,77.91999816894531,0.01935751731463964,0.04929723783834894,True,True,True,False,False
FTNT,2026-08-11,161.88999938964844,154.04199951171876,110.36619990030924,103.31374992370606,73.55000305175781,172.08999633789062,0.4023734924279714,0.04929723783834894,True,True,True,True,True
FTRE,2026-08-11,19.520000457763672,17.47040002822876,14.123000030517579,13.863400025367737,6.888999938964844,21.389999389648438,0.25369305333079173,0.04929723783834894,True,True,True,True,True
FTV,2026-08-11,61.68000030517578,61.110493927001954,58.682123845418296,57.187655982971194,46.33492358010577,64.55999755859375,0.023722389039835923,0.04929723783834894,True,True,True,False,False
FUBO,2026-08-11,9.699999809265137,9.517399997711182,13.876999975840251,19.849349989891053,7.949999809265137,56.63999938964844,-0.02512562862234502,0.04929723783834894,False,False,False,False,False
FUL,2026-08-11,62.029998779296875,59.59247566223144,60.251035105387366,59.69845090866089,48.29742362290491,68.04869872554568,0.022210817380559522,0.04929723783834894,True,False,True,False,False
FULC,2026-08-11,3.690000057220459,3.881600008010864,7.001266657511393,7.848899981975555,2.8299999237060547,15.739999771118164,-0.48101265992571396,0.04929723783834894,False,False,False,False,False
FULT,2026-08-11,24.270000457763672,23.69267780303955,21.682163149515787,20.792409114837646,16.1584090178474,25.229999542236328,0.15934300370449428,0.04929723783834894,True,True,True,True,True
FUN,2026-08-11,15.90999984741211,20.07979995727539,18.57159996032715,18.19899995803833,12.510000228881836,27.3700008392334,-0.3009666218182747,0.04929723783834894,False,False,False,False,False
FWONA,2026-08-11,93.44000244140625,87.48199996948242,82.92319981892904,84.26909980773925,73.69999694824219,99.5199966430664,0.09838959417665638,0.04929723783834894,True,False,True,True,False
FWONK,2026-08-11,102.37999725341797,94.68369995117187,90.34466669718425,91.91292499542236,80.1500015258789,109.36299896240234,0.15474839865331647,0.04929723783834894,True,False,True,True,False
FWRD,2026-08-11,18.600000381469727,13.80340000152588,18.558533325195313,19.609649982452392,7.860000133514404,32.0,0.7782027068486306,0.04929723783834894,False,False,False,True,False
FWRG,2026-08-11,11.779999732971191,12.091100006103515,12.940333309173583,13.913999996185304,9.970000267028809,19.530000686645508,0.008561594621799617,0.04929723783834894,False,False,False,False,False
G,2026-08-11,33.959999084472656,31.405462341308592,35.68507331848144,37.7295037651062,26.850000381469727,48.12237717481642,0.09127141975080888,0.04929723783834894,False,False,True,True,False
GABC,2026-08-11,50.33000183105469,47.11812866210938,43.4555394744873,42.29149362564087,36.177350081948326,51.90938073114775,0.1790655381560451,0.04929723783834894,True,True,True,True,True
GAP,2026-08-11,20.959999084472656,20.367508392333985,23.5962814839681,23.836248865127562,17.943810284442588,28.88471314241845,-0.11489015257870527,0.04929723783834894,False,False,False,False,False
GATX,2026-08-11,177.55999755859375,176.49726165771483,179.85332682291667,175.08880691528321,148.7735188875261,204.78282438482958,-0.10682112262675636,0.04929723783834894,False,True,False,False,False
GBCI,2026-08-11,49.11000061035156,49.657463455200194,47.885686264038085,46.45101959228516,39.064688874517785,54.58000183105469,-0.0066250501263488415,0.04929723783834894,False,True,True,False,False
GBTG,2026-08-11,9.4399995803833,9.395599975585938,7.55833332379659,7.598549997806549,4.954999923706055,9.539999961853027,0.0010603684924623824,0.04929723783834894,True,True,True,False,False
GBX,2026-08-11,46.130001068115234,48.30104240417481,50.030611724853514,48.4365842628479,37.183203522637044,58.37441578099916,-0.07747289566651072,0.04929723783834894,False,True,True,False,False
GCMG,2026-08-11,13.979999542236328,12.29711929321289,11.264898789723715,11.21025486946106,9.1953091554117,14.866000175476074,0.2534721233534012,0.04929723783834894,True,True,True,True,True
GCO,2026-08-11,36.81999969482422,36.828799667358396,32.64953320821126,31.672799882888793,21.93000030517578,43.599998474121094,0.06293303532295202,0.04929723783834894,False,True,True,True,False
GCT,2026-08-11,51.52000045776367,36.956000061035155,40.0227333577474,38.66977500915527,25.149999618530273,56.27000045776367,0.20261438548691135,0.04929723783834894,True,True,True,True,True
GD,2026-08-11,391.8900146484375,365.3657891845703,352.3679949951172,348.69922653198245,305.42578602709887,400.0,0.14412918715961776,0.04929723783834894,True,True,True,True,True
GDDY,2026-08-11,90.73999786376953,86.9843994140625,89.95746627807617,99.58939987182617,71.58999633789062,150.47000122070312,0.011030616866512855,0.04929723783834894,False,False,True,False,False
GDOT,2026-08-11,13.40999984741211,13.147599964141845,12.378266677856445,12.37405002117157,10.100000381469727,15.40999984741211,0.06767511141702265,0.04929723783834894,True,False,True,True,False
GDYN,2026-08-11,7.769999980926514,6.328799982070922,6.697266648610433,7.23654999256134,5.110000133514404,10.210000038146973,0.11158801650197714,0.04929723783834894,True,False,True,True,False
GE,2026-08-11,368.05999755859375,353.4811486816406,322.18787740071616,316.96673583984375,262.4670612999594,388.8399963378906,0.22525121246696123,0.04929723783834894,True,True,True,True,True
GEF,2026-08-11,87.52999877929688,74.7323942565918,70.36682685852051,68.37378025054932,54.363189579631786,90.56999969482422,0.3256892289076103,0.04929723783834894,True,True,True,True,True
GEF-B,2026-08-11,111.5,91.54874786376953,85.86317932128907,80.78906641006469,55.81417924335084,113.88999938964844,0.3232542439668886,0.04929723783834894,True,True,True,True,True
GEHC,2026-08-11,72.75,65.05664405822753,70.83147717793783,72.90371507644653,58.71682661118933,89.64007250570386,0.17975853242827533,0.04929723783834894,False,False,True,True,False
GEN,2026-08-11,29.010000228881836,26.085800170898438,23.41976146697998,24.193143434524536,17.685224575053827,31.602873740291344,0.44455002635590435,0.04929723783834894,True,False,True,True,False
GENI,2026-08-11,7.78000020980835,6.622000007629395,6.21646666208903,7.314649977684021,3.825000047683716,13.729999542236328,0.7641724442176194,0.04929723783834894,True,False,False,True,False
GEO,2026-08-11,31.75,29.3353999710083,21.504266681671144,20.165800013542174,12.510000228881836,32.619998931884766,0.4829519022083373,0.04929723783834894,True,True,True,True,True
GERN,2026-08-11,1.6299999952316284,1.3472000002861022,1.460866663455963,1.4059999996423722,1.0399999618530273,2.009999990463257,0.17266187914150444,0.04929723783834894,True,True,True,True,True
GEV,2026-08-11,1011.8800048828125,1021.9685485839843,929.6686901855469,849.9479656982422,529.1793363286614,1195.93994140625,-0.0565502740553292,0.04929723783834894,False,True,True,False,False
GEVO,2026-08-11,1.6299999952316284,1.539400005340576,1.8414666652679443,1.9193499994277954,1.3700000047683716,2.9700000286102295,-0.07386363405457208,0.04929723783834894,False,False,False,False,False
GFF,2026-08-11,106.75,92.46080047607421,85.86973058064778,82.77072299957275,64.49201995254825,108.56999969482422,0.24164466136054608,0.04929723783834894,True,True,True,True,True
GFL,2026-08-11,41.31999969482422,37.923912048339844,40.22984087626139,41.26974969863892,33.31574710475295,51.467650855624115,0.13596264003171354,0.04929723783834894,True,False,True,True,False
GFS,2026-08-11,50.81999969482422,67.97367889404296,57.48420463562012,52.0509481048584,31.544542878870402,92.41682037959355,-0.32133302835624655,0.04929723783834894,False,True,False,False,False
GGG,2026-08-11,83.52999877929688,76.34307403564453,82.23325454711915,81.99161251068115,72.22323224173809,94.99062538127525,0.04357472184781108,0.04929723783834894,True,False,False,False,False
GH,2026-08-11,165.08999633789062,146.17320022583007,113.89346669514974,109.3861999130249,53.400001525878906,174.0800018310547,0.7895934562372968,0.04929723783834894,True,True,True,True,True
GHC,2026-08-11,1173.8299560546875,1159.1990478515625,1122.5363191731772,1109.1288775634766,923.500612495576,1262.3499755859375,0.04726574326782118,0.04929723783834894,True,True,True,False,False
GHM,2026-08-11,108.76000213623047,107.205400390625,92.42846684773762,84.64045013427734,46.58000183105469,125.81999969482422,0.10618391450173936,0.04929723783834894,True,True,True,True,True
GIC,2026-08-11,39.349998474121094,33.708799781799314,31.957519772847494,31.146467237472535,25.873093999794726,40.709999084472656,0.3355887992938915,0.04929723783834894,True,False,True,True,False
GIII,2026-08-11,34.11000061035156,34.408461837768556,31.110869331359865,30.522837057113648,24.41878278475505,37.540000915527344,0.07068498891654551,0.04929723783834894,False,True,True,True,False
GILD,2026-08-11,135.77000427246094,129.51962692260742,134.45260854085288,131.00564224243163,106.44034949748199,155.3805941192722,0.023534279647827283,0.04929723783834894,True,True,True,False,False
GIS,2026-08-11,37.93000030517578,35.31375598907471,37.57652126312256,39.35343970298767,31.20976338570723,48.32340977922536,0.14161435814745915,0.04929723783834894,False,False,True,True,False
GKOS,2026-08-11,182.0,142.91460006713868,126.4209999593099,119.27684989929199,73.16000366210938,184.0,0.3454571911849391,0.04929723783834894,True,True,True,True,True
GL,2026-08-11,181.0399932861328,174.52924072265625,154.82290415445962,149.72428283691406,127.06802138635446,191.5500030517578,0.17880933732991555,0.04929723783834894,True,True,True,True,True
GLIBA,2026-08-11,25.0,22.330800018310548,31.0965665435791,31.985024948120117,19.610000610351562,41.869998931884766,-0.1292232393862789,0.04929723783834894,False,False,False,False,False
GLIBK,2026-08-11,24.93000030517578,22.066800079345704,31.186433436075845,32.049125061035156,19.299999237060547,41.17499923706055,-0.2438580715149844,0.04929723783834894,False,False,True,False,False
GLNG,2026-08-11,50.84000015258789,50.15938995361328,48.47086837768555,45.747817554473876,34.65899174478129,57.499597761407315,-0.06518902190234022,0.04929723783834894,True,True,True,False,False
GLOB,2026-08-11,38.97999954223633,34.50099994659424,45.07013337453206,49.81335001945496,27.559999465942383,79.66999816894531,-0.048572165466795325,0.04929723783834894,False,False,False,False,False
GLPI,2026-08-11,42.63999938964844,45.02167984008789,45.308532002766924,44.50454196929932,39.81211248066968,48.302528349920834,-0.09693717165183746,0.04929723783834894,False,True,False,False,False
GLRE,2026-08-11,15.420000076293945,16.20060001373291,15.98633331298828,15.307349996566773,11.569999694824219,19.389999389648438,-0.1356502273315786,0.04929723783834894,False,True,True,False,False
GLUE,2026-08-11,15.760000228881836,20.14270004272461,19.37989999771118,18.214725017547607,4.230000019073486,25.770000457763672,-0.20444216790734193,0.04929723783834894,False,True,True,False,False
GLW,2026-08-11,159.19000244140625,178.18679946899414,154.62211639404296,137.52565189361573,62.68477078910194,271.7799987792969,-0.23123591451944447,0.04929723783834894,False,True,False,False,False
GLXY,2026-08-11,20.1299991607666,26.032300071716307,25.229066683451336,25.932150030136107,16.43000030517578,45.91999816894531,-0.36458336594530194,0.04929723783834894,False,False,False,False,False
GM,2026-08-11,89.3499984741211,81.55475357055664,79.42522481282552,78.13204307556153,53.460888233792815,91.8499984741211,0.18931700061723977,0.04929723783834894,True,True,True,True,True
GME,2026-08-11,18.81999969482422,21.451200103759767,22.744066747029624,22.51395007133484,18.549999237060547,28.100000381469727,-0.18774278667009447,0.04929723783834894,False,False,False,False,False
GMED,2026-08-11,85.1500015258789,79.90400009155273,85.9821332804362,84.5113998222351,54.150001525878906,101.4000015258789,-0.045617570490234294,0.04929723783834894,False,False,True,False,False
GNE,2026-08-11,14.579999923706055,14.172999954223632,14.047920481363933,14.1262557554245,12.621330909057054,16.284134526395064,0.026563460415810924,0.04929723783834894,True,False,False,False,False
GNK,2026-08-11,24.719999313354492,24.73240005493164,22.99485191345215,21.557232236862184,14.855324603602607,26.86276903001109,-0.043982390048635134,0.04929723783834894,False,True,True,False,False
GNL,2026-08-11,9.0600004196167,8.978604850769043,9.05780558904012,8.695068204402924,6.773635151236916,9.631543460183414,0.014676772742007183,0.04929723783834894,True,True,True,False,False
GNRC,2026-08-11,215.86000061035156,244.5430014038086,221.06600056966147,205.0514002227783,134.8000030517578,296.44000244140625,-0.19077787962379922,0.04929723783834894,False,True,True,False,False
GNTX,2026-08-11,23.93000030517578,24.420554847717284,23.348256759643554,23.28987020492554,20.263287598545826,28.796267798293126,0.021233583088800856,0.04929723783834894,False,False,False,False,False
GNW,2026-08-11,9.789999961853027,9.334200019836425,8.872200015385946,8.828000013828278,7.840000152587891,10.199999809265137,0.06761176449298945,0.04929723783834894,True,True,True,True,True
GO,2026-08-11,9.829999923706055,9.44089994430542,8.687399975458781,9.470649979114533,5.65500020980835,19.229999542236328,0.23492460761274114,0.04929723783834894,True,False,False,True,False
GOGO,2026-08-11,2.890000104904175,3.6799999952316282,4.204066662788391,4.848999997377396,2.859999895095825,13.130000114440918,-0.34318180857611114,0.04929723783834894,False,False,False,False,False
GOLD,2026-08-11,43.439998626708984,41.334399948120115,44.954909261067705,40.95645713806152,21.644200545603184,66.13757836786306,0.006455969863066624,0.04929723783834894,False,True,True,False,False
GOLF,2026-08-11,90.37000274658203,103.2155453491211,97.00712483723959,92.9524443435669,72.48593155414248,119.6500015258789,0.05444686343066141,0.04929723783834894,False,True,True,True,False
GOOD,2026-08-11,12.779999732971191,12.487142181396484,11.907554289499918,11.480865116119384,9.745721768616498,13.156244167178484,0.04505826943391944,0.04929723783834894,True,True,True,False,False
GOOG,2026-08-11,343.0,353.4198852539063,338.8567549641927,328.9910311889648,196.89775754210487,404.2267181336527,-0.1126342722628102,0.04929723783834894,False,True,True,False,False
GOOGL,2026-08-11,343.79998779296875,355.1006561279297,340.21058471679686,329.828740234375,196.04074228977996,408.36608091552193,-0.11484838089676774,0.04929723783834894,False,True,True,False,False
GPC,2026-08-11,135.08999633789062,117.47637619018555,115.12994374593099,117.4554711151123,89.80160515233308,148.57548027485265,0.3464978957115832,0.04929723783834894,True,False,True,True,False
GPGI,2026-08-11,14.170000076293945,14.174000053405761,17.328802947998046,17.9691143989563,11.220000267028809,26.77010572428062,0.06407767240595863,0.04929723783834894,False,False,False,True,False
GPI,2026-08-11,266.260009765625,308.32911682128906,331.86738342285156,349.680544128418,261.1300048828125,486.1108883541255,-0.22457269015562475,0.04929723783834894,False,False,False,False,False
GPK,2026-08-11,11.960000038146973,10.869014339447022,11.138794771830241,12.210970478057861,8.699635099931792,22.685278511212083,0.18240998397364283,0.04929723783834894,False,False,False,True,False
GPN,2026-08-11,85.86000061035156,75.60756889343261,72.89873779296875,74.11574348449707,60.92635071245764,90.8499984741211,0.25329763675351935,0.04929723783834894,True,False,True,True,False
GPOR,2026-08-11,171.25999450683594,162.06660034179689,184.3948666381836,189.12495025634766,149.17999267578125,225.77999877929688,-0.05087568061606129,0.04929723783834894,False,False,False,False,False
GPRE,2026-08-11,15.5600004196167,15.841999988555909,15.01539997736613,13.772699980735778,7.53000020980835,19.649999618530273,-0.08308774017617071,0.04929723783834894,False,True,True,False,False
GRAL,2026-08-11,75.4800033569336,67.06240013122559,68.22000002543132,73.92552503585816,29.950000762939453,118.83999633789062,0.23212545584419297,0.04929723783834894,True,False,True,True,False
GRBK,2026-08-11,71.61000061035156,73.01060028076172,70.39119992574057,68.99664995193481,60.439998626708984,83.18000030517578,0.09730306874439654,0.04929723783834894,False,True,False,True,False
GRC,2026-08-11,82.79000091552734,82.02420013427735,69.78203549702963,63.9238987159729,40.631490293963004,92.77999877929688,0.06762673322257085,0.04929723783834894,True,True,True,True,True
GRDN,2026-08-11,39.459999084472656,40.86540008544922,36.75173337300618,34.95295003890991,19.295000076293945,47.02000045776367,0.10687229720952507,0.04929723783834894,False,True,True,True,False
GRMN,2026-08-11,309.6499938964844,252.48265930175782,238.9471762084961,230.0378914642334,184.34678236085895,314.2799987792969,0.2831981604806606,0.04929723783834894,True,True,True,True,True
GRND,2026-08-11,16.229999542236328,14.600599994659424,13.084066632588705,13.23424997806549,9.732000350952148,18.5,0.11699930079196985,0.04929723783834894,True,True,True,True,True
GRNT,2026-08-11,5.179999828338623,4.700600004196167,4.952303899129232,4.913480007648468,3.9986001613060305,6.0081680237568,0.009137301513207019,0.04929723783834894,True,False,True,False,False
GRPN,2026-08-11,21.8700008392334,22.826800079345702,17.0399333635966,17.276400003433228,9.170000076293945,31.959999084472656,0.23003374548010425,0.04929723783834894,False,True,True,True,False
GS,2026-08-11,1034.4100341796875,1055.1771997070311,953.1010314941407,920.9031246948242,691.6271180331997,1153.989990234375,0.09960091895888956,0.04929723783834894,False,True,True,True,False
GSAT,2026-08-11,83.55999755859375,80.87239974975586,72.84166659037272,69.45575000762939,24.3700008392334,84.8499984741211,0.01592702198898177,0.04929723783834894,True,True,True,False,False
GSBC,2026-08-11,80.31999969482422,76.785927734375,68.25536598205566,65.91742998123169,52.73273242452009,82.91000366210938,0.15205850363645146,0.04929723783834894,True,True,True,True,True
GSHD,2026-08-11,65.30999755859375,49.6422998046875,50.40109987894694,55.81162504196167,33.68000030517578,90.79000091552734,0.5505697819273732,0.04929723783834894,True,False,True,True,False
GT,2026-08-11,6.090000152587891,6.575600004196167,7.30100001335144,7.515700011253357,5.429999828338623,10.619999885559082,0.023529470220276405,0.04929723783834894,False,False,False,False,False
GTES,2026-08-11,28.440000534057617,26.995800018310547,25.340400009155275,24.634700021743775,20.8799991607666,30.34000015258789,0.08384149322138912,0.04929723783834894,True,True,True,True,True
GTLB,2026-08-11,42.11000061035156,31.923499984741213,28.433333282470702,31.84364995956421,18.729999542236328,52.380001068115234,0.6423557571281577,0.04929723783834894,True,False,True,True,False
GTM,2026-08-11,4.079999923706055,3.118099989891052,5.395933316548665,6.612249970436096,2.5399999618530273,12.510000228881836,-0.3605015908273872,0.04929723783834894,False,False,False,False,False
GTN,2026-08-11,4.760000228881836,4.02724901676178,4.450604085922241,4.489055407047272,3.549999952316284,6.308571444191847,0.10939884192892113,0.04929723783834894,True,False,True,True,False
GTX,2026-08-11,29.1200008392334,32.26640003204346,24.762870559692384,22.741336631774903,12.127003971018713,36.25,0.006596065739918222,0.04929723783834894,False,True,True,False,False
GTY,2026-08-11,32.29999923706055,33.721697311401364,32.179509010314945,30.822204751968385,24.224755432696945,36.83000183105469,-0.006988520133071607,0.04929723783834894,False,True,True,False,False
GVA,2026-08-11,125.37000274658203,135.56013671875,129.65449559529623,124.01880958557129,96.96394149982015,161.94743980189912,-0.11874834086546893,0.04929723783834894,False,True,True,False,False
GWRE,2026-08-11,176.64999389648438,138.78920013427734,143.68399978637694,161.9356498336792,102.30000305175781,272.6000061035156,0.265582401340692,0.04929723783834894,True,False,True,True,False
GWW,2026-08-11,1301.93994140625,1330.1125708007812,1190.9093298339844,1134.826297302246,901.2231779560393,1417.1425077561332,0.11733088303620054,0.04929723783834894,False,True,True,True,False
GXO,2026-08-11,46.66999816894531,50.47719985961914,53.85919995625814,53.435750026702884,45.400001525878906,66.8499984741211,-0.08166079399448645,0.04929723783834894,False,False,False,False,False
H,2026-08-11,172.63999938964844,188.9815997314453,170.34207814534506,166.63895767211915,133.8201578065476,206.86000061035156,0.046198923742865716,0.04929723783834894,False,True,True,False,False
HAE,2026-08-11,87.22000122070312,77.45579986572265,67.42506642659505,68.8851999282837,47.31999969482422,88.87999725341797,0.6696018073953278,0.04929723783834894,True,False,True,True,False
HAFC,2026-08-11,31.969999313354492,31.49769519805908,28.710439071655273,28.208309564590454,21.992041393918182,33.205770794824836,0.08816729542354573,0.04929723783834894,True,True,True,True,True
HAL,2026-08-11,33.79999923706055,35.07106586456299,36.10450028737386,33.86336868286133,20.064481396075657,43.40534385121132,-0.15688537138098324,0.04929723783834894,False,True,True,False,False
HALO,2026-08-11,102.62000274658203,77.10780014038086,71.71520029703775,70.60280025482177,61.22999954223633,104.77999877929688,0.5741678003282547,0.04929723783834894,True,True,True,True,True
HAPN,2026-08-11,19.229999542236328,18.954999961853026,17.35746664683024,17.574199962615968,13.050000190734863,21.670000076293945,0.12719813272128233,0.04929723783834894,True,True,True,True,True
HAS,2026-08-11,97.04000091552734,85.19486999511719,89.97445663452149,86.95857879638672,67.83315007059686,105.38438167195363,0.003639281483166057,0.04929723783834894,True,True,True,False,False
HASI,2026-08-11,41.08000183105469,38.576176223754885,37.36517361958822,35.701449432373046,24.29338446848897,43.64448953425887,-0.04093779534094699,0.04929723783834894,True,True,True,False,False
HAYW,2026-08-11,15.5600004196167,15.201399917602538,15.158466612497966,15.353549971580506,12.930000305175781,17.729999542236328,0.04289546515081022,0.04929723783834894,True,False,True,False,False
HBAN,2026-08-11,17.770000457763672,17.33659439086914,16.780591004689533,16.597856755256654,14.63616052783654,19.09161043424595,0.11231160729992995,0.04929723783834894,True,True,True,True,True
HBCP,2026-08-11,71.68000030517578,68.30439987182618,63.50273371378581,61.516012802124024,49.75313030085432,72.98999786376953,0.11269795626492685,0.04929723783834894,True,True,True,True,True
HBNC,2026-08-11,20.3799991607666,19.75962646484375,18.072979056040445,17.653193717002868,14.30108801477899,21.040000915527344,0.13295485427386322,0.04929723783834894,True,True,True,True,True
HBT,2026-08-11,36.189998626708984,31.7981315612793,28.637735608418783,27.518974714279175,21.660028605524847,36.57182363169017,0.3073350218324604,0.04929723783834894,True,True,True,True,True
HCA,2026-08-11,411.44000244140625,389.6777532958984,450.7099814860026,456.17433731079103,353.989990234375,554.5820385145746,-0.04001724286355435,0.04929723783834894,False,False,False,False,False
HCC,2026-08-11,97.79000091552734,88.09966186523438,88.72271418253581,85.86377880096435,54.45884198834425,110.29397169384423,0.11806190510832892,0.04929723783834894,True,True,True,True,True
HCI,2026-08-11,184.3699951171875,173.04340057373048,163.74863057454428,169.18024826049805,144.3798872155677,208.92933790604164,0.24072113945060614,0.04929723783834894,True,False,True,True,False
HCKT,2026-08-11,11.460000038146973,10.66055627822876,12.943335653940837,14.336024765968324,9.0543078803825,20.716489225561673,0.1180110244749224,0.04929723783834894,False,False,False,True,False
HCSG,2026-08-11,20.959999084472656,22.877600021362305,21.01206667582194,20.387600030899048,14.420000076293945,25.75,-0.060511000169703566,0.04929723783834894,False,True,True,False,False
HD,2026-08-11,354.4800109863281,335.4435333251953,341.7003898111979,344.5285301208496,286.94770281038166,418.0560061228361,0.12502382621968944,0.04929723783834894,True,False,True,True,False
HDSN,2026-08-11,5.53000020980835,5.844000005722046,6.237733341852824,6.561300005912781,4.639999866485596,10.520000457763672,0.04339622845213453,0.04929723783834894,False,False,False,False,False
HE,2026-08-11,11.850000381469727,13.225599994659424,14.414666639963785,13.743449964523315,10.789999961853027,17.3799991607666,-0.14931800991656963,0.04929723783834894,False,True,False,False,False
HEI,2026-08-11,366.9200134277344,345.64908325195313,320.327690226237,319.25430923461914,256.0165208931262,376.8599853515625,0.23845722333078845,0.04929723783834894,True,True,True,True,True
HELE,2026-08-11,29.280000686645508,27.69659999847412,21.908266677856446,21.35914999961853,13.850000381469727,30.68000030517578,0.14419697194431058,0.04929723783834894,True,True,True,True,True
HFWA,2026-08-11,29.530000686645508,28.85541706085205,26.903616434733074,25.899445695877077,20.767449110399617,30.994104385375977,0.08426110241461338,0.04929723783834894,True,True,True,True,True
HG,2026-08-11,35.209999084472656,33.55899982452392,30.578193689982097,29.133806200027465,21.176044656730507,37.310001373291016,0.13948218508578036,0.04929723783834894,True,True,True,True,True
HGV,2026-08-11,43.02000045776367,50.10099975585938,46.94093335469564,45.80725004196167,36.790000915527344,55.400001525878906,-0.1151789098549042,0.04929723783834894,False,True,False,False,False
HHH,2026-08-11,67.02999877929688,68.13780029296875,69.63420003255209,72.98749988555909,61.0099983215332,91.06999969482422,0.04278158139738042,0.04929723783834894,False,False,False,False,False
HIFS,2026-08-11,311.5,292.7575994873047,290.3608203125,289.3291100311279,241.5546240795452,337.25647765059045,0.08570630519683786,0.04929723783834894,True,True,True,True,True
HIG,2026-08-11,139.0800018310547,135.3882258605957,135.45067835489908,134.34214405059814,118.72968972224956,146.07000732421875,0.05328644894059442,0.04929723783834894,True,True,False,True,False
HII,2026-08-11,327.8500061035156,293.1752020263672,356.66776774088544,346.7630059814453,258.298025398584,458.02180345813866,0.03624228050315348,0.04929723783834894,False,False,True,False,False
HIMS,2026-08-11,30.510000228881836,31.65840000152588,26.53713331858317,29.557799978256227,13.739999771118164,65.29900360107422,0.04701444296255097,0.04929723783834894,False,False,False,False,False
HIPO,2026-08-11,33.38999938964844,27.993800048828124,27.979133288065594,29.222899923324587,24.079999923706055,38.97999954223633,0.21905805526478384,0.04929723783834894,True,False,True,True,False
HIW,2026-08-11,30.850000381469727,30.573399963378908,25.84411543528239,25.93607858657837,20.04854771994431,35.439998626708984,0.21873514188813958,0.04929723783834894,True,True,True,True,True
HL,2026-08-11,17.760000228881836,15.571799964904786,19.14325043996175,18.388220572471617,7.390780218138005,34.15539542998087,-0.1405850020033177,0.04929723783834894,False,False,False,False,False
HLF,2026-08-11,11.739999771118164,12.23060001373291,14.584600009918212,13.693749992847442,7.559999942779541,20.399999618530273,-0.2858881149792414,0.04929723783834894,False,True,False,False,False
HLI,2026-08-11,125.44999694824219,137.32344741821288,151.80461970011393,158.6389740371704,112.83000183105469,209.24025233991685,-0.14370047617033976,0.04929723783834894,False,False,False,False,False
HLIO,2026-08-11,81.05999755859375,82.90769592285156,73.65462783813477,68.84368188858032,46.78955052233279,94.90780242762423,0.19349386257005174,0.04929723783834894,False,True,True,True,False
HLIT,2026-08-11,11.449999809265137,13.595200023651124,11.562133356730143,11.17320001602173,8.470000267028809,17.68000030517578,-0.06758957180410563,0.04929723783834894,False,True,True,False,False
HLMN,2026-08-11,9.010000228881836,8.012700033187866,8.449433326721191,8.57142499923706,6.960000038146973,10.850000381469727,0.13476072593832567,0.04929723783834894,True,False,True,True,False
HLNE,2026-08-11,104.83999633789062,84.53255233764648,101.98291356404623,107.59145401000977,71.87999725341797,157.8780110349816,0.18739201079485923,0.04929723783834894,False,False,True,True,False
HLT,2026-08-11,314.6600036621094,332.22979919433595,317.31230794270834,306.6619226074219,253.15878115388503,358.0,-0.020850695855709978,0.04929723783834894,False,True,True,False,False
HLX,2026-08-11,10.1899995803833,9.313799991607667,9.161266708374024,8.546200029850006,5.579999923706055,10.75,0.022066129133620827,0.04929723783834894,True,True,True,False,False
HMN,2026-08-11,52.2599983215332,50.73198516845703,45.92921536763509,45.59063386917114,40.91385548741645,55.560001373291016,0.18870865843983764,0.04929723783834894,True,True,True,True,True
HNGE,2026-08-11,89.01000213623047,75.33119979858398,54.172933413187664,52.50470004081726,30.079999923706055,93.12999725341797,0.62308537360626,0.04929723783834894,True,True,True,True,True
HNI,2026-08-11,49.52000045776367,38.60863311767578,39.44999416351318,39.73435828208923,28.61118768396234,51.81343510108727,0.5041092141407484,0.04929723783834894,True,False,True,True,False
HNRG,2026-08-11,15.640000343322754,16.69060001373291,17.5322000058492,18.22784999370575,13.649999618530273,24.700000762939453,-0.15687326217911557,0.04929723783834894,False,False,False,False,False
HNST,2026-08-11,5.210000038146973,3.8313000106811526,3.188966676394145,3.1021500051021578,2.069999933242798,5.840000152587891,0.5835866560960514,0.04929723783834894,True,True,True,True,True
HOG,2026-08-11,26.719999313354492,25.465258293151855,22.45039623260498,22.60915810585022,16.958806295333133,30.440839460666616,0.05470836008254887,0.04929723783834894,True,False,True,True,False
HOMB,2026-08-11,31.010000228881836,28.9311999130249,27.915903053283692,27.754224405288696,25.47479512511825,31.700000762939453,0.15648505082028974,0.04929723783834894,True,True,True,True,True
HON,2026-08-11,230.1199951171875,234.25424346923828,235.50922536214193,227.39520095825196,193.83495247191826,258.86052564083326,0.006915677342457016,0.04929723783834894,False,True,False,False,False
HONA,2026-08-11,165.92999267578125,,,,,,,0.04929723783834894,False,False,False,False,False
HOOD,2026-08-11,94.37999725341797,98.53140045166016,88.34583333333333,97.91332504272461,63.51499938964844,153.86000061035156,0.16835848823516741,0.04929723783834894,False,False,True,True,False
HOPE,2026-08-11,14.239999771118164,13.268866519927979,12.145135752360027,11.710656294822693,9.488475127654802,14.337938798601726,0.16163893719416644,0.04929723783834894,True,True,True,True,True
HOV,2026-08-11,137.36000061035156,127.21700057983398,118.12140040079753,117.71730033874512,91.5199966430664,162.05999755859375,0.25442922931827905,0.04929723783834894,True,False,True,True,False
HP,2026-08-11,42.560001373291016,35.52779987335205,35.27796852111816,33.19413316726685,16.80027726028651,42.9900016784668,0.07534733119025616,0.04929723783834894,True,True,True,True,True
HPE,2026-08-11,54.380001068115234,48.100780715942385,32.75891995747884,30.31894730567932,19.621582932025888,64.06257161473991,0.766734704639618,0.04929723783834894,True,True,True,True,True
HPP,2026-08-11,13.350000381469727,14.596399974822997,10.32513330777486,11.230549995899201,5.260000228881836,21.700000762939453,0.2558796084426822,0.04929723783834894,False,False,True,True,False
HPQ,2026-08-11,29.06999969482422,25.216124534606934,21.474743792215982,22.08495203971863,17.071782731398905,30.8700008392334,0.35781895161696253,0.04929723783834894,True,False,True,True,False
HQY,2026-08-11,105.56999969482422,93.4174998474121,86.1776996866862,88.89434978485107,72.76000213623047,107.62000274658203,0.268108104442333,0.04929723783834894,True,False,True,True,False
HR,2026-08-11,19.149999618530273,20.203794250488283,18.46561176300049,18.103307609558104,15.346426819544035,21.770673464047647,-0.030602673401133096,0.04929723783834894,False,True,True,False,False
HRB,2026-08-11,46.66999816894531,40.07338447570801,35.81758410135905,37.818502788543704,27.48205752085478,52.16433870545204,0.30847644557157405,0.04929723783834894,True,False,True,True,False
HRI,2026-08-11,171.02999877929688,148.44339874267578,138.22290084838866,138.3708176422119,87.9986518305078,186.51510753639724,0.30341346764910315,0.04929723783834894,True,True,True,True,True
HRL,2026-08-11,24.299999237060547,24.562537117004396,23.021629053751628,22.831962099075316,19.46659558096577,27.88673805226022,0.1851256576461464,0.04929723783834894,False,True,True,True,False
HRMY,2026-08-11,39.52000045776367,35.352599983215335,32.92959995269776,33.466249990463254,25.520000457763672,40.869998931884766,0.30947647641296117,0.04929723783834894,True,False,True,True,False
HROW,2026-08-11,39.41999816894531,39.82160003662109,40.79700003306071,41.09185004234314,28.540000915527344,54.849998474121094,-0.02110758080844488,0.04929723783834894,False,False,True,False,False
HRTG,2026-08-11,32.18000030517578,26.355600051879883,26.224333343505858,26.61435004234314,20.479999542236328,36.5,0.4508566213890657,0.04929723783834894,True,False,True,True,False
HRTX,2026-08-11,0.3199999928474426,0.44999999821186065,0.8742666715383529,0.9589500017464161,0.30000001192092896,1.5800000429153442,-0.6666666666666667,0.04929723783834894,False,False,False,False,False
HSHP,2026-08-11,15.510000228881836,14.617513256072998,12.959030164082845,11.721342854499817,6.640148464852729,16.280000686645508,0.029713079334197978,0.04929723783834894,True,True,True,False,False
HSIC,2026-08-11,89.18000030517578,83.7031999206543,78.66746668497721,77.15204999923706,61.95000076293945,92.18000030517578,0.2926511533059366,0.04929723783834894,True,True,True,True,True
HST,2026-08-11,22.290000915527344,23.77413963317871,20.642742144266766,19.57622232913971,14.201302390550342,25.709999084472656,0.03926591758834119,0.04929723783834894,False,True,True,False,False
HSTM,2026-08-11,28.360000610351562,27.290400085449217,23.47403226216634,23.728146266937255,19.439308317450752,31.110000610351562,0.22853784261870902,0.04929723783834894,True,False,True,True,False
HSY,2026-08-11,181.97999572753906,179.29319976806642,194.39652943929036,190.18156517028808,157.93661550230973,237.65293938503106,-0.01625959861629145,0.04929723783834894,False,False,False,False,False
HTB,2026-08-11,49.75,48.78439994812012,45.46208223978678,44.41833177566528,37.51845623756465,52.5,0.08626319747585987,0.04929723783834894,True,True,True,True,True
HTFL,2026-08-11,29.540000915527344,28.825100021362303,28.225666694641113,28.989100017547607,20.1299991607666,41.222999572753906,0.0010166278011798369,0.04929723783834894,True,False,True,False,False
HTH,2026-08-11,39.13999938964844,38.30891471862793,37.1447861735026,36.18832859039307,29.792912219205938,40.144239772094075,0.055797052832268434,0.04929723783834894,True,True,True,True,True
HTLD,2026-08-11,11.800000190734863,14.563264980316163,12.446059137980143,11.414034206867218,6.961285065379224,16.617344482738023,-0.06739640184904772,0.04929723783834894,False,True,True,False,False
HTO,2026-08-11,62.279998779296875,59.86234367370606,56.55318758646647,54.081695823669435,42.75082795298186,66.61888960504302,0.09722431213663918,0.04929723783834894,True,True,True,True,True
HTZ,2026-08-11,2.450000047683716,2.9924999904632568,4.52210000038147,4.7380750012397765,1.4500000476837158,8.180000305175781,-0.604200319057209,0.04929723783834894,False,False,False,False,False
HUBB,2026-08-11,519.6199951171875,492.4476019287109,495.44178568522136,481.7937449645996,400.1887437138488,563.8055092962444,0.06328865398619254,0.04929723783834894,True,True,True,True,True
HUBG,2026-08-11,38.0,45.56351875305176,42.83308095296224,41.74049676895142,32.65445453766033,52.91708977181166,-0.11845341524487396,0.04929723783834894,False,True,False,False,False
HUBS,2026-08-11,220.50999450683594,207.6257992553711,239.56733286539713,280.8492493438721,169.6300048828125,525.510009765625,-0.09523226078129354,0.04929723783834894,False,False,False,False,False
HUM,2026-08-11,372.82000732421875,371.8640057373047,269.08431518554687,265.8228168487549,161.9038184977972,428.8800048828125,0.5170689043472516,0.04929723783834894,True,True,True,True,True
HUN,2026-08-11,10.4399995803833,12.158645343780517,12.569780050913494,11.716772797107696,7.149485960989107,16.09000015258789,-0.29821549401099234,0.04929723783834894,False,True,True,False,False
HURN,2026-08-11,152.75,114.38660049438477,131.27266667683918,140.3104999923706,84.87999725341797,186.77999877929688,0.2717508885503692,0.04929723783834894,True,False,True,True,False
HUT,2026-08-11,88.77999877929688,108.91289993286132,80.79419998168946,71.65264991760255,20.399999618530273,140.8000030517578,-0.13122618007371523,0.04929723783834894,False,True,True,False,False
HVT,2026-08-11,28.420000076293945,25.01467559814453,23.61675408681234,23.25111812591553,19.040829406249774,29.829999923706055,0.32736011120407427,0.04929723783834894,True,True,True,True,True
HWC,2026-08-11,78.22000122070312,73.6705564880371,68.70700322469075,66.4145613861084,52.87691567309889,79.36000061035156,0.1480323065249971,0.04929723783834894,True,True,True,True,True
HWKN,2026-08-11,129.66000366210938,146.41863372802734,149.31283686319986,146.9337596130371,117.68464724722678,185.4078137425993,-0.2231818305648503,0.04929723783834894,False,False,False,False,False
HWM,2026-08-11,281.3399963378906,272.94703552246096,251.86376841227212,239.33842124938965,169.09794668683935,309.85021717387974,0.028861860887598345,0.04929723783834894,True,True,True,False,False
HXL,2026-08-11,100.51000213623047,99.54827041625977,90.37647984822591,85.97548629760742,59.55120928900376,111.54553392631955,0.06941287948740449,0.04929723783834894,True,True,True,True,True
HY,2026-08-11,34.5099983215332,34.86432800292969,34.6926859664917,33.87578420639038,25.57740266402457,41.29999923706055,-0.05501953974530016,0.04929723783834894,False,False,True,False,False
HYLN,2026-08-11,3.9200000762939453,5.024200019836425,3.2698666659990945,2.9376499980688093,1.4700000286102295,8.489999771118164,0.4202898876227845,0.04929723783834894,False,True,False,True,False
HYMC,2026-08-11,27.530000686645508,23.58590000152588,33.518566602071125,28.350424933433533,3.434999942779541,58.72999954223633,-0.37016698093628786,0.04929723783834894,False,True,False,False,False
HZO,2026-08-11,52.459999084472656,35.61040000915527,31.021799952189127,29.357799968719483,21.420000076293945,52.459999084472656,0.6792573453528861,0.04929723783834894,True,True,True,True,True
IART,2026-08-11,17.3700008392334,17.735599994659424,13.483533318837484,13.371449995040894,8.699999809265137,20.489999771118164,0.24071434565952843,0.04929723783834894,False,True,True,True,False
IBCP,2026-08-11,38.0,35.94414619445801,34.4436855061849,33.74422162055969,29.06573947134866,38.954468872099554,0.13653611933691323,0.04929723783834894,True,True,True,True,True
IBKR,2026-08-11,89.77999877929688,91.01779983520508,80.15159111022949,76.65870347976684,58.754780045025605,97.83999633789062,0.05842573477052615,0.04929723783834894,False,True,True,True,False
IBM,2026-08-11,238.4199981689453,255.53483154296876,253.95163767496746,264.8908223724365,197.77128808096214,330.0920765561894,0.07416817255554808,0.04929723783834894,False,False,True,True,False
IBOC,2026-08-11,72.04000091552734,75.29559982299804,71.8101953125,70.63911714553834,62.562762973181314,78.45999908447266,-0.012609624184344415,0.04929723783834894,False,True,False,False,False
IBP,2026-08-10,235.75999450683594,220.95843048095702,261.91346944173176,261.18849479675293,192.74633002295423,345.53920851153777,0.07370713489185254,0.04929723783834894,False,False,True,True,False
IBRX,2026-08-11,7.599999904632568,7.624799966812134,7.385733311971029,6.08664998292923,1.9500000476837158,12.430000305175781,-0.06288529884520733,0.04929723783834894,False,True,True,False,False
IBTA,2026-08-11,36.7599983215332,31.729199829101564,29.033466580708822,28.17484990119934,19.100000381469727,40.48500061035156,0.1095682806032725,0.04929723783834894,True,True,True,True,True
ICE,2026-08-11,151.25,140.14506622314454,153.35084259033204,153.72545913696288,121.79000091552734,183.84990015599337,-0.03807039579621607,0.04929723783834894,False,False,True,False,False
ICFI,2026-08-11,90.58000183105469,75.63109848022461,75.99531496683757,77.76402872085572,58.71028816079076,100.97080566151773,0.23355117322151764,0.04929723783834894,True,False,True,True,False
ICHR,2026-08-11,67.51000213623047,84.0521996307373,61.480033276875815,50.58487496376038,14.0600004196167,113.58000183105469,-0.12267700047293328,0.04929723783834894,False,True,False,False,False
ICUI,2026-08-11,182.0800018310547,151.57480010986328,141.47200002034506,140.55964981079103,107.5,192.85000610351562,0.5225353909753809,0.04929723783834894,True,True,True,True,True
IDA,2026-08-11,140.14999389648438,144.61518981933594,140.63546468098957,136.96853637695312,119.21741604634701,153.96705807740997,-0.030270863909443668,0.04929723783834894,False,True,False,False,False
IDCC,2026-08-11,338.07000732421875,278.011955871582,311.66915252685544,321.80694526672363,248.50816798420266,409.72504547352673,0.21917102060859728,0.04929723783834894,True,False,True,True,False
IDR,2026-08-11,34.70000076293945,32.885400009155276,37.44893328348795,37.40414994239807,22.309999465942383,54.70000076293945,-0.2868885969635919,0.04929723783834894,False,False,True,False,False
IDT,2026-08-11,65.4000015258789,59.445251388549806,53.25491060892741,52.54877656936645,45.54178669980638,68.81596483747362,0.24469125312040063,0.04929723783834894,True,True,True,True,True
IDXX,2026-08-11,586.6400146484375,561.5046008300782,595.2259318033854,619.9767977905274,518.5499877929688,769.97998046875,0.012792905114633157,0.04929723783834894,False,False,False,False,False
IDYA,2026-08-11,36.84000015258789,34.10280021667481,32.884666760762535,32.914800052642825,22.81999969482422,40.58000183105469,0.28183717626921134,0.04929723783834894,True,True,True,True,True
IE,2026-08-11,11.119999885559082,10.31420000076294,13.289133370717366,13.529800028800965,7.855000019073486,21.549999237060547,-0.18950439729348345,0.04929723783834894,False,False,False,False,False
IESC,2026-08-11,780.0,685.5921966552735,569.6463330078125,528.6091995239258,309.510009765625,811.8499755859375,0.157544771627675,0.04929723783834894,True,True,True,True,True
IEX,2026-08-11,237.30999755859375,222.87492767333984,207.17699788411457,198.01295249938966,155.87292972694488,243.8000030517578,0.09507698848455703,0.04929723783834894,True,True,True,True,True
IFF,2026-08-11,85.0,77.8060171508789,74.45446690877279,71.96437343597412,58.12590780317825,89.31999969482422,0.030380308063838957,0.04929723783834894,True,True,True,False,False
IHRT,2026-08-10,3.7100000381469727,3.936399989128113,3.8706999810536704,3.90652498960495,1.6299999952316284,6.559999942779541,-0.34683095945935394,0.04929723783834894,False,False,False,False,False
IIIN,2026-08-11,32.709999084472656,29.92640781402588,31.336948115030925,31.23908179283142,24.324724050939242,38.535061935174795,0.22590756651830213,0.04929723783834894,True,False,True,True,False
IIIV,2026-08-11,16.950000762939453,20.45260009765625,21.83486671447754,23.18380003929138,16.010000228881836,33.970001220703125,-0.22954541986638854,0.04929723783834894,False,False,False,False,False
IIPR,2026-08-11,57.68000030517578,60.16044799804688,52.97883410135905,51.18537029266358,40.03512191772461,65.37999725341797,0.05268270914026951,0.04929723783834894,False,True,True,True,False
ILMN,2026-08-11,192.83999633789062,179.4719985961914,148.1255328877767,141.70549976348877,88.0,207.0,0.3525038144296688,0.04929723783834894,True,True,True,True,True
ILPT,2026-08-11,8.850000381469727,8.725662059783936,7.035506130854289,6.624340343475342,4.782938783372232,9.430000305175781,0.138807564563306,0.04929723783834894,True,True,True,True,True
IMAX,2026-08-11,50.59000015258789,42.52540023803711,38.757733510335285,37.96890012741089,25.059999465942383,52.619998931884766,0.419472531396329,0.04929723783834894,True,True,True,True,True
IMKTA,2026-08-11,86.70999908447266,89.50111389160156,86.10051503499349,82.63443183898926,61.094202744473755,95.44665779580218,0.01706437637041125,0.04929723783834894,False,True,True,False,False
IMMR,2026-08-11,7.480000019073486,6.775678949356079,6.329615160624186,6.36469349861145,5.130343202468116,8.050000190734863,0.15679716080344197,0.04929723783834894,True,True,True,True,True
IMMX,2026-08-11,11.489999771118164,9.434700021743774,8.64296665509542,7.646199996471405,1.940000057220459,12.140000343322754,0.1582660970513583,0.04929723783834894,True,True,True,True,True
IMNM,2026-08-11,26.25,21.64340003967285,22.12200002034505,21.187800002098083,8.664999961853027,27.649999618530273,0.12806186006077613,0.04929723783834894,True,True,True,True,True
IMVT,2026-08-11,40.93000030517578,37.358199768066406,30.40863327026367,28.80517497062683,14.470000267028809,41.22999954223633,0.4084652807081002,0.04929723783834894,True,True,True,True,True
IMXI,2026-08-11,11.630000114440918,13.970099983215333,15.097300020853679,15.111450018882751,11.569999694824219,15.949999809265137,-0.2662460672217031,0.04929723783834894,False,False,False,False,False
INBK,2026-08-11,29.280000686645508,26.716480598449706,23.508196512858074,22.492276792526244,16.912237232128465,31.09000015258789,0.1737414384478111,0.04929723783834894,True,True,True,True,True
INBX,2026-08-11,92.37999725341797,91.81350021362304,87.60066665649414,84.84234996795654,21.260000228881836,155.2899932861328,-0.3487027662257496,0.04929723783834894,True,True,False,False,False
INCY,2026-08-11,121.06999969482422,111.11219985961914,102.79059997558593,101.95145004272462,79.33000183105469,132.60000610351562,0.21251879364027104,0.04929723783834894,True,True,True,True,True
INDB,2026-08-11,84.80000305175781,82.67510101318359,79.06254297892252,76.80468139648437,61.23161142046208,87.5,0.0866323634018733,0.04929723783834894,True,True,True,True,True
INDI,2026-08-11,3.809999942779541,3.967400007247925,3.77673334757487,3.880000011920929,2.319999933242798,6.050000190734863,-0.1962025049041799,0.04929723783834894,False,False,True,False,False
INDV,2026-08-11,38.43000030517578,39.09720001220703,35.59096674601237,34.78702500343323,22.219999313354492,42.810001373291016,-0.02954540944515227,0.04929723783834894,False,True,True,False,False
INFQ,2026-08-11,11.819999694824219,12.338000049591065,,,8.520000457763672,21.280000686645508,-0.07943928704378489,0.04929723783834894,False,False,False,False,False
INGM,2026-08-11,27.6299991607666,28.59755214691162,25.433608360290528,24.439054098129272,18.5168762036608,31.591718096864145,0.03470234358906521,0.04929723783834894,False,True,True,False,False
INGN,2026-08-11,5.900000095367432,6.445999994277954,6.407400000890096,6.623249995708465,5.340000152587891,9.130000114440918,-0.17018284323841237,0.04929723783834894,False,False,False,False,False
INGR,2026-08-11,104.66999816894531,99.90245132446289,107.44185811360677,107.64086688995361,93.62234037900795,126.59796389836049,-0.00738795397114822,0.04929723783834894,False,False,False,False,False
INN,2026-08-11,6.039999961853027,6.562599992752075,5.281384174029032,5.202758330106735,3.9210373164127907,7.170000076293945,0.13533830206001718,0.04929723783834894,False,True,True,True,False
INOD,2026-08-11,62.709999084472656,77.975400390625,62.307266794840494,61.55890012741089,34.22999954223633,125.13999938964844,-0.39603199481292295,0.04929723783834894,False,True,False,False,False
INR,2026-08-11,14.020000457763672,13.010999984741211,15.120399983723958,14.617799983024597,11.130000114440918,19.584999084472656,-0.10529672051670524,0.04929723783834894,False,False,True,False,False
INSE,2026-08-11,6.230000019073486,7.413200016021729,7.694200003941853,7.856800012588501,5.949999809265137,9.949999809265137,-0.13472219665109308,0.04929723783834894,False,False,False,False,False
INSM,2026-08-11,132.57000732421875,106.3433999633789,131.6505335489909,146.00400001525878,90.38999938964844,212.75,0.276061296593173,0.04929723783834894,False,False,True,True,False
INSP,2026-08-11,59.130001068115234,47.68000007629394,57.81486673990885,68.5133999633789,38.90999984741211,147.02999877929688,0.2938730871109061,0.04929723783834894,False,False,False,True,False
INSW,2026-08-11,89.05999755859375,84.71102355957031,72.065908203125,65.53193691253662,36.53454737368766,98.23300170898438,0.04518181782367292,0.04929723783834894,True,True,True,False,False
INTA,2026-08-11,39.90999984741211,27.624400062561037,26.865733375549315,30.76720000267029,19.010000228881836,47.93000030517578,0.6754828026334543,0.04929723783834894,True,False,True,True,False
INTC,2026-08-11,97.70999908447266,109.84059967041016,79.55986658732097,69.18449995040893,20.760000228881836,142.35000610351562,-0.24513290140964616,0.04929723783834894,False,True,True,False,False
INTU,2026-08-11,336.44000244140625,291.7525180053711,385.201725769043,452.1512866973877,251.72492815683486,713.5241627771568,-0.14076046343351445,0.04929723783834894,False,False,False,False,False
INVA,2026-08-11,20.75,22.01019992828369,22.08746660868327,21.586299934387206,16.520000457763672,25.149999618530273,-0.07859682157126568,0.04929723783834894,False,True,True,False,False
INVH,2026-08-11,29.790000915527344,29.632586975097656,27.409314613342286,27.285148906707764,23.71522646852554,30.89299964904785,0.038819567177469594,0.04929723783834894,True,True,True,False,False
INVX,2026-08-11,30.139999389648438,26.78359992980957,26.202399991353353,25.031800031661987,15.760000228881836,33.709999084472656,0.11094730269047237,0.04929723783834894,True,True,True,True,True
IONQ,2026-08-11,43.439998626708984,47.55100002288818,43.578733418782555,45.48295000076294,25.889999389648438,84.63999938964844,-0.23642117959640518,0.04929723783834894,False,False,False,False,False
IONS,2026-08-11,55.41999816894531,66.5381997680664,73.76793309529623,74.56864974975586,40.369998931884766,86.73999786376953,-0.26479171944474444,0.04929723783834894,False,False,True,False,False
IOSP,2026-08-11,93.97000122070312,84.03559967041015,79.10833002726237,77.8384631729126,64.7475789443163,94.55999755859375,0.2241086929968661,0.04929723783834894,True,True,True,True,True
IOT,2026-08-11,40.31999969482422,35.346000061035156,31.906199989318846,33.59024998664856,23.3799991607666,47.470001220703125,0.3869969080874469,0.04929723783834894,True,False,True,True,False
IOVA,2026-08-11,6.489999771118164,4.493400011062622,3.7661333386103313,3.412700006365776,1.7599999904632568,6.920000076293945,0.754053969588744,0.04929723783834894,True,True,True,True,True
IP,2026-08-11,41.79999923706055,37.91880016326904,37.70894320170085,37.83069837570191,28.829925560352148,49.02231225590824,0.3065462173110636,0.04929723783834894,True,False,True,True,False
IPAR,2026-08-11,120.04000091552734,110.26995071411133,98.370556640625,94.87164970397949,75.21184346756063,129.2899932861328,0.2761418184174733,0.04929723783834894,True,True,True,True,True
IPGP,2026-08-11,85.80000305175781,104.84660034179687,108.86686676025391,101.91380004882812,71.37999725341797,155.82000732421875,-0.1583284187081072,0.04929723783834894,False,True,False,False,False
IPI,2026-08-11,36.880001068115234,34.80039978027344,36.67746648152669,34.104399843215944,22.549999237060547,50.34000015258789,-0.15702854701450897,0.04929723783834894,True,True,True,False,False
IQV,2026-08-11,243.83999633789062,201.6081997680664,190.73533284505208,198.393999710083,154.5,251.36000061035156,0.3649798319021955,0.04929723783834894,True,False,True,True,False
IR,2026-08-11,85.0199966430664,79.5263996887207,82.83292332967122,81.81021015167236,68.06999969482422,100.90965673868273,0.09733965755983576,0.04929723783834894,True,True,True,True,True
IRDM,2026-08-11,49.380001068115234,47.886490936279294,35.880450871785484,31.160463600158693,15.382078604271596,57.18000030517578,0.14801912225432878,0.04929723783834894,True,True,True,True,True
IREN,2026-08-11,39.75,46.19179996490479,46.766333389282224,47.34615003585815,17.219999313354492,76.87000274658203,-0.2792384605583831,0.04929723783834894,False,False,False,False,False
IRM,2026-08-11,122.38999938964844,124.67741973876953,112.3337446085612,106.37155773162841,76.61726117566126,134.67999267578125,-0.02825680733222946,0.04929723783834894,False,True,True,False,False
IRMD,2026-08-11,88.94000244140625,94.26889999389648,95.21440694173177,93.74353923797608,67.07122078906689,107.44373949170264,0.05722477887919997,0.04929723783834894,False,True,True,True,False
IRON,2026-08-11,81.20999908447266,73.84000030517578,70.37930015563965,74.6340750694275,40.0,99.5,0.1730462970769051,0.04929723783834894,True,False,True,True,False
IRT,2026-08-11,16.649999618530273,16.58012924194336,16.190005416870118,16.17468391895294,14.443198008117426,17.700000762939453,0.025015757920762383,0.04929723783834894,True,True,False,False,False
IRTC,2026-08-11,121.87000274658203,115.51779998779297,128.65003346761068,140.8335752105713,100.84600067138672,212.0,0.03542910710671965,0.04929723783834894,False,False,False,False,False
IRWD,2026-08-11,4.300000190734863,3.9062000131607055,4.000933340390524,3.7370000040531157,0.8399999737739563,5.78000020980835,0.01895744182953618,0.04929723783834894,True,True,True,False,False
ISRG,2026-08-11,401.2300109863281,392.10559814453126,452.1469993082682,479.2010005187988,328.57000732421875,603.8800048828125,-0.04482689778057014,0.04929723783834894,False,False,True,False,False
IT,2026-08-11,187.27000427246094,148.72520004272462,163.01546635945638,181.9411999130249,124.25,265.8500061035156,0.21762028970467306,0.04929723783834894,True,False,True,True,False
ITGR,2026-08-11,125.04000091552734,98.46359985351563,90.12813339233398,85.82054996490479,62.0,126.13999938964844,0.42220204185233223,0.04929723783834894,True,False,True,True,False
ITIC,2026-08-11,283.3599853515625,271.21472106933595,249.23265238444012,251.0178360748291,208.9113551914592,297.30999755859375,0.20659107165957824,0.04929723783834894,True,True,True,True,True
ITRI,2026-08-11,103.33000183105469,87.20699996948242,90.87946685791016,94.26405010223388,77.7699966430664,142.0,0.24538990370981484,0.04929723783834894,True,False,True,True,False
ITT,2026-08-11,216.88999938964844,195.06562774658204,195.87713033040365,191.7075545501709,162.69064187407918,230.32000732421875,0.0032228671610989856,0.04929723783834894,True,True,True,False,False
ITW,2026-08-11,293.1499938964844,271.01875274658204,266.89843098958335,261.0641027832031,234.37654391512544,301.9200134277344,0.1699205262556629,0.04929723783834894,True,True,True,True,True
IVR,2026-08-11,7.449999809265137,7.662710523605346,7.747419967651367,7.54335168838501,5.961106418244503,8.560484843571059,-0.046951936037041064,0.04929723783834894,False,True,True,False,False
IVT,2026-08-11,32.77000045776367,34.64528572082519,31.836033922831216,30.780859699249266,26.18902794325973,37.220001220703125,0.0324646510924671,0.04929723783834894,False,True,True,False,False
IVZ,2026-08-11,31.360000610351562,28.687799949645996,26.7523504002889,26.124534692764282,19.94157683106605,32.54999923706055,0.17797406771830993,0.04929723783834894,True,True,True,True,True
J,2026-08-11,147.6199951171875,128.7127995300293,129.94940795898438,133.37248485565186,105.34638894047532,167.07093591832958,0.1695425021334087,0.04929723783834894,True,False,True,True,False
JACK,2026-08-11,17.860000610351562,14.578199996948243,15.145599969228108,15.83754997253418,8.920000076293945,23.860000610351562,0.29514145465970176,0.04929723783834894,True,False,True,True,False
JAKK,2026-08-11,25.440000534057617,23.393193321228026,21.173964309692384,19.992984886169435,14.326049442585154,27.219999313354492,0.116849412958276,0.04929723783834894,True,True,True,True,True
JAN,2026-08-11,29.56999969482422,28.187868728637696,,,,,0.1250789207158498,0.04929723783834894,False,False,False,True,False
JANX,2026-08-11,16.520000457763672,15.064899940490722,14.41443328221639,16.5660249710083,12.119999885559082,35.34000015258789,0.13617610048867612,0.04929723783834894,False,False,False,True,False
JAZZ,2026-08-11,247.97999572753906,241.05239990234375,206.00546661376953,193.83860023498536,110.26000213623047,265.04998779296875,0.08491922728859125,0.04929723783834894,True,True,True,True,True
JBGS,2026-08-11,11.390000343322754,14.289000053405761,15.029949576059977,15.75825975894928,10.770000457763672,23.53974484923758,-0.27035009725076364,0.04929723783834894,False,False,False,False,False
JBHT,2026-08-11,265.3800048828125,278.64679931640626,241.72798248291016,225.66647338867188,129.0636600372493,299.2552646600815,0.08239160023574699,0.04929723783834894,False,True,True,True,False
JBI,2026-08-11,5.059999942779541,5.307200031280518,5.741133340199789,6.076250004768371,4.260000228881836,10.800000190734863,-0.003937004178520276,0.04929723783834894,False,False,False,False,False
JBIO,2026-08-11,22.350000381469727,19.867400093078615,18.262666664123536,16.777074999809265,6.670000076293945,28.0,-0.11062470641212985,0.04929723783834894,True,True,True,False,False
JBL,2026-08-11,356.6099853515625,347.366201171875,303.1154475911458,281.0798043823242,189.4976236113212,428.92999267578125,-0.0420300502980715,0.04929723783834894,True,True,True,False,False
JBLU,2026-08-11,5.809999942779541,5.540799999237061,5.217666676839193,5.042300012111664,3.869999885559082,6.619999885559082,0.17137094719663004,0.04929723783834894,True,True,True,True,True
JBS,2026-08-11,13.020000457763672,12.480599956512451,13.932144095102945,13.670577411651612,11.452343937279364,17.26646815537835,-0.097930092862761,0.04929723783834894,False,False,False,False,False
JBSS,2026-08-11,83.69000244140625,81.82439987182617,78.35585673014323,75.65282604217529,57.18724373772353,92.08000183105469,0.05085388099945454,0.04929723783834894,True,True,True,True,True
JBTM,2026-08-11,121.80999755859375,133.42720108032228,139.172340037028,139.8645266342163,113.58390791585471,169.94679240634346,-0.07572725517066348,0.04929723783834894,False,False,False,False,False
JCI,2026-08-11,154.75999450683594,144.1676577758789,136.848704884847,131.7261162185669,102.46971359466504,157.05999755859375,0.09457055888401267,0.04929723783834894,True,True,True,True,True
JEF,2026-08-11,55.0,55.740999908447264,51.84430938720703,53.14260595321655,35.25789539615967,69.46664067205226,0.0571135566071026,0.04929723783834894,False,False,True,True,False
JHX,2026-08-11,31.079999923706055,25.494799995422362,23.014533309936525,22.18984999656677,16.459999084472656,31.170000076293945,0.5183195391428113,0.04929723783834894,True,True,True,True,True
JJSF,2026-08-11,90.16000366210938,77.42813339233399,80.80184672037761,82.41602703094482,68.16291868382396,112.1682966939943,0.15808891767857958,0.04929723783834894,True,False,True,True,False
JKHY,2026-08-11,153.6300048828125,141.69841430664061,155.16193532307943,158.57804077148438,121.04000091552734,191.8273739533718,0.0800710543138119,0.04929723783834894,False,False,True,True,False
JLL,2026-08-11,363.3599853515625,319.309599609375,320.7946657307943,320.18309951782226,259.8299865722656,373.2900085449219,0.11624477025987279,0.04929723783834894,True,True,True,True,True
JMSB,2026-08-11,23.229999542236328,22.00104480743408,20.79978857676188,20.49143280029297,18.26251967625238,24.158109874755034,0.09438309630944341,0.04929723783834894,True,True,True,True,True
JNJ,2026-08-11,259.79998779296875,249.0368002319336,237.04454040527344,227.20303909301757,167.62177504979545,274.8999938964844,0.18003035071319196,0.04929723783834894,True,True,True,True,True
JOBY,2026-08-11,8.420000076293945,8.610199995040894,9.878600012461344,11.098600010871888,6.630000114440918,19.979999542236328,-0.21601487376779327,0.04929723783834894,False,False,False,False,False
JOE,2026-08-11,68.4000015258789,63.42073791503906,65.44366162618002,63.66005990982055,46.0244477278787,73.18786392839172,0.05329565025225902,0.04929723783834894,True,True,True,True,True
JOUT,2026-08-11,47.099998474121094,45.67698631286621,46.393495101928714,44.91155216217041,34.90771271986768,53.155576130370775,-0.10404857867734096,0.04929723783834894,True,True,True,False,False
JPM,2026-08-11,362.0400085449219,334.85627014160156,312.68035380045575,311.48335205078126,276.43363807803536,363.1199951171875,0.2122366206762445,0.04929723783834894,True,True,True,True,True
JRVR,2026-08-11,4.195000171661377,4.332207069396973,5.527024731636048,5.596443899869919,3.7505050312986548,7.1706488449256165,-0.0664549547465505,0.04929723783834894,False,False,False,False,False
JXN,2026-08-11,129.16000366210938,113.8565281677246,110.92988749186198,107.5084850692749,87.44343704919062,137.99000549316406,0.13367571881229257,0.04929723783834894,True,True,True,True,True
KAI,2026-08-11,338.3299865722656,309.15868286132815,315.0901839192708,306.4653509521484,244.03145968666414,356.0197550926095,0.03424307890770084,0.04929723783834894,True,True,True,False,False
KALU,2026-08-11,193.38999938964844,174.9469595336914,151.162158203125,137.93145065307618,71.32011978895083,195.12450852631144,0.10250939489891775,0.04929723783834894,True,True,True,True,True
KBH,2026-08-11,57.72999954223633,55.559784469604494,55.288189264933266,56.638640041351316,43.843306124394005,67.52003642790088,0.1731248232588829,0.04929723783834894,True,False,True,True,False
KBR,2026-08-11,37.560001373291016,35.49973678588867,37.39036506652832,38.435311031341556,29.802163395190448,51.559970540690514,0.16211024936887952,0.04929723783834894,False,False,True,True,False
KD,2026-08-11,13.359999656677246,12.213000011444091,14.602533276875814,17.600999937057495,10.100000381469727,33.900001525878906,0.05696196944605636,0.04929723783834894,False,False,False,True,False
KDP,2026-08-11,29.18000030517578,30.988989028930664,28.76372008005778,28.353385429382325,24.43309195380777,34.769549398122685,0.01934953412507201,0.04929723783834894,False,True,False,False,False
KE,2026-08-11,25.229999542236328,25.28929988861084,25.889033279418946,26.639149961471556,19.959999084472656,33.189998626708984,0.002782181846134657,0.04929723783834894,False,False,True,False,False
KEEL,2026-08-11,3.2899999618530273,4.926400012969971,3.5123333374659222,3.4094750046730042,1.1699999570846558,7.369999885559082,-0.23488376373984032,0.04929723783834894,False,True,False,False,False
KELYA,2026-08-11,15.420000076293945,13.281399974822998,10.718819414774577,10.377455446720123,7.854145376719951,17.75,0.5874788507700122,0.04929723783834894,True,True,True,True,True
KEX,2026-08-11,132.64999389648438,139.3748001098633,135.332933400472,128.0881499481201,79.5199966430664,157.69000244140625,-0.06944937876766577,0.04929723783834894,False,True,True,False,False
KEY,2026-08-11,22.690000534057617,22.72030002593994,21.494546445210776,20.744621658325194,15.970774597470841,24.06999969482422,0.07530559098399259,0.04929723783834894,False,True,True,True,False
KEYS,2026-08-11,343.70001220703125,332.2052001953125,302.43913208007814,274.8745990753174,152.8459930419922,374.9630126953125,-0.06185165970783224,0.04929723783834894,True,True,True,False,False
KFRC,2026-08-11,57.95000076293945,52.5955842590332,39.37834651947021,36.74291600227356,23.63040950233913,61.68000030517578,0.3872781404435055,0.04929723783834894,True,True,True,True,True
KFY,2026-08-11,82.75,74.4129409790039,67.51526214599609,66.93994564056396,57.9825638937805,85.69000244140625,0.2637629959673613,0.04929723783834894,True,True,True,True,True
KGS,2026-08-11,61.099998474121094,66.14600006103515,58.75098368326823,52.76982469558716,31.611638575196668,77.68000030517578,-0.13851369740264297,0.04929723783834894,False,True,True,False,False
KHC,2026-08-11,24.649999618530273,24.64557746887207,23.347273610432943,23.417122230529785,20.660545227491788,28.09000015258789,0.0789664189344148,0.04929723783834894,True,True,False,True,False
KIDS,2026-08-11,24.239999771118164,19.56539993286133,17.999466603597003,17.85549994468689,14.420000076293945,24.559999465942383,0.41094291854089393,0.04929723783834894,True,True,True,True,True
KIM,2026-08-11,23.969999313354492,25.052147331237794,23.188893597920735,22.382230167388915,19.179591420460127,26.649999618530273,0.029851491136374975,0.04929723783834894,False,True,True,False,False
KKR,2026-08-11,110.97000122070312,97.34677688598633,100.14629618326823,106.18181995391846,82.35159933019361,151.00536311214478,0.12003861325853804,0.04929723783834894,True,False,True,True,False
KLAC,2026-08-11,200.47000122070312,221.59812042236328,180.27443868001302,165.23233318328857,82.87100394695247,307.3699951171875,0.08783311261480486,0.04929723783834894,False,True,True,True,False
KLC,2026-08-11,4.78000020980835,4.666199994087219,3.989333326816559,4.15605000436306,1.75,9.920000076293945,0.29539299070064184,0.04929723783834894,True,False,False,True,False
KLIC,2026-08-11,91.0199966430664,107.18148239135742,85.08511749267578,74.53806627273559,34.659033227178114,135.8000030517578,-0.12561914867762258,0.04929723783834894,False,True,True,False,False
KLRA,2026-08-11,18.8700008392334,19.96699993133545,,,,,-0.23603237828451984,0.04929723783834894,False,False,False,False,False
KMB,2026-08-11,108.56999969482422,106.47091201782227,101.17902557373047,101.46165615081787,91.16777681423233,129.8141939286366,0.11953265084301146,0.04929723783834894,True,False,False,True,False
KMI,2026-08-11,31.479999542236328,31.670101737976076,31.376086489359537,30.043421697616576,24.735621824010156,34.48764501182702,-0.014752165599810407,0.04929723783834894,False,True,True,False,False
KMPR,2026-08-11,26.18000030517578,27.093799934387206,30.91471597035726,33.2388160610199,22.690000534057617,53.06420868463144,-0.19239409404945007,0.04929723783834894,False,False,False,False,False
KMT,2026-08-11,30.239999771118164,33.964846801757815,35.57275989532471,33.1846586227417,19.68516008315131,43.297767178023186,-0.2928644849262918,0.04929723783834894,False,True,True,False,False
KMTS,2026-08-11,27.899999618530273,23.1,22.759799969991047,23.63504997253418,14.399999618530273,30.0,0.34717531877866326,0.04929723783834894,True,False,True,True,False
KMX,2026-08-11,58.18000030517578,53.562199935913085,46.12686673482259,44.231750059127805,30.260000228881836,62.560001373291016,0.48874098206780014,0.04929723783834894,True,True,True,True,True
KN,2026-08-11,38.56999969482422,38.21740013122559,31.51820006052653,29.273450050354004,19.84000015258789,42.93000030517578,0.06370660452896959,0.04929723783834894,True,True,True,True,True
KNF,2026-08-11,68.1500015258789,79.05780044555664,80.77380035400391,78.21075029373169,58.720001220703125,96.27999877929688,-0.25527264850869147,0.04929723783834894,False,True,False,False,False
KNSA,2026-08-11,77.80000305175781,62.18979988098145,52.14273323059082,49.291874961853026,32.060001373291016,82.94000244140625,0.33287655431597685,0.04929723783834894,True,True,True,True,True
KNSL,2026-08-11,374.6000061035156,331.6896008300781,350.64829895019534,361.3797933959961,287.20001220703125,484.06325164645455,0.23482837898767528,0.04929723783834894,True,False,True,True,False
KNTK,2026-08-11,51.11000061035156,47.66639930725098,44.73194742838542,41.99281326293945,29.7184746394017,52.689998626708984,0.07680096520190594,0.04929723783834894,True,True,True,True,True
KNX,2026-08-11,68.52999877929688,75.05605102539063,64.78863184611002,60.41359001159668,38.26962074487417,82.86000061035156,0.06900401949216861,0.04929723783834894,False,True,True,True,False
KO,2026-08-11,86.4800033569336,82.74873962402344,78.30591272989909,76.02823696136474,64.03758462860179,90.91999816894531,0.10651332401274272,0.04929723783834894,True,True,True,True,True
KOD,2026-08-11,42.11000061035156,38.498200035095216,34.25079998016358,31.31779995918274,8.029999732971191,47.84000015258789,0.056712728300306825,0.04929723783834894,True,True,True,True,True
KODK,2026-08-11,10.079999923706055,9.05479998588562,9.175399964650472,8.798249969482422,4.940000057220459,14.869999885559082,-0.3053067012609665,0.04929723783834894,True,True,True,False,False
KOP,2026-08-11,46.0099983215332,46.040137405395505,39.08465660095215,36.34471734046936,24.81942338066463,53.0,0.10815923431344765,0.04929723783834894,False,True,True,True,False
KOPN,2026-08-11,5.199999809265137,4.337599997520447,3.5052666687965393,3.302549998164177,1.6799999475479126,6.610000133514404,0.04627767178730946,0.04929723783834894,True,True,True,False,False
KOS,2026-08-11,2.559999942779541,2.4748000001907347,2.363733330965042,2.074349999725819,0.8399999737739563,3.3399999141693115,-0.11111116630059481,0.04929723783834894,True,True,True,False,False
KR,2026-08-11,56.25,59.20500007629394,64.60656819661459,64.43035858154298,54.150001525878906,76.17869785654563,-0.13853871966298692,0.04929723783834894,False,False,False,False,False
KRC,2026-08-11,36.439998626708984,37.69164619445801,33.75412947336833,35.0594208240509,26.885136912344347,42.38788305967565,0.05328429157032022,0.04929723783834894,False,False,True,True,False
KREF,2026-08-11,7.570000171661377,7.117653226852417,6.827159236272176,7.051659784317017,5.175637247041418,8.920279975745915,0.16698551133091244,0.04929723783834894,True,False,True,True,False
KRG,2026-08-11,26.170000076293945,28.112952194213868,25.83365067799886,24.865944414138795,19.90812150410768,29.920000076293945,-0.007973309030254394,0.04929723783834894,False,True,True,False,False
KRMN,2026-08-11,61.939998626708984,50.2031999206543,74.69493339538575,73.93165006637574,43.680999755859375,118.37999725341797,0.05304316470711079,0.04929723783834894,False,False,False,True,False
KRNY,2026-08-11,9.529999732971191,9.0468000125885,8.15181373914083,7.801088683605194,5.614461976381501,9.819999694824219,0.17364530385273858,0.04929723783834894,True,True,True,True,True
KROS,2026-08-11,10.640000343322754,10.607299938201905,12.706866652170817,14.1014000082016,9.6899995803833,22.549999237060547,-0.11407159529143762,0.04929723783834894,False,False,False,False,False
KRRO,2026-08-11,13.319999694824219,12.32029998779297,11.834366658528646,13.32904997587204,5.203999996185303,55.88999938964844,-0.0014992846727810427,0.04929723783834894,False,False,False,False,False
KRUS,2026-08-11,49.400001525878906,49.408100357055666,58.67236673990885,57.149450092315675,42.619998931884766,87.98999786376953,-0.11659507969524985,0.04929723783834894,False,False,False,False,False
KRYS,2026-08-11,327.04998779296875,340.09149963378906,295.6825327555338,276.65549964904784,136.72999572753906,382.5350036621094,0.04528887333488618,0.04929723783834894,False,True,True,False,False
KSS,2026-08-11,18.489999771118164,17.47580713272095,16.089834791819253,16.859253525733948,11.291370579466786,24.64479070277189,0.2986155210789747,0.04929723783834894,True,False,True,True,False
KTB,2026-08-11,74.95999908447266,79.89098785400391,71.1931989034017,71.2029651260376,55.3598370658978,88.95999908447266,0.007890450777827684,0.04929723783834894,False,True,True,False,False
KTOS,2026-08-11,63.72999954223633,52.605799713134765,72.69506660461425,74.05289991378784,43.09000015258789,134.0,0.11826632155226235,0.04929723783834894,False,False,False,True,False
KURA,2026-08-11,9.930000305175781,10.06079999923706,9.2725000222524,9.62425002336502,5.519999980926514,12.489999771118164,0.03870291520070013,0.04929723783834894,False,False,True,False,False
KVUE,2026-08-11,19.049999237060547,18.737799949645996,17.848774439493816,17.41102342128754,13.525414419989424,21.180489755247425,0.09605138039544903,0.04929723783834894,True,True,True,True,True
KVYO,2026-08-11,18.360000610351562,16.314200019836427,18.64840000788371,21.21404999256134,12.529999732971191,36.224998474121094,0.20710062881685265,0.04929723783834894,False,False,False,True,False
KWR,2026-08-11,170.89999389648438,152.05015319824219,145.55926010131836,142.8366326904297,111.37450660288701,181.69590560446244,0.20867627411664924,0.04929723783834894,True,True,True,True,True
KYMR,2026-08-11,109.62000274658203,101.59890029907227,88.15206644694011,83.80144973754882,37.56999969482422,130.0500030517578,0.3034483321698733,0.04929723783834894,True,True,True,True,True
L,2026-08-11,113.1500015258789,112.00100021362304,109.02960876464844,107.66855110168457,93.50582093697237,121.01000213623047,0.07527195196903036,0.04929723783834894,True,True,True,True,True
LAD,2026-08-11,378.3299865722656,321.2318225097656,299.0905891927083,303.6267820739746,238.86471391266718,438.67132328915716,0.31202820161969447,0.04929723783834894,True,True,True,True,True
LADR,2026-08-11,9.920000076293945,9.869757766723632,9.951016699473064,10.017483205795289,9.231453895568848,10.920694632250626,-0.013739826876152272,0.04929723783834894,False,False,False,False,False
LAMR,2026-08-11,153.82000732421875,155.40049743652344,139.89828887939453,135.4360651397705,109.71882019056208,166.3300018310547,0.10116786134878475,0.04929723783834894,False,True,True,True,False
LAND,2026-08-11,8.210000038146973,8.663895072937011,9.670185712178549,9.446545753479004,7.920000076293945,12.67715919494629,-0.14788295340086277,0.04929723783834894,False,False,False,False,False
LASR,2026-08-11,49.209999084472656,67.13920043945312,63.30386683146159,56.089925060272215,24.871999740600586,86.94999694824219,-0.4207180594196487,0.04929723783834894,False,True,False,False,False
LAUR,2026-08-10,37.2599983215332,36.88520023345947,34.75083334604899,33.883200006484984,24.976999282836914,40.92499923706055,0.13562928259627283,0.04929723783834894,True,True,True,True,True
LAW,2026-08-11,4.210000038146973,3.8720000314712526,4.362066674232483,5.088550001382828,2.450000047683716,9.109999656677246,0.13172043165811598,0.04929723783834894,False,False,False,True,False
LAZ,2026-08-11,43.5099983215332,43.6192000579834,46.16628158569336,46.84586193084717,38.2678549840225,58.13904003751353,-0.05568672989694001,0.04929723783834894,False,False,False,False,False
LBRDA,2026-08-11,37.11000061035156,32.32760002136231,42.53040003458659,44.23652507781983,26.139999389648438,65.4000015258789,0.013657470408744654,0.04929723783834894,False,False,False,False,False
LBRDK,2026-08-11,37.099998474121094,32.360799865722655,42.60513323465983,44.34014991760254,26.25,65.7249984741211,0.015047859057213397,0.04929723783834894,False,False,False,False,False
LBRT,2026-08-11,21.479999542236328,24.52919128417969,26.56885732014974,24.33992467880249,9.793219984559926,34.37809826598441,-0.34936815076842653,0.04929723783834894,False,True,True,False,False
LBRX,2026-08-11,45.33000183105469,33.312299995422364,28.087833366394044,25.525525035858156,13.359999656677246,49.13999938964844,0.416562557220459,0.04929723783834894,True,False,True,True,False
LBTYA,2026-08-11,10.1899995803833,11.019799919128419,11.570266653696695,11.434699997901916,9.430000305175781,13.520000457763672,-0.15505810731081482,0.04929723783834894,False,False,False,False,False
LBTYK,2026-08-11,9.979999542236328,10.67060001373291,11.287799994150797,11.230300011634826,9.300000190734863,13.119999885559082,-0.1484642222822744,0.04929723783834894,False,False,False,False,False
LCID,2026-08-11,6.699999809265137,6.179099998474121,8.033900006612141,9.514800009727479,2.369999885559082,25.229999542236328,0.1111110408200271,0.04929723783834894,False,False,False,True,False
LCII,2026-08-11,107.31999969482422,101.44478164672852,118.73081380208333,116.02331214904785,81.87060447109369,156.55954231400545,-0.0728960450283157,0.04929723783834894,False,False,True,False,False
LDOS,2026-08-11,140.88999938964844,115.57943450927735,148.1248545328776,157.98164558410645,98.86000061035156,204.07501521051967,0.07715748121057286,0.04929723783834894,False,False,True,True,False
LEA,2026-08-11,121.93000030517578,137.809814453125,129.45012100219728,123.74274810791016,93.35916848608875,150.0,-0.10903206693338752,0.04929723783834894,False,True,True,False,False
LECO,2026-08-11,284.2699890136719,261.9586547851562,262.7049848429362,255.76630661010742,214.17863180201306,308.073280931121,0.037224670756270895,0.04929723783834894,True,True,True,False,False
LEG,2026-08-11,9.529999732971191,10.61081974029541,10.81535322189331,10.588034038543702,8.181629657519743,12.808396231748937,-0.15345712674208378,0.04929723783834894,False,True,False,False,False
LEN,2026-08-11,87.55000305175781,87.1269758605957,95.13206583658854,100.6538451385498,79.83000183105469,141.39296243213084,0.011276508837490873,0.04929723783834894,False,False,False,False,False
LEN-B,2026-08-11,86.19999694824219,85.74408050537109,91.3639833577474,96.30062828063964,78.0199966430664,134.5568275637083,-0.015277381460582773,0.04929723783834894,False,False,False,False,False
LENZ,2026-08-11,5.210000038146973,5.934700021743774,10.019566659927369,13.806474978923797,4.679999828338623,50.400001525878906,-0.4639917803480107,0.04929723783834894,False,False,False,False,False
LEU,2026-08-11,189.19000244140625,171.31399993896486,204.56346740722657,223.06855056762694,142.1300048828125,464.25,-0.11270049076879762,0.04929723783834894,False,False,False,False,False
LFST,2026-08-11,11.5,9.811799955368041,7.970733318328858,7.52894998550415,4.519999980926514,12.425000190734863,0.5624999716554004,0.04929723783834894,True,True,True,True,True
LFUS,2026-08-11,453.8699951171875,442.10699768066405,388.81690999348956,354.58789741516114,231.9937598811653,500.57000732421875,-0.024078579708824877,0.04929723783834894,True,True,True,False,False
LGIH,2026-08-11,57.79999923706055,56.80939994812012,50.105400009155275,49.27165002822876,33.54999923706055,69.5,0.23504273887443117,0.04929723783834894,True,True,True,True,True
LGN,2026-08-11,64.97000122070312,75.2332006072998,66.82396677652994,60.62510007858276,26.959999084472656,107.23799896240234,-0.33798653327120365,0.04929723783834894,False,False,True,False,False
LGND,2026-08-11,288.75,281.87540252685545,231.64106760660806,222.48625091552734,149.0,326.6300048828125,0.24166844210160665,0.04929723783834894,True,True,True,True,True
LH,2026-08-11,322.4200134277344,282.1035998535156,271.77199361165367,268.4670379638672,242.59049363940713,323.9700012207031,0.26746886860710095,0.04929723783834894,True,True,True,True,True
LHX,2026-08-11,286.0199890136719,295.5500213623047,324.3743520100912,314.43948638916015,262.67999267578125,376.3886678088942,-0.04648781193017615,0.04929723783834894,False,True,False,False,False
LIF,2026-08-11,48.61000061035156,51.85180015563965,49.52213343302409,56.706275100708005,37.0099983215332,112.54000091552734,0.12056245766394036,0.04929723783834894,False,False,False,True,False
LII,2026-08-11,430.8299865722656,517.2390222167969,509.926850789388,504.4713473510742,411.4100036621094,610.0843123314362,-0.20227849603327075,0.04929723783834894,False,False,False,False,False
LILA,2026-08-11,8.569999694824219,6.965067405700683,5.895104033152262,5.7992492246627805,4.578804016113281,8.880000114440918,0.6361918225149039,0.04929723783834894,True,True,True,True,True
LILAK,2026-08-11,8.470000267028809,6.919896764755249,5.9369311555226645,5.845208537578583,4.605978012084961,8.83899974822998,0.5822132110855982,0.04929723783834894,True,True,True,True,True
LIN,2026-08-11,490.5299987792969,511.2179528808594,491.69390625,472.759718170166,385.263556835197,548.2000122070312,-0.0035817575414410774,0.04929723783834894,False,True,True,False,False
LINC,2026-08-11,30.3799991607666,46.59140033721924,39.52726678212484,35.068400115966796,17.290000915527344,56.34000015258789,-0.32488890753851996,0.04929723783834894,False,True,False,False,False
LIND,2026-08-11,32.84000015258789,27.00740001678467,21.338599948883058,19.20519995212555,11.369999885559082,34.95000076293945,0.6858316696252764,0.04929723783834894,True,True,True,True,True
LINE,2026-08-11,41.79999923706055,42.694111022949215,38.54377089182536,37.489984064102174,30.441471439342518,45.75,0.07578605898512869,0.04929723783834894,False,True,True,True,False
LION,2026-08-11,11.869999885559082,13.983000011444092,11.485333318710326,10.440199975967408,5.875,16.700000762939453,-0.06974924195598897,0.04929723783834894,False,True,True,False,False
LITE,2026-08-11,820.5900268554688,816.3431994628907,735.4947336832682,624.623150024414,111.19999694824219,1085.6800537109375,-0.22077880001803663,0.04929723783834894,True,True,True,False,False
LIVN,2026-08-11,78.58000183105469,79.15420043945312,69.86340006510417,66.96480007171631,48.81999969482422,85.76000213623047,0.18593418801125772,0.04929723783834894,False,True,True,True,False
LKFN,2026-08-11,61.86000061035156,60.90081604003906,59.108617045084635,58.62173400878906,53.43063423125098,67.07293492298459,0.0011362638053273866,0.04929723783834894,True,False,False,False,False
LKQ,2026-08-11,24.700000762939453,25.59739994049072,28.764891408284505,28.92429948806763,21.170000076293945,36.34352947774973,-0.1313901518843157,0.04929723783834894,False,False,False,False,False
LLY,2026-08-11,1215.02001953125,1161.8536010742187,1048.005635579427,1035.589312133789,624.978901227372,1249.449951171875,0.25865996692703264,0.04929723783834894,True,True,True,True,True
LLYVA,2026-08-11,100.52999877929688,97.9002000427246,93.00136662801107,90.18664993286133,74.37999725341797,105.4749984741211,0.07876377449936967,0.04929723783834894,True,True,True,True,True
LLYVK,2026-08-11,104.26000213623047,101.48879974365235,95.70876642862956,92.85922477722168,76.93499755859375,108.9749984741211,0.09081397927276025,0.04929723783834894,True,True,True,True,True
LMAT,2026-08-11,82.83999633789062,95.89359939575195,98.7583841451009,95.31299942016602,78.6500015258789,117.71913682542741,-0.18295274958346253,0.04929723783834894,False,True,False,False,False
LMB,2026-08-11,46.400001525878906,74.78820022583008,81.18790018717448,80.83680011749267,46.0,128.57000732421875,-0.3971677174223769,0.04929723783834894,False,False,False,False,False
LMND,2026-08-11,52.869998931884766,59.94060012817383,63.39120005289713,65.52510005950927,46.15999984741211,99.9000015258789,-0.038902007906638225,0.04929723783834894,False,False,False,False,False
LMNR,2026-08-11,13.989999771118164,13.168200016021729,13.397000007629394,13.520033464431762,11.670000076293945,16.437586902590713,0.07947528780396995,0.04929723783834894,True,False,False,True,False
LMT,2026-08-11,597.77001953125,536.9780004882813,570.4147583007813,543.9857879638672,413.8381794732868,687.4992440281471,0.17458920738533523,0.04929723783834894,True,True,True,True,True
LNC,2026-08-11,44.43000030517578,38.9344930267334,37.470516789754235,38.27192855834961,31.40307270496678,47.66999816894531,0.19463045669899004,0.04929723783834894,True,False,True,True,False
LNG,2026-08-11,265.42999267578125,249.1677944946289,243.46174641927084,233.15829261779785,184.87842793621542,299.54404568207144,0.10513658063821385,0.04929723783834894,True,True,True,True,True
LNN,2026-08-11,114.98999786376953,115.61800033569335,118.0476161702474,117.28275840759278,96.93197263755782,147.4856737111657,0.05999445949208626,0.04929723783834894,False,False,False,True,False
LNT,2026-08-11,68.58000183105469,72.98515289306641,70.56363708496093,69.22217975616455,61.37149463202748,78.21522943544387,-0.03610680964742674,0.04929723783834894,False,True,False,False,False
LNTH,2026-08-11,100.68000030517578,103.84490020751953,86.88106643676758,80.10532480239868,49.66999816894531,111.86000061035156,0.0702668292951556,0.04929723783834894,False,True,True,True,False
LOAR,2026-08-11,72.88999938964844,70.81000038146972,66.83446673075358,67.94685001373291,53.150001525878906,83.43000030517578,0.1788775227407282,0.04929723783834894,True,False,True,True,False
LOB,2026-08-11,42.779998779296875,40.52397926330566,37.95812569936117,36.710075063705446,29.285283491106266,44.529998779296875,0.13445615748766526,0.04929723783834894,True,True,True,True,True
LOCO,2026-08-11,14.829999923706055,15.76519992828369,13.469866644541423,12.746500005722046,8.984999656677246,17.399999618530273,0.10837068735897581,0.04929723783834894,False,True,True,True,False
LOPE,2026-08-11,144.3800048828125,147.73340057373048,160.63399983723957,163.73699989318848,135.49000549316406,223.0399932861328,-0.12236332317904841,0.04929723783834894,False,False,False,False,False
LOVE,2026-08-11,17.600000381469727,16.55870008468628,15.027199967702229,14.723999972343444,10.329999923706055,20.8799991607666,0.11533591123552256,0.04929723783834894,True,False,True,True,False
LOW,2026-08-11,221.25,213.87886505126954,235.97439748128255,236.038030166626,199.39999389648438,289.86855945833355,-0.015228872504078561,0.04929723783834894,False,False,False,False,False
LPG,2026-08-11,43.040000915527344,40.893247833251955,35.46025608062744,32.57463651657105,22.17671947908424,47.875,0.13325764674438023,0.04929723783834894,True,True,True,True,True
LPLA,2026-08-11,371.19000244140625,309.21419799804687,320.08422322591144,330.34385803222654,260.1499938964844,399.35365185568276,0.14428215196454097,0.04929723783834894,True,False,True,True,False
LPTH,2026-08-11,13.09000015258789,13.151200027465821,12.58066665649414,11.4669499874115,3.359999895095825,18.940000534057617,0.021060878642039205,0.04929723783834894,False,True,True,False,False
LPX,2026-08-11,75.5199966430664,75.25660034179687,78.00548446655273,79.0715446472168,66.12000274658203,101.39251939037366,0.04626751485176572,0.04929723783834894,False,False,False,False,False
LQDA,2026-08-11,88.05000305175781,76.6594002532959,52.543600222269696,46.93370016098022,21.149999618530273,93.61000061035156,1.081560393377361,0.04929723783834894,True,True,True,True,True
LQDT,2026-08-11,41.779998779296875,38.50940017700195,34.43933334350586,32.74689999580383,21.670000076293945,43.81999969482422,0.21701125985676395,0.04929723783834894,True,True,True,True,True
LRCX,2026-08-11,311.4100036621094,337.40993347167966,275.2174886067708,246.59489120483397,93.59201479862544,438.5,0.052624178923817544,0.04929723783834894,False,True,True,True,False
LRMR,2026-08-11,4.309999942779541,3.670800013542175,3.9638333336512246,3.9016750061511996,2.7149999141693115,6.420000076293945,0.053789677746698406,0.04929723783834894,True,False,True,True,False
LRN,2026-08-11,79.08999633789062,88.51759979248047,86.82126673380534,83.22225004196167,60.61000061035156,171.1699981689453,-0.0944584422477347,0.04929723783834894,False,False,False,False,False
LSCC,2026-08-11,126.12000274658203,136.68940048217775,113.9603338623047,103.32870037078857,59.369998931884766,157.00999450683594,-0.022022362123371164,0.04929723783834894,False,True,True,False,False
LSTR,2026-08-11,177.74000549316406,203.76940032958984,176.2429677327474,165.30388862609863,116.76851492495703,228.4600067138672,-0.020951709350884196,0.04929723783834894,False,True,True,False,False
LTC,2026-08-11,38.11000061035156,38.48712364196777,37.67128936767578,36.755308380126955,32.23636644719091,42.7400016784668,0.0007197146624358108,0.04929723783834894,False,True,False,False,False
LTH,2026-08-11,43.810001373291016,39.173200149536136,31.961866772969564,30.470000104904173,24.139999389648438,47.23500061035156,0.3042572543696682,0.04929723783834894,True,True,True,True,True
LULU,2026-08-11,125.61000061035156,118.24200012207031,148.28773325602214,157.47764953613282,104.44000244140625,225.97999572753906,-0.005778025555634225,0.04929723783834894,False,False,False,False,False
LUMN,2026-08-11,6.380000114440918,7.469000005722046,7.854066658020019,8.04949999332428,3.75,11.949999809265137,-0.2476414553250793,0.04929723783834894,False,False,False,False,False
LUNR,2026-08-11,16.479999542236328,19.74300006866455,21.752800057729086,19.228775038719178,7.78000020980835,46.75,-0.4916717929360557,0.04929723783834894,False,True,False,False,False
LUV,2026-08-11,45.52000045776367,46.8093864440918,44.120847142537436,41.90243229866028,28.789114629101135,54.63439178085808,0.10672415337811247,0.04929723783834894,False,True,True,True,False
LVS,2026-08-11,45.720001220703125,47.3640608215332,52.14217653910319,55.01671073913574,43.92947882290992,69.23678676798703,-0.11634428028489974,0.04929723783834894,False,False,False,False,False
LW,2026-08-11,52.59000015258789,46.36684547424316,44.21210009256999,47.275522480010984,37.015551062272415,65.05736078957706,0.23638159087164823,0.04929723783834894,True,False,True,True,False
LWLG,2026-08-11,7.559999942779541,8.11600001335144,8.040533363024394,7.089950028657913,1.9900000095367432,18.709999084472656,-0.5516014431139513,0.04929723783834894,False,True,False,False,False
LXEO,2026-08-11,4.78000020980835,4.649799976348877,5.951366656621297,6.821824996471405,3.990000009536743,10.989999771118164,-0.17869414625054025,0.04929723783834894,False,False,False,False,False
LXFR,2026-08-11,17.079999923706055,17.35626838684082,15.044842828114827,14.436759843826295,11.060440915963358,19.302566342267365,0.10963619573194405,0.04929723783834894,False,True,True,True,False
LXP,2026-08-11,60.65999984741211,56.00203956604004,51.04851778666178,49.916591053009036,37.736170512177104,61.61000061035156,0.18583510046632035,0.04929723783834894,True,True,True,True,True
LXRX,2026-08-11,2.430000066757202,2.2133999943733214,1.8294666663805643,1.7055499988794327,1.0199999809265137,2.680000066757202,0.051948106904829316,0.04929723783834894,True,True,True,True,True
LXU,2026-08-11,9.989999771118164,11.272399997711181,12.137933311462403,11.325299968719483,7.349999904632568,17.219999313354492,-0.2818116548738312,0.04929723783834894,False,True,False,False,False
LYB,2026-08-11,63.97999954223633,59.97819999694824,62.82214116414388,57.879538478851316,39.51898065367848,83.07100326278955,-0.12077665971758289,0.04929723783834894,True,True,True,False,False
LYFT,2026-08-11,17.540000915527344,15.05119987487793,14.85449997584025,16.336675000190734,12.460000038146973,25.540000915527344,0.26459993224580547,0.04929723783834894,True,False,True,True,False
LYTS,2026-08-11,24.700000762939453,24.60680000305176,22.355598436991375,21.621959772109985,17.135143696441,27.360000610351562,0.01520759722127596,0.04929723783834894,True,True,True,False,False
LYV,2026-08-11,183.3300018310547,176.77460021972655,162.68613403320313,157.06860076904297,125.33999633789062,188.0,0.12472393761383249,0.04929723783834894,True,True,True,True,True
LZ,2026-08-11,5.440000057220459,6.642100009918213,6.948166675567627,7.682875032424927,5.21999979019165,12.399999618530273,-0.13375798161215757,0.04929723783834894,False,False,False,False,False
LZB,2026-08-11,41.540000915527344,39.283090057373045,36.611178156534834,36.199936685562136,28.472745732954845,44.900001525878906,0.1820946688587337,0.04929723783834894,True,True,True,True,True
LZM,2026-08-11,4.139999866485596,3.9542000246047975,4.4556666787465415,4.385150008201599,3.0,6.400000095367432,-0.2646536798700022,0.04929723783834894,False,False,True,False,False
M,2026-08-11,24.520000457763672,23.88472511291504,21.04552267710368,20.985474166870116,11.841181634688896,26.59000015258789,0.26832564493687094,0.04929723783834894,True,True,True,True,True
MA,2026-08-11,561.4400024414062,523.7797296142578,517.5694805908203,526.546920928955,463.74259988972767,598.0433279933587,0.1297104643744751,0.04929723783834894,True,False,True,True,False
MAA,2026-08-11,131.74000549316406,134.22287704467774,129.804748433431,129.39181407928467,117.48296886518924,142.7571991322104,0.022757162558878052,0.04929723783834894,False,True,False,False,False
MAC,2026-08-11,24.530000686645508,24.62212818145752,21.340864372253417,20.325245327949524,15.6346564432449,26.68000030517578,0.11088427382748822,0.04929723783834894,False,True,True,True,False
MAMA,2026-08-11,17.799999237060547,17.16079996109009,15.67329995473226,14.670874977111817,7.894999980926514,21.0,0.2678062169105069,0.04929723783834894,True,True,True,True,True
MAN,2026-08-11,56.2400016784668,42.04320003509522,33.25326105753581,32.004410943984986,24.577505939075646,57.939998626708984,0.9879109814271032,0.04929723783834894,True,True,True,True,True
MANE,2026-08-11,108.94999694824219,108.0686003112793,,,32.0,131.24000549316406,-0.007470162338535591,0.04929723783834894,False,False,True,False,False
MANH,2026-08-11,195.1999969482422,157.51199905395507,148.34119990030925,155.41520000457763,119.05999755859375,220.72000122070312,0.4172656865131379,0.04929723783834894,True,False,True,True,False
MAR,2026-08-11,349.489990234375,375.6215997314453,352.5035837809245,337.3299114990234,255.15708740924737,410.9800109863281,-0.008887575724059515,0.04929723783834894,False,True,True,False,False
MARA,2026-08-11,9.680000305175781,12.668400020599366,10.977666660944621,11.451549980640412,6.659999847412109,23.450000762939453,-0.27707243786569835,0.04929723783834894,False,False,False,False,False
MAS,2026-08-11,76.13999938964844,75.61000030517579,69.95121098836263,68.30640193939209,57.7649348292224,83.63999938964844,0.06330201224438614,0.04929723783834894,True,True,True,True,True
MASS,2026-08-11,10.010000228881836,8.286800022125243,7.1499000199635825,7.010425009727478,5.025000095367432,10.34000015258789,0.24193544761104002,0.04929723783834894,True,True,True,True,True
MAT,2026-08-11,15.029999732971191,14.254199962615967,16.057399997711183,16.966849961280822,12.729999542236328,22.479999542236328,-0.003315662532349384,0.04929723783834894,False,False,False,False,False
MATV,2026-08-11,12.800000190734863,8.412421808242797,9.707501700719197,10.212608072757721,7.070000171661377,15.143669267191072,0.39299992724560684,0.04929723783834894,True,False,True,True,False
MATW,2026-08-11,23.5,26.320832290649413,26.172253290812176,25.661914978027344,21.093556758590953,30.31994447070994,-0.14455899140904704,0.04929723783834894,False,True,False,False,False
MATX,2026-08-11,204.41000366210938,201.69157592773436,176.66381337483725,160.32628005981445,86.16425690891089,230.31335004775522,0.12576916386335357,0.04929723783834894,True,True,True,True,True
MAX,2026-08-11,13.109999656677246,11.72660005569458,10.326333338419596,10.876600003242492,7.090000152587891,14.699999809265137,0.46153837975522793,0.04929723783834894,True,False,True,True,False
MAZE,2026-08-11,27.309999465942383,27.49189998626709,33.85423334757487,34.528024950027465,12.8100004196167,53.650001525878906,0.07014102570809944,0.04929723783834894,False,False,False,True,False
MBC,2026-08-11,9.220000267028809,8.980999965667724,9.55453330039978,10.009099977016449,6.605000019073486,14.220000267028809,0.19740266174223908,0.04929723783834894,False,False,True,True,False
MBGL,2026-08-11,19.3700008392334,,,,,,,0.04929723783834894,False,False,False,False,False
MBI,2026-08-11,4.960000038146973,5.996000032424927,6.132466688156128,6.423550019264221,4.869999885559082,8.260000228881836,-0.18688522693579668,0.04929723783834894,False,False,False,False,False
MBIN,2026-08-11,54.44499969482422,49.881611022949215,45.44078122456869,42.32059439659119,30.141030572308498,56.869998931884766,0.1916308820808561,0.04929723783834894,True,True,True,True,True
MBUU,2026-08-11,29.68000030517578,27.53849998474121,28.09749996185303,28.22464998245239,23.84000015258789,39.650001525878906,0.1548637908204138,0.04929723783834894,True,False,True,True,False
MBWM,2026-08-11,60.849998474121094,56.52725044250488,52.82289042154948,50.989420337677004,41.77768810153992,62.38999938964844,0.17486156317244528,0.04929723783834894,True,True,True,True,True
MBX,2026-08-11,66.01000213623047,51.57269996643066,39.50536669413248,36.3274750328064,9.630000114440918,72.63999938964844,0.9017575303181069,0.04929723783834894,True,True,True,True,True
MC,2026-08-11,66.5999984741211,66.65719909667969,64.43130900065104,64.49206567764283,50.056894249957644,75.92353967143347,0.053345448248857785,0.04929723783834894,False,False,True,True,False
MCB,2026-08-11,92.91999816894531,94.31496505737304,88.97886021931966,84.9955241394043,64.0891921177733,101.65821621414676,0.02812726711280278,0.04929723783834894,False,True,True,False,False
MCBS,2026-08-11,35.88999938964844,34.76446739196777,30.93195603688558,29.684874782562257,23.911130239618167,37.15663478047001,0.11814032379708683,0.04929723783834894,True,True,True,True,True
MCD,2026-08-11,274.1499938964844,273.68859924316405,294.69559692382813,296.7339427185059,260.9599914550781,337.56211186521443,0.005132208437324204,0.04929723783834894,False,False,False,False,False
MCFT,2026-08-11,24.68000030517578,23.969300041198732,22.784266738891603,21.9557000541687,17.190000534057617,28.440000534057617,0.022369549676082512,0.04929723783834894,True,True,True,False,False
MCHB,2026-08-11,17.170000076293945,15.808799991607666,14.619216950734456,14.206995024681092,11.45225052715875,17.209999084472656,0.2422652745109526,0.04929723783834894,True,True,True,True,True
MCHP,2026-08-11,81.0199966430664,86.70760009765625,80.6644827524821,75.44863098144532,47.56606428835759,105.38109475045205,-0.17775785471394334,0.04929723783834894,False,True,True,False,False
MCK,2026-08-11,901.77001953125,805.2538012695312,840.2248771158854,837.5188385009766,634.4178338498243,997.8966126895185,0.2449040757535581,0.04929723783834894,True,False,True,True,False
MCO,2026-08-11,476.4800109863281,470.0920031738281,464.99487731933596,470.3575762939453,400.45682926644145,544.4014999183522,0.06458846423438103,0.04929723783834894,True,False,False,True,False
MCRI,2026-08-11,122.27999877929688,125.19417175292969,108.75036860148111,105.26743953704835,87.36349321144263,135.92999267578125,0.04213039429402876,0.04929723783834894,False,True,True,False,False
MCS,2026-08-11,28.68000030517578,23.568990020751954,19.03770502090454,17.99923490524292,12.662946239514202,32.41999816894531,0.6009920742450068,0.04929723783834894,True,True,True,True,True
MCY,2026-08-11,105.76000213623047,105.43524230957031,96.40314697265624,94.21201965332031,70.84460087318529,113.05999755859375,0.07110330051269664,0.04929723783834894,True,True,True,True,True
MD,2026-08-11,26.139999389648438,24.829599990844727,22.559199956258137,22.28379997253418,14.1899995803833,27.940000534057617,0.17694734206104967,0.04929723783834894,True,True,True,True,True
MDB,2026-08-11,439.1600036621094,345.33359985351564,321.3971998087565,335.8560503387451,198.47000122070312,444.7200012207031,0.49044633551356487,0.04929723783834894,True,False,True,True,False
MDGL,2026-08-11,535.27001953125,515.6498010253906,500.6399344889323,509.9330508422852,348.8800048828125,615.0,0.07693704775540788,0.04929723783834894,True,False,True,True,False
MDLN,2026-08-11,35.040000915527344,37.88349998474121,41.72363316853841,,32.814998626708984,50.875999450683594,-0.165912822768032,0.04929723783834894,False,False,False,False,False
MDLZ,2026-08-11,61.779998779296875,60.88881233215332,58.929192810058595,57.84588537216187,50.33856738065296,66.6500015258789,0.01445775193201193,0.04929723783834894,True,True,True,False,False
MDT,2026-08-11,90.68000030517578,81.85542144775391,86.47373346964518,88.62550769805908,72.65447002253417,103.76283615785873,0.2015517166953955,0.04929723783834894,True,False,True,True,False
MDU,2026-08-11,20.5,20.883545684814454,20.91621014912923,20.59956572532654,15.425397831847675,22.82781414026664,-0.09488301165799073,0.04929723783834894,False,True,True,False,False
MDWD,2026-08-11,13.930000305175781,14.349199981689454,16.259666690826418,16.773925013542176,13.539999961853027,20.299999237060547,-0.19804262336520628,0.04929723783834894,False,False,False,False,False
MDXG,2026-08-11,4.320000171661377,3.9694000053405762,4.332066677411397,5.013000007867813,3.0299999713897705,7.96999979019165,0.180327888074596,0.04929723783834894,False,False,False,True,False
MEDP,2026-08-11,605.5,521.6918969726562,500.28703369140624,519.9711508178711,373.0,677.9000244140625,0.4123766930294337,0.04929723783834894,True,False,True,True,False
MEI,2026-08-11,16.75,14.507972068786621,9.997980772654216,9.218307728767394,4.829645634668022,20.31357088005592,0.8167324578212034,0.04929723783834894,True,True,True,True,True
MET,2026-08-11,96.80000305175781,89.95186874389648,80.01279368082682,79.25462741851807,66.40657895512675,100.93000030517578,0.2586055790132047,0.04929723783834894,True,True,True,True,True
META,2026-08-11,599.1199951171875,598.1723962402343,622.3978173828125,629.0945422363282,519.7782492802263,793.6488143059948,0.0013613683746527272,0.04929723783834894,False,False,False,False,False
METC,2026-08-11,10.210000038146973,12.781799945831299,15.246466636657715,16.742999963760376,8.5600004196167,57.79999923706055,-0.3087339389498658,0.04929723783834894,False,False,False,False,False
MFA,2026-08-11,9.180000305175781,9.205229148864746,9.25274735768636,9.029359986782074,7.8575643778386866,10.049575009468441,-0.024820064988843482,0.04929723783834894,False,True,False,False,False
MFP,2026-08-11,44.95000076293945,,,,,,,0.04929723783834894,False,False,False,False,False
MGEE,2026-08-11,81.04000091552734,79.4716000366211,78.31190709431966,78.77357757568359,71.71594924636658,86.38444923865234,0.10460626503458137,0.04929723783834894,True,False,False,True,False
MGM,2026-08-11,44.130001068115234,46.55599998474121,39.866866709391275,38.44625001907349,29.190000534057617,51.59000015258789,0.15493331917006725,0.04929723783834894,False,True,True,True,False
MGNI,2026-08-11,24.299999237060547,18.893399906158447,15.104999955495199,15.297999949455262,10.819999694824219,26.649999618530273,0.8175018283513182,0.04929723783834894,True,False,True,True,False
MGPI,2026-08-11,18.3700008392334,17.149599952697756,19.66116134643555,20.761072044372558,15.720000267028809,30.05762896611746,-0.04287146183757462,0.04929723783834894,False,False,False,False,False
MGRC,2026-08-11,120.87999725341797,116.44268966674805,112.90387669881184,110.7261470413208,93.78418688025,125.53998771593062,0.06564054151869536,0.04929723783834894,True,True,True,True,True
MGTX,2026-08-11,13.050000190734863,11.624800033569336,9.457599999109904,9.180349996089936,6.619999885559082,15.350000381469727,0.3181818882405403,0.04929723783834894,True,True,True,True,True
MGY,2026-08-11,26.010000228881836,26.01426544189453,27.007976519266766,25.774381475448607,20.66568989532339,32.33463909491224,-0.06585748979989003,0.04929723783834894,False,True,True,False,False
MHK,2026-08-11,136.67999267578125,114.55759979248047,112.20439992268881,112.2434998703003,92.98999786376953,143.1300048828125,0.3094462183587152,0.04929723783834894,True,False,True,True,False
MHO,2026-08-11,152.27999877929688,148.13519897460938,137.32733352661134,135.55495021820067,116.77999877929688,163.66000366210938,0.1692259855385958,0.04929723783834894,True,True,True,True,True
MIAX,2026-08-11,42.31999969482422,42.018400268554686,43.046066716512044,43.55585006713867,28.6299991607666,57.13999938964844,-0.11260220353366246,0.04929723783834894,False,False,True,False,False
MIDD,2026-08-11,119.98999786376953,132.51471389770506,123.84724838256835,119.0360799407959,89.1552734375,148.5500030517578,0.04664956693425881,0.04929723783834894,False,True,True,False,False
MIR,2026-08-11,15.270000457763672,16.815400047302248,19.736200040181476,21.116550035476685,14.109999656677246,30.277000427246094,-0.22683541986006728,0.04929723783834894,False,False,False,False,False
MIRM,2026-08-10,98.69999694824219,109.68959991455078,100.62169993082682,93.35014995574952,63.231998443603516,130.0,-0.0789474283758218,0.04929723783834894,False,True,True,False,False
MITK,2026-08-11,18.520000457763672,17.696799945831298,14.724933312733969,13.414249997138977,8.529999732971191,21.049999237060547,0.20572922341913724,0.04929723783834894,True,True,True,True,True
MKC,2026-08-11,52.88999938964844,50.11869468688965,54.680379689534504,57.178596343994144,44.417500419931294,71.12574213249594,0.13382774347622384,0.04929723783834894,False,False,False,True,False
MKL,2026-08-11,1841.0400390625,1896.18419921875,1947.63359375,1972.95154296875,1719.4100341796875,2207.590087890625,0.03105998295946022,0.04929723783834894,False,False,False,False,False
MKSI,2026-08-11,294.3800048828125,343.80828369140625,279.37827138264976,247.41509063720704,96.78172461289897,447.6199951171875,0.00283314509462107,0.04929723783834894,False,True,True,False,False
MKTX,2026-08-11,162.52999877929688,125.38480010986328,153.2469908650716,157.00509605407714,108.75,194.89255608504916,0.09801480277450736,0.04929723783834894,True,False,True,True,False
MLAB,2026-08-11,111.2300033569336,100.57820022583007,94.66407745361329,90.30717361450195,58.52381568679143,113.98999786376953,0.082737705782443,0.04929723783834894,True,True,True,True,True
MLI,2026-08-11,68.44999694824219,64.19729461669922,62.45879341125488,60.4411371421814,44.352749696999396,71.12000274658203,-0.01342375532400486,0.04929723783834894,True,True,True,False,False
MLKN,2026-08-11,23.799999237060547,19.682199897766115,18.45738919576009,17.789403991699217,13.330748225800567,24.709999084472656,0.5512008110763562,0.04929723783834894,True,True,True,True,True
MLM,2026-08-11,553.6699829101562,574.6579846191406,605.4333219401042,608.2490182495117,523.47998046875,709.0844562455912,-0.07665209510739035,0.04929723783834894,False,False,False,False,False
MLR,2026-08-11,54.59000015258789,50.04000007629394,46.29571627298991,44.20523611068725,35.20537123461156,56.27000045776367,0.1418227861069583,0.04929723783834894,True,True,True,True,True
MLYS,2026-08-11,27.329999923706055,26.793299980163575,28.266133308410645,31.20690001487732,12.59000015258789,47.650001525878906,-0.09262950988677177,0.04929723783834894,False,False,False,False,False
MMI,2026-08-11,31.15999984741211,30.450999908447265,28.041938298543293,28.224267539978026,24.196086110977582,33.04092174999825,0.07411236130876597,0.04929723783834894,True,True,True,True,True
MMM,2026-08-11,183.1300048828125,164.74479919433594,157.30293345133464,159.01551551818847,138.62307999597104,184.89999389648438,0.2841991795708718,0.04929723783834894,True,True,True,True,True
MMS,2026-08-11,54.189998626708984,58.60499984741211,68.59576683044433,72.42639276504516,52.72999954223633,99.00412369602275,-0.11427110995637502,0.04929723783834894,False,False,False,False,False
MMSI,2026-08-11,91.11000061035156,72.21359962463379,73.1172664642334,76.31684976577759,59.7400016784668,94.75,0.4783384558058694,0.04929723783834894,True,False,True,True,False
MNKD,2026-08-11,3.8399999141693115,3.9200000286102297,3.872333337465922,4.291000002622605,2.2300000190734863,6.510000228881836,0.09090907243657687,0.04929723783834894,False,False,False,True,False
MNPR,2026-08-11,114.45999908447266,89.31860008239747,69.31676668802898,71.72140001296997,29.18000030517578,124.81999969482422,0.7923582522784842,0.04929723783834894,True,True,True,True,True
MNRO,2026-08-11,11.65999984741211,15.569399890899659,17.12850756963094,17.351982107162474,11.609999656677246,23.193657359291198,-0.2925074884377965,0.04929723783834894,False,False,False,False,False
MNST,2026-08-07,90.36000061035156,93.94900009155273,83.9514668782552,81.05980018615723,60.970001220703125,100.33999633789062,0.17046637541880139,0.04929723783834894,False,True,True,True,False
MNTK,2026-08-11,1.809999942779541,1.6731000018119813,1.53096666653951,1.6129750007390975,1.0700000524520874,2.569999933242798,0.23972595581352674,0.04929723783834894,True,False,True,True,False
MO,2026-08-11,65.02999877929688,70.88367889404297,66.89316762288412,64.15725160598755,53.00584558458877,77.05999755859375,-0.038004502082029545,0.04929723783834894,False,True,True,False,False
MOD,2026-08-11,198.32000732421875,248.87700103759767,224.50066706339518,205.4961502456665,111.18000030517578,323.25,-0.2767850395981767,0.04929723783834894,False,True,True,False,False
MOG-A,2026-08-11,416.9800109863281,398.8111999511719,337.38249267578124,308.43588241577146,187.21768952140548,430.5199890136719,0.3102087458220535,0.04929723783834894,True,True,True,True,True
MOH,2026-08-11,194.5399932861328,207.23239959716796,178.2620671081543,172.54310024261474,121.05999755859375,244.88999938964844,0.014021303607182345,0.04929723783834894,False,True,True,False,False
MORN,2026-08-11,195.3800048828125,175.75278686523438,179.41416432698568,187.8065185546875,141.0626720457749,263.3258607320048,0.16886489486589173,0.04929723783834894,True,False,True,True,False
MOS,2026-08-11,23.100000381469727,22.181599960327148,24.453893140157064,24.506968688964843,19.799999237060547,35.98156876381223,0.07089684543518393,0.04929723783834894,False,False,False,True,False
MOV,2026-08-11,37.0,37.74163024902344,28.895095138549806,26.432639560699464,14.552267711908298,40.5,0.3426110957884425,0.04929723783834894,False,True,True,True,False
MP,2026-08-11,55.2400016784668,52.66260009765625,57.95126668294271,58.050749969482425,37.810001373291016,100.2509994506836,-0.18053703193140813,0.04929723783834894,False,False,False,False,False
MPB,2026-08-11,37.810001373291016,35.000011901855466,33.14586976369222,32.21859775543213,25.82325321069669,38.91514175236309,0.18131032862680319,0.04929723783834894,True,True,True,True,True
MPC,2026-08-11,336.4200134277344,282.3495983886719,238.85990020751953,225.19377639770508,154.96713685274565,336.45001220703125,0.3375474160134373,0.04929723783834894,True,True,True,True,True
MPT,2026-08-11,4.019999980926514,4.67486454963684,4.895786701838175,4.9037999606132505,3.677181661239664,6.23128044868088,-0.20738754899444456,0.04929723783834894,False,False,False,False,False
MPWR,2026-08-11,1402.1099853515625,1412.4719702148439,1309.430763346354,1220.283917236328,795.4042408013161,1711.4785298274292,-0.15462684919408254,0.04929723783834894,False,True,True,False,False
MQ,2026-08-11,15.569999694824219,16.437399997711182,16.57833330154419,17.218549971580504,14.800000190734863,26.200000762939453,-0.04007396091534399,0.04929723783834894,False,False,False,False,False
MRCY,2026-08-11,109.1500015258789,109.04460052490235,93.75213373819987,88.56040042877197,57.91999816894531,128.4499969482422,0.19081384644325072,0.04929723783834894,True,True,True,True,True
MRK,2026-08-11,130.4199981689453,124.1380436706543,117.72338678995769,111.96130268096924,75.81180372354993,135.0500030517578,0.1804266559274863,0.04929723783834894,True,True,True,True,True
MRNA,2026-08-11,60.56999969482422,59.807900009155276,52.130833307902016,45.92182497024536,22.280000686645508,85.5999984741211,0.14542357169780362,0.04929723783834894,True,True,True,True,True
MRP,2026-08-11,29.729999542236328,28.487868156433105,28.43028840382894,28.485418815612793,25.60051366966946,32.54014995736136,0.11833567959933844,0.04929723783834894,True,False,False,True,False
MRSH,2026-08-11,191.25,175.43739898681642,174.8727300008138,176.4364340209961,156.60000610351562,210.68490434894105,0.1715160796324655,0.04929723783834894,True,False,True,True,False
MRTN,2026-08-11,14.510000228881836,16.84584512710571,14.633809668223064,13.588416523933411,9.223866203162277,18.41760135604874,-0.033256397556650996,0.04929723783834894,False,True,True,False,False
MRVI,2026-08-11,5.809999942779541,5.99460000038147,4.369533319473266,4.128199989795685,2.2799999713897705,7.440000057220459,0.22573844374025454,0.04929723783834894,False,True,True,True,False
MRVL,2026-08-11,212.30999755859375,241.07565979003905,156.5835400390625,139.3502988433838,61.30937387027895,329.79864574979393,0.24304829744003809,0.04929723783834894,False,True,True,True,False
MRX,2026-08-11,59.93000030517578,61.94529998779297,50.063390197753904,46.18489282608032,27.58979220886707,71.18000030517578,0.20010068131765713,0.04929723783834894,False,True,True,True,False
MS,2026-08-11,215.07000732421875,215.07295562744142,189.8369618733724,184.13836242675782,137.90379245568434,230.9785232797176,0.11996438954481614,0.04929723783834894,False,True,True,True,False
MSA,2026-08-11,192.9600067138672,171.22340057373046,174.98261647542319,171.1730300140381,149.74977031726573,207.73063902521173,0.11259606896113628,0.04929723783834894,True,True,True,True,True
MSBI,2026-08-11,33.349998474121094,30.932600059509276,25.89997350056966,23.836590585708617,13.60062449538223,35.099998474121094,0.22591347009013707,0.04929723783834894,True,True,True,True,True
MSCI,2026-08-11,561.7100219726562,593.1585974121094,574.8629180908204,570.7325575256348,497.3169315397342,644.77001953125,-0.04186372644301273,0.04929723783834894,False,True,False,False,False
MSEX,2026-08-11,58.279998779296875,54.91759971618652,52.989369023640954,52.85774326324463,43.27982248523475,60.926863535477224,0.14734928573756645,0.04929723783834894,True,True,True,True,True
MSFT,2026-08-11,503.80999755859375,409.66479736328125,411.6016925048828,431.72181121826173,349.20001220703125,550.2351530342114,0.2235283079095629,0.04929723783834894,True,False,True,True,False
MSGE,2026-08-11,79.37000274658203,75.33720001220703,65.84466664632161,61.63180000305176,35.310001373291016,82.79000091552734,0.18551167086596765,0.04929723783834894,True,True,True,True,True
MSGS,2026-08-11,393.4700012207031,386.5467987060547,337.3009987386068,310.02854919433594,188.59500122070312,411.7300109863281,0.1748178234968394,0.04929723783834894,True,True,True,True,True
MSI,2026-08-11,466.8599853515625,418.69087585449216,425.402201944987,414.5465815734863,357.3419958664831,493.57000732421875,0.19402099260339356,0.04929723783834894,True,False,True,True,False
MSM,2026-08-11,120.05999755859375,119.13988342285157,101.21205673217773,96.82059772491455,76.67800552864256,130.4600067138672,0.15166434538402385,0.04929723783834894,True,True,True,True,True
MSTR,2026-08-11,96.08999633789062,103.99499954223633,134.62953318277994,150.99120025634767,81.80999755859375,401.6700134277344,-0.5095947987107671,0.04929723783834894,False,False,False,False,False
MTB,2026-08-11,252.16000366210938,238.52839996337892,221.51009674072264,213.57227912902832,170.9881886538369,255.0,0.22089847557964126,0.04929723783834894,True,True,True,True,True
MTCH,2026-08-11,36.79999923706055,37.083537063598634,34.002361119588215,33.562195224761965,28.478711837933563,41.400001525878906,-0.026409929007010446,0.04929723783834894,False,True,True,False,False
MTD,2026-08-11,1437.1800537109375,1264.1073999023438,1289.9439314778647,1322.012998046875,1023.0499877929688,1525.1700439453125,0.08299675323002842,0.04929723783834894,True,False,True,True,False
MTDR,2026-08-11,52.619998931884766,51.13190490722656,52.273937403361,49.323574237823486,35.98451530261163,65.88148304932012,-0.03930956013957221,0.04929723783834894,True,True,True,False,False
MTG,2026-08-11,30.350000381469727,27.66061279296875,26.91267717997233,27.12887837409973,24.554385300723233,31.714836378275194,0.15597067876424697,0.04929723783834894,True,True,True,True,True
MTH,2026-08-11,73.81999969482422,73.9085269165039,69.817825978597,69.30005363464356,57.64790733145805,85.37999725341797,0.1456873210998615,0.04929723783834894,False,True,True,True,False
MTN,2026-08-11,147.66000366210938,141.23719161987304,133.23327443440755,134.71894607543945,116.68601724742427,160.49000549316406,0.18720839033489134,0.04929723783834894,True,False,True,True,False
MTRN,2026-08-11,280.79998779296875,249.8198992919922,189.80347249348958,172.9810057449341,104.479515597845,304.5799865722656,0.42732641112319003,0.04929723783834894,True,True,True,True,True
MTSI,2026-08-11,299.92999267578125,325.1979989624023,280.3527325439453,252.01269966125489,118.27999877929688,418.8999938964844,-0.1665833372058354,0.04929723783834894,False,True,True,False,False
MTUS,2026-08-11,21.709999084472656,19.888999977111816,18.848666699727378,18.455600004196167,14.1899995803833,22.579999923706055,0.18569086388311806,0.04929723783834894,True,True,True,True,True
MTW,2026-08-11,19.459999084472656,13.497600002288818,13.247600027720134,12.84780002117157,9.09000015258789,19.799999237060547,0.49462353304825646,0.04929723783834894,True,True,True,True,True
MTX,2026-08-11,73.83000183105469,75.49666473388672,72.3138591257731,68.90397758483887,53.767301256316586,84.20750597025533,-0.06739609302788174,0.04929723783834894,False,True,True,False,False
MTZ,2026-08-11,272.6499938964844,349.91119995117185,327.78006561279295,298.4705990600586,167.66000366210938,441.42999267578125,-0.34188614672583717,0.04929723783834894,False,True,True,False,False
MU,2026-08-11,868.52001953125,967.5716516113281,640.5701462809245,541.5057443237305,113.2781877501083,1254.8069810301963,0.09219266444659069,0.04929723783834894,False,True,True,True,False
MUR,2026-08-11,35.720001220703125,36.244600257873536,35.8522495396932,34.36724645614624,21.217298278483288,42.96674504451981,-0.04225674227837484,0.04929723783834894,False,True,True,False,False
MUSA,2026-08-11,544.219970703125,575.9420007324219,506.89521545410156,476.3119676208496,348.26256913851313,636.0499877929688,-0.05727096093233164,0.04929723783834894,False,True,True,False,False
MUX,2026-08-11,19.139999389648438,18.603999938964844,21.81299996693929,20.973150005340575,9.864999771118164,29.700000762939453,-0.16126206636236018,0.04929723783834894,False,False,True,False,False
MVBF,2026-08-11,30.239999771118164,28.82409996032715,27.096335576375324,26.876753787994385,22.26570509788567,31.989999771118164,0.1786758465952747,0.04929723783834894,True,True,True,True,True
MVST,2026-08-11,0.8640000224113464,1.0582200038433074,1.755006662607193,2.27407999843359,0.7120000123977661,7.119999885559082,-0.5722772125893509,0.04929723783834894,False,False,False,False,False
MWA,2026-08-11,26.219999313354492,25.515358123779297,26.779093958536784,26.188623609542848,22.56669607561371,30.836498673841476,-0.028775845463599015,0.04929723783834894,False,True,False,False,False
MWH,2026-08-11,30.280000686645508,31.34339988708496,,,23.829999923706055,48.400001525878906,-0.2836527002903303,0.04929723783834894,False,False,True,False,False
MXL,2026-08-11,69.0199966430664,83.32599998474122,51.5835999806722,42.75864998817444,12.770000457763672,128.3000030517578,-0.3251197916437425,0.04929723783834894,False,True,False,False,False
MYE,2026-08-11,32.279998779296875,29.531872062683107,23.896535835266114,22.37127010345459,15.248700324297179,37.45000076293945,0.5658025493765337,0.04929723783834894,True,True,True,True,True
MYGN,2026-08-11,3.2200000286102295,4.932599992752075,4.895466666221619,5.427300001382828,2.740000009536743,8.59000015258789,-0.23515439443380404,0.04929723783834894,False,False,False,False,False
MYRG,2026-08-11,329.94000244140625,417.1182000732422,344.3798008219401,313.6655004119873,171.50999450683594,503.57000732421875,-0.2279938259351283,0.04929723783834894,False,True,True,False,False
MZTI,2026-08-11,115.0199966430664,110.46618026733398,133.50270395914714,141.084220123291,104.27999877929688,185.91416258295388,-0.012329453576002125,0.04929723783834894,False,False,False,False,False
NABL,2026-08-11,3.1500000953674316,4.00260000705719,4.747600013415019,5.455300003290176,2.9200000762939453,8.734999656677246,-0.22982885627172578,0.04929723783834894,False,False,False,False,False
NAGE,2026-08-11,3.0799999237060547,3.3905999946594236,4.488399993578593,5.0793499958515165,2.869999885559082,10.520000457763672,-0.3802816793303556,0.04929723783834894,False,False,False,False,False
NAT,2026-08-11,6.170000076293945,5.874162387847901,5.188706016540527,4.727469204664231,2.6031597574888794,6.730000019073486,0.09832031050395429,0.04929723783834894,True,True,True,True,True
NATL,2026-08-10,46.400001525878906,45.27840019226074,43.54920013427734,41.95745004653931,33.310001373291016,48.5,0.04811387047866389,0.04929723783834894,True,True,True,False,False
NAVI,2026-08-11,8.539999961853027,8.349207410812378,8.881161467234294,9.616220059394836,7.179060135004698,13.13069686187749,-0.001196577974376889,0.04929723783834894,False,False,False,False,False
NAVN,2026-08-11,28.93000030517578,24.33940010070801,17.259033330281575,,8.104999542236328,29.8799991607666,0.5843373462513548,0.04929723783834894,False,False,True,True,False
NB,2026-08-11,5.360000133514404,4.911700024604797,5.424766694704692,5.63630002617836,3.5,12.579999923706055,-0.10517523567219711,0.04929723783834894,False,False,False,False,False
NBBK,2026-08-11,22.75,21.111089248657226,20.87534065246582,20.45763253211975,16.608153928847365,23.39954984938656,0.11418426280790217,0.04929723783834894,True,True,True,True,True
NBHC,2026-08-11,43.189998626708984,43.40459548950195,41.3366596476237,40.230924968719485,34.237120301232245,47.279998779296875,0.013083561057930737,0.04929723783834894,False,True,True,False,False
NBIX,2026-08-11,161.94000244140625,167.40880035400392,146.10986694335938,146.276000289917,122.13999938964844,186.1199951171875,0.1014827760533541,0.04929723783834894,False,True,True,True,False
NBN,2026-08-11,134.63999938964844,129.08893035888673,121.04853368123372,114.15553813934326,80.73072416959933,142.29933297342953,0.0917869506608524,0.04929723783834894,True,True,True,True,True
NBR,2026-08-11,88.16999816894531,86.84679962158204,82.48959963480631,74.51409971237183,31.100000381469727,112.9000015258789,-0.11324552048346248,0.04929723783834894,True,True,True,False,False
NBTB,2026-08-11,52.900001525878906,49.618422470092774,45.4572962697347,44.3056210899353,38.20550818488904,54.5,0.179794415513161,0.04929723783834894,True,True,True,True,True
NCLH,2026-08-11,18.700000762939453,19.590199928283692,20.066866715749104,20.146450057029725,14.529999732971191,27.18000030517578,0.1278649486724197,0.04929723783834894,False,False,True,True,False
NCMI,2026-08-11,3.7899999618530273,3.7346000051498414,3.5104337803522747,3.638576267957687,2.752200092400824,4.899926760417896,0.06935275160149845,0.04929723783834894,True,False,True,True,False
NCNO,2026-08-11,19.15999984741211,16.836599922180177,17.676833267211915,19.617874937057493,13.800000190734863,33.91999816894531,0.0776152478893386,0.04929723783834894,False,False,False,True,False
NDAQ,2026-08-11,95.0199966430664,88.57334182739258,88.79684616088868,88.96800689697265,76.55000305175781,101.10603805405401,0.07146973726218553,0.04929723783834894,True,False,True,True,False
NDSN,2026-08-11,311.3599853515625,293.1741131591797,281.18817240397135,269.28083869934085,208.14670907159953,315.67999267578125,0.08817941860202194,0.04929723783834894,True,True,True,True,True
NE,2026-08-11,44.47999954223633,42.19895637512207,43.16136585235596,39.59555598258972,24.80861160223342,54.39071738168958,-0.08390581207968584,0.04929723783834894,True,True,True,False,False
NECB,2026-08-11,26.790000915527344,26.25806133270264,24.478922398885093,23.58193278312683,18.772825112827512,28.678621523072607,0.12736310461418054,0.04929723783834894,True,True,True,True,True
NEE,2026-08-11,85.73999786376953,86.98761398315429,88.82403310139973,86.94006038665772,67.81182764493248,98.03196328840686,-0.0893293453739239,0.04929723783834894,False,True,True,False,False
NEM,2026-08-11,117.20999908447266,98.6,109.05089106241861,104.47481842041016,66.49301309481251,134.2940212296047,-0.026405210317895667,0.04929723783834894,True,True,True,False,False
NEO,2026-08-11,16.530000686645508,13.534399948120118,10.989400024414062,11.050850024223328,5.78000020980835,16.920000076293945,0.9087760944459151,0.04929723783834894,True,True,True,True,True
NEOG,2026-08-11,11.489999771118164,9.739600028991699,9.64486665725708,8.83114999294281,4.900000095367432,12.850000381469727,0.24216213741817993,0.04929723783834894,True,True,True,True,True
NESR,2026-08-11,36.0099983215332,26.965400009155275,23.726666711171468,21.243575038909913,6.679999828338623,36.77000045776367,0.4526017342330213,0.04929723783834894,True,True,True,True,True
NET,2026-08-11,306.9700012207031,259.4197994995117,218.03520009358724,215.91334999084472,158.8300018310547,324.7300109863281,0.5651353366565071,0.04929723783834894,True,True,True,True,True
NEU,2026-08-11,917.0900268554688,803.1775146484375,705.7283268229166,714.1222589111328,574.9764475272369,924.6400146484375,0.3412072951964926,0.04929723783834894,True,False,True,True,False
NEWT,2026-08-11,12.729999542236328,14.152153205871581,12.998548272450765,12.349233174324036,9.159865950564235,15.6899995803833,-0.04277571815994896,0.04929723783834894,False,True,True,False,False
NEXN,2026-08-11,10.479999542236328,9.368299942016602,7.650999981562297,7.526374971866607,5.599999904632568,11.130000114440918,0.37352547641530953,0.04929723783834894,True,True,True,True,True
NEXT,2026-08-11,6.75,7.535799989700317,6.914466663996379,6.630200004577636,4.75,11.270000457763672,-0.16460395250796278,0.04929723783834894,False,False,False,False,False
NFG,2026-08-11,82.25,78.93440383911133,83.5590569559733,82.53803638458253,74.6390803493216,96.02694862493618,0.04273727976087027,0.04929723783834894,False,False,False,False,False
NFLX,2026-08-11,74.79000091552734,75.24319931030273,85.1368664042155,89.7024547958374,65.08000183105469,126.70999908447266,-0.1247512745866064,0.04929723783834894,False,False,False,False,False
NG,2026-08-11,7.679999828338623,6.642999992370606,8.686000003814698,8.79064998626709,5.079999923706055,14.399999618530273,-0.16702824230898405,0.04929723783834894,False,False,False,False,False
NGNE,2026-08-11,35.79999923706055,32.814800071716306,25.65906669616699,25.318349990844727,15.930000305175781,43.65999984741211,0.10733056633089144,0.04929723783834894,True,True,True,True,True
NGVC,2026-08-11,27.540000915527344,31.267000160217286,28.06836409250895,28.281719160079955,23.216439065768814,40.78078589170582,0.02655848014459372,0.04929723783834894,False,False,False,False,False
NGVT,2026-08-11,77.79000091552734,72.41740020751953,70.79946667989095,66.6243999862671,45.849998474121094,79.29000091552734,-0.001027376759123011,0.04929723783834894,True,True,True,False,False
NHC,2026-08-11,216.69000244140625,206.94092010498048,176.50732299804687,164.8061199569702,102.99617789649899,232.6699981689453,0.28325321997158603,0.04929723783834894,True,True,True,True,True
NHI,2026-08-11,69.94999694824219,74.35357299804687,78.17460220336915,77.2242244720459,67.13452527993027,89.28858225632976,-0.04209401691542203,0.04929723783834894,False,True,False,False,False
NHP,2026-08-11,16.239999771118164,14.976701049804687,,,,,0.2315699961321951,0.04929723783834894,False,False,False,True,False
NI,2026-08-11,42.0099983215332,45.87101745605469,45.58011288960775,44.6012162399292,37.44708624933565,48.88244403414796,-0.10056357556040252,0.04929723783834894,False,True,False,False,False
NIC,2026-08-11,177.27000427246094,159.1385888671875,150.17904912312827,143.72814086914062,113.30839987178238,177.49000549316406,0.2115763562980697,0.04929723783834894,True,True,True,True,True
NIQ,2026-08-11,16.579999923706055,9.893400011062623,11.54766666730245,12.320000002384186,7.929999828338623,18.700000762939453,0.5835720631181178,0.04929723783834894,True,False,True,True,False
NJR,2026-08-11,54.7400016784668,56.44995094299316,53.971865768432615,51.72985555648804,42.265568204450005,60.86000061035156,0.006514747999264658,0.04929723783834894,False,True,True,False,False
NKE,2026-08-11,41.31999969482422,43.058999938964845,49.82604248046875,53.039255390167234,40.0,78.02881101869576,-0.01651964869676792,0.04929723783834894,False,False,False,False,False
NKTR,2026-08-11,75.5,66.6031997680664,66.14859990437826,63.4627498626709,22.5,109.0,-0.09439849451012139,0.04929723783834894,True,True,True,False,False
NKTX,2026-08-11,2.3299999237060547,2.6564000034332276,2.548333330154419,2.3878999948501587,1.7000000476837158,3.7200000286102295,-0.26729563685762225,0.04929723783834894,False,True,True,False,False
NLOP,2026-08-11,11.5,11.600799980163574,11.307892665863037,11.099165062904358,9.458471098256334,13.5,-0.11128281507568993,0.04929723783834894,False,True,True,False,False
NLY,2026-08-11,23.139999389648438,22.161647300720215,21.627325426737467,21.24922490119934,17.9334766461374,23.479999542236328,0.06572081349861159,0.04929723783834894,True,True,True,True,True
NMIH,2026-08-11,44.400001525878906,40.22660011291504,39.23413340250651,38.96600009918213,34.84000015258789,45.310001373291016,0.16078435361774912,0.04929723783834894,True,True,True,True,True
NMRK,2026-08-11,14.770000457763672,15.063900051116944,15.450117664337158,15.923695082664489,13.28058524270279,19.681073449291468,-0.1068578007417118,0.04929723783834894,False,False,False,False,False
NN,2026-08-11,17.829999923706055,17.24070001602173,17.273500016530356,16.514450039863586,10.869999885559082,24.420000076293945,-0.07759958644181986,0.04929723783834894,True,True,True,False,False
NNE,2026-08-11,19.3799991607666,20.566999988555906,24.31986665725708,26.97970003604889,14.710000038146973,60.869998931884766,-0.3164021552030082,0.04929723783834894,False,False,False,False,False
NNI,2026-08-11,125.33000183105469,131.92910171508788,131.90172124226888,131.53837821960448,116.32526454701406,144.01510854782651,-0.10526549135290353,0.04929723783834894,False,True,False,False,False
NNN,2026-08-11,45.369998931884766,46.18832725524902,43.63136159261068,42.43686902999878,37.326285354022566,49.35604771825488,0.03262067715273709,0.04929723783834894,False,True,True,False,False
NOC,2026-08-11,575.6900024414062,536.7443969726562,613.9993481445313,601.812978515625,479.0199890136719,770.6083982498394,0.05474858023721518,0.04929723783834894,False,False,True,True,False
NOG,2026-08-11,24.25,20.17560977935791,23.382219212849936,22.77611925125122,17.18000030517578,29.993883284266467,0.05090706354424923,0.04929723783834894,True,False,True,True,False
NOV,2026-08-11,21.020000457763672,19.601368865966798,19.24645628611247,18.220669708251954,11.629056291892548,21.458167240462505,0.10158830941576458,0.04929723783834894,True,True,True,True,True
NOVT,2026-08-11,167.7100067138672,155.29720001220704,140.23153340657552,134.27740005493163,98.2699966430664,176.3800048828125,0.20741550815944287,0.04929723783834894,True,True,True,True,True
NOW,2026-08-11,127.54000091552734,107.75340042114257,107.97353357950847,122.74466999053955,81.23999786376953,194.7259979248047,0.39403217721610395,0.04929723783834894,True,False,True,True,False
NP,2026-08-11,31.270000457763672,30.016400032043457,26.39739995320638,26.3510999584198,14.779999732971191,35.150001525878906,0.019230774013009322,0.04929723783834894,True,False,True,False,False
NPCE,2026-08-11,15.050000190734863,15.746200046539307,15.541466706593832,15.16590003490448,7.563000202178955,19.600000381469727,-0.16942607650720276,0.04929723783834894,False,True,True,False,False
NPK,2026-08-11,138.22999572753906,127.69899993896485,130.603392384847,123.41460388183594,90.61594843000644,149.86000061035156,-0.006611557379080479,0.04929723783834894,True,True,True,False,False
NPKI,2026-08-11,13.850000381469727,14.421600017547608,14.3660666847229,13.88845001220703,9.449999809265137,16.5,-0.11839590402042022,0.04929723783834894,False,True,True,False,False
NPO,2026-08-11,336.489990234375,336.80901794433595,290.6134609985352,272.6183204650879,201.26046696037167,390.4200134277344,0.0690329308677875,0.04929723783834894,False,True,True,True,False
NRC,2026-08-11,21.3799991607666,20.359256553649903,18.19907979329427,17.517153573036193,10.736295619266537,23.68000030517578,0.20648653733574007,0.04929723783834894,True,True,True,True,True
NRDS,2026-08-11,9.779999732971191,8.97120002746582,10.075700025558472,11.00782502412796,7.329999923706055,16.239999771118164,0.1615201477855388,0.04929723783834894,False,False,True,True,False
NRG,2026-08-11,119.79000091552734,133.0737255859375,146.51569803873699,150.76508193969727,112.5,188.7101794607931,-0.15257852043808473,0.04929723783834894,False,False,False,False,False
NRIM,2026-08-11,26.760000228881836,26.466574172973633,25.087589174906412,24.89094591140747,19.235516461388826,30.424530004350803,0.13054445308718376,0.04929723783834894,True,True,True,True,True
NRIX,2026-08-11,25.959999084472656,21.11899991989136,18.072433319091797,17.419600000381468,8.194999694824219,26.360000610351562,0.537914714167183,0.04929723783834894,True,True,True,True,True
NSC,2026-08-11,334.6000061035156,320.82246826171877,306.2117553710938,300.6531030273438,263.58413692162463,357.1863643581986,0.07654217830414889,0.04929723783834894,True,True,True,True,True
NSIT,2026-08-11,150.9499969482422,118.9033999633789,93.22359985351562,92.42074993133545,63.619998931884766,155.99000549316406,1.18736403819053,0.04929723783834894,True,True,True,True,True
NSP,2026-08-11,50.689998626708984,44.034264373779294,34.95677041371663,35.07370290756226,18.23839341556949,55.900001525878906,0.5914780974548179,0.04929723783834894,True,False,True,True,False
NSSC,2026-08-11,39.61000061035156,37.09315185546875,40.10295450846354,40.43106044769287,29.317962526359864,47.597744412377544,-0.03555369873380898,0.04929723783834894,False,False,True,False,False
NTAP,2026-08-11,198.47000122070312,168.01413940429688,125.92178400675456,122.2774946975708,92.93030836511167,202.27000427246094,0.7617062434178612,0.04929723783834894,True,True,True,True,True
NTB,2026-08-11,63.40999984741211,59.96719993591309,55.0289724222819,52.943718147277835,39.84860413980129,63.810001373291016,0.1492103606086257,0.04929723783834894,True,True,True,True,True
NTCT,2026-08-11,38.599998474121094,41.17199974060058,34.95406655629476,33.03964988708496,22.030000686645508,45.279998779296875,-0.050897462208513766,0.04929723783834894,False,True,True,False,False
NTGR,2026-08-11,23.850000381469727,23.847799987792968,23.267466672261556,24.3423499584198,19.0,36.86000061035156,-0.06690137402980612,0.04929723783834894,False,False,True,False,False
NTLA,2026-08-11,12.020000457763672,13.464200077056885,13.300933322906495,12.586874990463256,7.949999809265137,28.25,-0.16643547890653632,0.04929723783834894,False,False,False,False,False
NTNX,2026-08-11,64.31999969482422,54.07659996032715,46.13026667277018,49.023600044250486,34.0099983215332,82.41999816894531,0.4242692628908429,0.04929723783834894,True,False,True,True,False
NTRA,2026-08-11,312.7200012207031,256.433401184082,225.68423350016275,224.36972511291503,152.6199951171875,326.0299987792969,0.5703525267609233,0.04929723783834894,True,True,True,True,True
NTRS,2026-08-11,187.77999877929688,178.35736450195313,159.33866455078126,152.15889251708984,119.16799812932595,191.60000610351562,0.17175200125760282,0.04929723783834894,True,True,True,True,True
NTST,2026-08-11,19.889999389648438,20.822247772216798,19.83254507700602,19.276495246887208,16.65237188888767,22.469999313354492,-0.022442755075792853,0.04929723783834894,False,True,False,False,False
NU,2026-08-11,13.649999618530273,13.341800003051757,14.638533350626627,15.083050026893616,11.199999809265137,18.979999542236328,0.011111082854094345,0.04929723783834894,False,False,True,False,False
NUE,2026-08-11,271.95001220703125,247.36543548583984,208.5439676920573,194.75568183898926,130.1093889040497,280.1099853515625,0.19832046351646104,0.04929723783834894,True,True,True,True,True
NUS,2026-08-11,4.869999885559082,5.259795999526977,7.212943827311198,7.904873967170715,4.489999771118164,14.290329171628837,-0.32981039315474303,0.04929723783834894,False,False,False,False,False
NUTX,2026-08-11,166.4499969482422,155.69329864501952,132.477666015625,134.32274955749511,77.20999908447266,204.0,0.2745999051685921,0.04929723783834894,True,True,True,True,True
NUVB,2026-08-11,6.369999885559082,5.762600002288818,5.379400005340576,5.781100010871887,2.2100000381469727,9.75,0.32985384891210456,0.04929723783834894,True,False,True,True,False
NVAX,2026-08-11,7.949999809265137,8.664799966812133,8.88579995473226,8.441249969005584,6.199999809265137,11.970000267028809,-0.16315791481419617,0.04929723783834894,False,True,True,False,False
NVCR,2026-08-11,17.65999984741211,16.44039993286133,14.313533318837484,13.861049995422363,9.819999694824219,21.451000213623047,0.04931669206587164,0.04929723783834894,True,True,True,True,True
NVDA,2026-08-11,217.5,206.25178771972656,196.74880391438802,194.17022827148438,163.8517783946414,236.26463268418732,-0.007685486378272821,0.04929723783834894,True,True,True,False,False
NVEC,2026-08-11,116.87000274658203,105.39899993896485,83.46082682291667,78.63155292510986,55.73425303778527,135.0,0.33408971654136477,0.04929723783834894,True,True,True,True,True
NVGS,2026-08-11,20.030000686645508,21.260600051879884,20.356310857137043,19.51684947490692,13.930139926538562,24.290000915527344,-0.11346697541781448,0.04929723783834894,False,True,True,False,False
NVR,2026-08-11,6429.9599609375,6412.35259765625,6754.264798177083,6915.514096679687,5501.009765625,8618.2802734375,0.05412639214753945,0.04929723783834894,False,False,False,True,False
NVRI,2026-08-11,20.139999389648438,21.550999908447267,19.785333353678386,18.73835000038147,8.789999961853027,24.200000762939453,0.046777527507110284,0.04929723783834894,False,True,True,False,False
NVST,2026-08-11,28.520000457763672,25.900599975585937,25.81633332570394,24.516249980926514,18.770000457763672,30.420000076293945,0.0535648607050665,0.04929723783834894,True,True,True,True,True
NVT,2026-08-11,167.16000366210938,161.64753051757813,138.43362177530923,130.01293277740479,85.15009098275999,184.39579767909396,0.00390676045873084,0.04929723783834894,True,True,True,False,False
NVTS,2026-08-11,13.600000381469727,16.865900020599366,13.956500005722045,12.748699996471405,5.440000057220459,34.16999816894531,-0.3995584719417222,0.04929723783834894,False,True,False,False,False
NWBI,2026-08-11,15.630000114440918,14.895389213562012,13.407607282002767,12.948035268783569,10.788258906931144,15.95749338203269,0.15535408338897705,0.04929723783834894,True,True,True,True,True
NWE,2026-08-11,70.6500015258789,70.69836456298827,68.91422823588053,67.40585121154785,52.6912500063027,74.47104991603388,0.003412599093939539,0.04929723783834894,False,True,True,False,False
NWL,2026-08-11,6.150000095367432,5.130400004386902,4.386863389015198,4.185237951278687,2.9060792193344023,7.130000114440918,0.38171814695391726,0.04929723783834894,True,True,True,True,True
NWN,2026-08-11,50.25,49.44558525085449,49.55730992635091,48.59908750534058,38.39385619631424,54.92375967503449,0.04295306126278464,0.04929723783834894,True,True,True,False,False
NWPX,2026-08-11,111.76000213623047,130.5965997314453,97.59759989420573,87.99579996109009,49.25,152.02999877929688,0.0050360180158002255,0.04929723783834894,False,True,True,False,False
NWS,2026-08-11,32.66999816894531,30.618999900817872,29.38289175669352,29.41491457939148,25.396355284284606,35.310001373291016,0.08071447779216467,0.04929723783834894,True,False,True,True,False
NWSA,2026-08-11,28.6299991607666,26.95280002593994,25.76290594736735,25.798615245819093,22.107616742541015,31.47845721988335,0.05880170826200759,0.04929723783834894,True,False,True,True,False
NX,2026-08-11,21.889999389648438,17.94378583908081,18.590537185668946,17.420204467773438,10.884242147597627,22.766034912042112,0.10242486779063431,0.04929723783834894,True,True,True,True,True
NXDR,2026-08-11,2.6600000858306885,2.27560001373291,1.908733330567678,1.916649999022484,1.3300000429153442,3.7200000286102295,0.37823842389749784,0.04929723783834894,True,True,True,True,True
NXDT,2026-08-11,4.699999809265137,5.057600021362305,4.68918001015981,4.26201154589653,2.3527563804374125,5.949999809265137,-0.04998789908793533,0.04929723783834894,False,True,True,False,False
NXRT,2026-08-11,24.68000030517578,27.111992721557616,27.358302307128906,27.730342168807983,23.350980467257706,32.44332258586675,-0.14996591173207952,0.04929723783834894,False,False,False,False,False
NXST,2026-08-11,184.55999755859375,179.7995993041992,200.39818115234374,197.9605034637451,154.47000122070312,251.56586138370116,-0.05523836958897288,0.04929723783834894,False,False,False,False,False
NXT,2026-08-11,104.87999725341797,114.52940017700195,114.6731000773112,109.20192501068115,52.61000061035156,163.1300048828125,-0.1322191235829343,0.04929723783834894,False,True,True,False,False
NYT,2026-08-11,63.72999954223633,72.78751426696778,75.35133415222168,72.27496232986451,53.644985280977856,86.82825411815583,-0.23602473082305775,0.04929723783834894,False,True,False,False,False
O,2026-08-11,61.88999938964844,62.48709678649902,61.83484647115072,60.18227220535278,53.77472854368447,66.8675622936674,0.00537467128295277,0.04929723783834894,False,True,False,False,False
OABI,2026-08-11,3.380000114440918,2.3413999891281128,1.9602999965349832,1.9087999969720841,1.2999999523162842,3.5450000762939453,1.363636530362649,0.04929723783834894,True,True,True,True,True
OBK,2026-08-11,53.75,51.378200149536134,45.92629898071289,43.472667083740234,31.704912074523246,55.56999969482422,0.1697400946535237,0.04929723783834894,True,True,True,True,True
OBT,2026-08-11,38.77000045776367,36.89426116943359,34.06812094370524,32.18952971458435,22.47215632581006,40.099998474121094,0.15496139190073133,0.04929723783834894,True,True,True,True,True
OC,2026-08-11,158.9199981689453,135.89984115600586,123.71501541137695,120.65377880096436,95.62998271676163,159.03216897312873,0.29884752792948177,0.04929723783834894,True,False,True,True,False
OCFC,2026-08-11,19.079999923706055,18.78505096435547,18.3685098139445,18.345012340545654,15.666933529667343,20.120628440606566,0.012528495477263535,0.04929723783834894,True,True,True,False,False
OCGN,2026-08-11,1.3700000047683716,1.33639999628067,1.5728333298365276,1.514674997329712,0.9779999852180481,2.7249999046325684,-0.07432433303208819,0.04929723783834894,False,False,False,False,False
OCUL,2026-08-11,9.760000228881836,9.159500026702881,9.257333345413208,10.015750019550323,6.230000019073486,16.440000534057617,0.011399027430046171,0.04929723783834894,False,False,False,False,False
ODC,2026-08-11,87.44000244140625,94.6067433166504,74.94808876037598,69.6278147315979,45.23292294166689,106.7506481114597,0.16895854605672422,0.04929723783834894,False,True,True,True,False
ODFL,2026-08-11,209.44000244140625,226.05461334228517,205.74114034016927,190.49002140045167,125.42620870911932,252.02999877929688,0.07475133887225605,0.04929723783834894,False,True,True,True,False
OEC,2026-08-11,6.670000076293945,6.86807297706604,6.496903518040975,6.1303981184959415,4.297236031954635,10.770288769905925,-0.1812269464058519,0.04929723783834894,False,False,True,False,False
OFG,2026-08-11,52.540000915527344,49.06719627380371,43.96114133199056,42.9512886428833,35.14458816829543,53.81999969482422,0.1513601812610883,0.04929723783834894,True,True,True,True,True
OFIX,2026-08-11,10.319999694824219,10.543600006103516,11.90853333155314,12.785449986457825,8.850000381469727,16.989999771118164,-0.11568126586494831,0.04929723783834894,False,False,False,False,False
OFLX,2026-08-11,29.93000030517578,30.296219062805175,31.200841725667317,30.23406657218933,24.753040225087677,37.11488173895046,-0.013733183134270077,0.04929723783834894,False,False,True,False,False
OGE,2026-08-11,46.31999969482422,47.856376037597656,46.66311129252116,45.70914840698242,40.9811972678325,50.59000015258789,-0.014311607320576014,0.04929723783834894,False,True,False,False,False
OGN,2026-08-11,13.649999618530273,13.481800022125244,10.384617846806844,9.613680951595306,5.6814758380727275,13.65999984741211,0.019424246095482545,0.04929723783834894,True,True,True,False,False
OGS,2026-08-11,79.5999984741211,78.26220001220703,81.69761515299479,80.99347553253173,71.9968983111224,90.03057490293843,-0.06671392732979786,0.04929723783834894,False,False,False,False,False
OHI,2026-08-11,45.56999969482422,47.632199935913086,46.07403434753418,45.131016941070556,37.51967052689444,52.38999938964844,-0.010853049778860147,0.04929723783834894,False,True,True,False,False
OI,2026-08-11,7.150000095367432,8.74300000190735,11.044866635004679,11.662549974918365,6.820000171661377,16.90999984741211,-0.20643730147221484,0.04929723783834894,False,False,False,False,False
OII,2026-08-11,50.7599983215332,42.394599761962894,37.17506661732992,33.978449964523314,21.459999084472656,53.97999954223633,0.3382546246541076,0.04929723783834894,True,True,True,True,True
OIS,2026-08-11,8.819999694824219,8.244200057983399,9.59300002415975,8.823000025749206,4.889999866485596,14.5,-0.010101027399459617,0.04929723783834894,False,True,True,False,False
OKE,2026-08-11,91.5199966430664,87.99114486694336,84.46034439086914,80.37988273620606,61.671785114849555,94.93802623364421,0.07850484817491266,0.04929723783834894,True,True,True,True,True
OKLO,2026-08-11,47.0099983215332,50.40920021057129,62.535999857584635,71.79544982910156,36.61000061035156,193.83999633789062,-0.39831050845868743,0.04929723783834894,False,False,False,False,False
OKTA,2026-08-11,150.3300018310547,134.71300109863282,99.3366003926595,96.04592533111573,62.65999984741211,157.0,0.840249691985036,0.04929723783834894,True,True,True,True,True
OLED,2026-08-11,94.04000091552734,84.96663665771484,96.78094741821289,103.28075004577637,76.41999816894531,151.1771474014175,0.04082441393936742,0.04929723783834894,False,False,True,False,False
OLLI,2026-08-11,78.70999908447266,74.08259986877441,91.34366650899251,98.28374979019165,60.290000915527344,140.5399932861328,-0.05815484776952273,0.04929723783834894,False,False,False,False,False
OLMA,2026-08-11,10.430000305175781,11.354800014495849,16.802400016784667,17.483049988746643,4.909999847412109,36.25899887084961,-0.3133640162409673,0.04929723783834894,False,False,False,False,False
OLN,2026-08-11,19.079999923706055,22.166600036621094,24.3107533009847,23.327142114639283,17.981298290917454,30.245416193366502,-0.3327997331042861,0.04929723783834894,False,False,False,False,False
OLP,2026-08-11,23.59000015258789,24.319693031311036,22.705704752604166,21.876346197128296,18.460935327521877,25.8799991607666,0.018687734560353553,0.04929723783834894,False,True,True,False,False
OMC,2026-08-11,85.94999694824219,78.34760116577148,76.49722986857097,75.83572895050048,64.98003384188041,87.41000366210938,0.15593981408943636,0.04929723783834894,True,True,True,True,True
OMCL,2026-08-11,36.86000061035156,41.377400131225585,41.26039998372396,40.45995000839233,29.059999465942383,55.0,-0.15767819871661937,0.04929723783834894,False,True,True,False,False
OMDA,2026-08-11,24.010000228881836,20.535000038146972,16.291966660817465,16.940124988555908,10.279999732971191,26.915000915527344,0.6344452630852526,0.04929723783834894,True,False,True,True,False
OMER,2026-08-11,13.600000381469727,10.581799983978271,11.660933322906494,11.143699979782104,3.940000057220459,17.649999618530273,-0.03750882722424964,0.04929723783834894,True,True,True,False,False
OMF,2026-08-11,63.66999816894531,58.3203662109375,56.69849571228028,57.19545757293701,44.19676300715773,68.16118626397297,0.17979980021301945,0.04929723783834894,True,False,True,True,False
ON,2026-08-11,81.11000061035156,99.66940017700195,84.02893323262532,75.96944999694824,44.560001373291016,134.9199981689453,-0.24365906167409435,0.04929723783834894,False,True,True,False,False
ONB,2026-08-11,26.84000015258789,25.59604274749756,24.028323262532552,23.329743804931642,19.034331448825522,27.360000610351562,0.09903746777038847,0.04929723783834894,True,True,True,True,True
ONDS,2026-08-11,9.739999771118164,8.598600025177001,9.8535666847229,9.341500017642975,3.200000047683716,15.279999732971191,0.033970243336783,0.04929723783834894,False,False,True,False,False
ONEW,2026-08-11,12.779999732971191,11.661100006103515,11.377533327738444,11.761899981498718,8.119999885559082,17.920000076293945,0.13197517946435933,0.04929723783834894,True,False,True,True,False
ONIT,2026-08-11,39.220001220703125,38.079399795532225,40.957666625976564,41.320899982452396,33.0,54.099998474121094,0.03237692782028767,0.04929723783834894,False,False,False,False,False
ONON,2026-08-11,30.90999984741211,37.293600158691405,39.45873332977295,40.45129998207092,30.11199951171875,52.20000076293945,-0.12287178277010447,0.04929723783834894,False,False,False,False,False
ONT,2026-08-11,16.40999984741211,18.81139995574951,21.10246664047241,22.294899945259093,12.680000305175781,31.219999313354492,-0.05959890372819421,0.04929723783834894,False,False,False,False,False
ONTO,2026-08-11,319.7900085449219,296.41839904785155,253.06366678873698,225.92100006103516,101.0,386.4599914550781,0.12337089774333743,0.04929723783834894,True,True,True,True,True
OOMA,2026-08-11,21.030000686645508,19.250199966430664,15.859466648101806,14.750299978256226,9.793000221252441,22.719999313354492,0.13247178418139316,0.04929723783834894,True,True,True,True,True
OPCH,2026-08-11,24.079999923706055,21.790999984741212,26.90313331604004,27.643050031661986,18.010000228881836,36.79999923706055,0.1775060648088127,0.04929723783834894,False,False,True,True,False
OPEN,2026-08-11,3.5799999237060547,4.384100003242493,4.90853334903717,5.455500012636184,2.2200000286102295,10.869999885559082,-0.2618556713193848,0.04929723783834894,False,False,False,False,False
OPK,2026-08-11,1.3899999856948853,1.38900000333786,1.2688000027338664,1.2894500017166137,0.9800000190734863,1.7300000190734863,0.24107141051517456,0.04929723783834894,True,False,True,True,False
OPLN,2026-08-11,36.5,39.006999816894535,33.25726661682129,31.685649976730346,24.31999969482422,42.900001525878906,0.015581563569533552,0.04929723783834894,False,True,True,False,False
OPTU,2026-08-11,0.8270000219345093,1.0613600027561187,1.326119999885559,1.4752399998903274,0.5830000042915344,2.7899999618530273,-0.40072461971588624,0.04929723783834894,False,False,False,False,False
ORA,2026-08-11,114.45999908447266,118.31739990234375,117.3589138285319,115.54244033813477,86.9456038200517,146.38999938964844,-0.002566633065414159,0.04929723783834894,False,True,True,False,False
ORC,2026-08-11,6.570000171661377,6.562784624099732,6.71719677289327,6.635399703979492,5.7420547547025675,7.635060993118102,-0.021864747560782938,0.04929723783834894,False,True,False,False,False
ORCL,2026-08-11,145.47999572753906,157.29237167358397,163.5400271097819,176.97294284820558,114.5,341.8239855426254,-0.2468730883854725,0.04929723783834894,False,False,False,False,False
ORGO,2026-08-11,1.8899999856948853,2.404800012111664,2.8491666833559672,3.400150013566017,1.5399999618530273,7.077000141143799,-0.2529644240838954,0.04929723783834894,False,False,False,False,False
ORI,2026-08-11,42.43000030517578,40.536323928833006,40.38698849995931,40.36501226425171,34.49644075298824,44.650001525878906,0.0916441612023624,0.04929723783834894,True,True,True,True,True
ORIC,2026-08-11,13.729999542236328,10.29010004043579,10.484266665776572,10.581874992847442,7.230000019073486,14.930000305175781,0.5272524907449034,0.04929723783834894,True,False,True,True,False
ORKA,2026-08-11,104.68000030517578,81.45739921569825,57.73906631469727,50.53819974899292,13.0600004196167,107.55000305175781,0.4999283411943025,0.04929723783834894,True,True,True,True,True
ORLY,2026-08-11,92.56999969482422,88.6386001586914,91.77533320109049,92.86544979095459,82.58999633789062,108.72000122070312,-0.004195346315505555,0.04929723783834894,False,False,False,False,False
ORRF,2026-08-11,42.790000915527344,40.40550743103027,37.48334622701009,36.751729068756106,30.899927552625787,43.709999084472656,0.19120226968044718,0.04929723783834894,True,True,True,True,True
OSBC,2026-08-11,25.450000762939453,23.27646282196045,21.313190218607584,20.72036784172058,16.426075101251165,26.040000915527344,0.22224622172684305,0.04929723783834894,True,True,True,True,True
OSCR,2026-08-10,27.670000076293945,28.73040008544922,20.151000016530354,19.174600009918212,10.6899995803833,33.099998474121094,0.29845146737408923,0.04929723783834894,False,True,True,True,False
OSG,2026-08-11,4.539999961853027,5.755799989700318,5.537866665522258,6.301099989414215,3.880000114440918,10.380000114440918,0.0758294283343659,0.04929723783834894,False,False,False,True,False
OSIS,2026-08-11,233.1999969482422,219.07059906005858,253.7173329671224,256.43995002746584,197.27000427246094,311.7200012207031,-0.02942525990968692,0.04929723783834894,False,False,False,False,False
OSK,2026-08-11,155.77999877929688,142.83600051879884,147.57609029134116,142.37227268218993,116.25206305296824,179.20161127153688,-0.001505781060842093,0.04929723783834894,True,True,True,False,False
OSPN,2026-08-11,16.299999237060547,14.83839994430542,12.484223912556967,12.543113813400268,9.92825826583848,18.479999542236328,0.39640832982769925,0.04929723783834894,True,False,True,True,False
OSUR,2026-08-11,3.880000114440918,4.163400025367737,3.3586666774749756,3.1436500120162965,2.0799999237060547,4.579999923706055,0.23961660465752588,0.04929723783834894,False,True,True,True,False
OSW,2026-08-11,25.989999771118164,26.159700050354004,23.56556396484375,22.898766145706176,18.97403158644649,29.24799919128418,0.028659341117264203,0.04929723783834894,False,True,True,False,False
OTIS,2026-08-11,73.04000091552734,72.19819931030274,79.17831064860026,81.37441139221191,69.16000366210938,93.99549208655573,-0.0514709459382473,0.04929723783834894,False,False,False,False,False
OTTR,2026-08-11,94.27999877929688,89.74660034179688,87.61137547810873,85.85386730194092,72.73323953550852,95.08999633789062,0.06747864648453739,0.04929723783834894,True,True,True,True,True
OUST,2026-08-11,45.130001068115234,42.61560005187988,30.461099993387858,29.056125001907347,16.399999618530273,63.790000915527344,0.6839553116742978,0.04929723783834894,True,True,True,True,True
OUT,2026-08-11,29.920000076293945,31.97110710144043,28.931062800089517,26.936912908554078,16.14665223021514,34.625453713979645,-0.04853280038333585,0.04929723783834894,False,True,True,False,False
OVV,2026-08-11,63.45000076293945,56.90170799255371,53.29215975443522,49.5164336013794,34.83109882060961,64.61000061035156,0.06482587642119175,0.04929723783834894,True,True,True,True,True
OWL,2026-08-11,12.319999694824219,9.74679998397827,10.361923662821452,11.44444633960724,7.767149643793404,19.21035370629137,0.2509951054292705,0.04929723783834894,True,False,True,True,False
OXM,2026-08-11,36.29999923706055,38.519277572631836,38.383229624430335,37.56904277801514,29.10561030285471,48.73598557188054,-0.18962808992907243,0.04929723783834894,False,False,True,False,False
OXY,2026-08-11,59.060001373291016,54.50994873046875,53.68360369364421,50.44276609420776,38.43910063787419,67.1398815647466,0.07603910770534839,0.04929723783834894,True,True,True,True,True
OZK,2026-08-11,51.869998931884766,50.50436515808106,47.93020535786947,47.104519844055176,41.15874579355938,53.18000030517578,0.1010526530586795,0.04929723783834894,True,True,True,True,True
P,2026-08-11,109.37999725341797,76.69539993286133,72.07319994608561,74.24354986190797,54.369998931884766,109.58999633789062,0.25234717013567987,0.04929723783834894,True,False,True,True,False
PACB,2026-08-11,1.1399999856948853,1.4448000001907348,1.5796666701634725,1.6900000029802322,1.090000033378601,2.7300000190734863,-0.16176472521776952,0.04929723783834894,False,False,False,False,False
PACK,2026-08-11,5.380000114440918,6.627599973678588,5.517733319600423,5.439499993324279,3.2200000286102295,7.809999942779541,-0.1487341822292001,0.04929723783834894,False,True,True,False,False
PACS,2026-08-11,44.95000076293945,41.99260002136231,38.069666633605955,34.92820001125336,7.5,49.4900016784668,0.4090909498578368,0.04929723783834894,True,True,True,True,True
PAG,2026-08-11,216.66000366210938,190.72440063476563,168.72627644856772,166.43829666137697,138.91214251793394,227.0,0.28759735059653835,0.04929723783834894,True,True,True,True,True
PAGS,2026-08-11,8.890000343322754,9.11,9.778597291310628,9.716743326187133,8.06634808224955,12.031163540683337,-0.08726893714267814,0.04929723783834894,False,False,False,False,False
PAHC,2026-08-11,34.08000183105469,32.92874946594238,42.81905558268229,42.36279371261597,28.131137104791954,59.827211403759335,-0.41497432469430906,0.04929723783834894,False,False,False,False,False
PANL,2026-08-11,6.909999847412109,7.262900009155273,7.604127203623454,7.289651274681091,4.45373770611118,9.327979054433237,-0.09545591329751568,0.04929723783834894,False,True,True,False,False
PANW,2026-08-11,383.79998779296875,320.5403985595703,227.06073303222655,219.82204986572265,139.57000732421875,387.20001220703125,0.7963118094855304,0.04929723783834894,True,True,True,True,True
PAR,2026-08-11,17.43000030517578,16.19659996032715,18.727066650390626,23.012350063323975,11.59000015258789,54.619998931884766,0.25848374188464485,0.04929723783834894,False,False,False,True,False
PARR,2026-08-11,75.47000122070312,64.46639999389649,55.906933288574216,52.17954992294312,27.420000076293945,86.7300033569336,0.21236949752133527,0.04929723783834894,True,True,True,True,True
PATH,2026-08-11,15.720000267028809,11.770800018310547,11.781133327484131,12.735449995994568,9.199999809265137,19.84000015258789,0.4746717159517688,0.04929723783834894,True,False,True,True,False
PATK,2026-08-11,87.41999816894531,87.18539978027344,104.81292465209961,104.87351852416992,81.29000091552734,147.2245505200005,-0.08368608479741879,0.04929723783834894,False,False,False,False,False
PAX,2026-08-11,11.199999809265137,11.042970790863038,12.341854248046875,12.881376791000367,10.410713673359359,17.11124570534826,-0.1078957567349248,0.04929723783834894,False,False,False,False,False
PAY,2026-08-11,40.61000061035156,27.318400077819824,26.652466659545897,28.268300008773803,20.110000610351562,45.310001373291016,0.49576431605673554,0.04929723783834894,True,False,True,True,False
PAYC,2026-08-11,212.22999572753906,147.64140045166016,136.65852462768555,144.31243587493896,104.33027893106137,232.78623157088984,0.5371938284597211,0.04929723783834894,True,False,True,True,False
PAYO,2026-08-11,7.090000152587891,6.710900001525879,5.6773999945322675,5.690649995803833,4.079999923706055,7.179999828338623,0.4588477279445895,0.04929723783834894,True,True,True,True,True
PAYS,2026-08-11,12.630000114440918,8.385199975967407,6.047666675249736,5.861950007677078,3.0799999237060547,12.890000343322754,0.9341500319510094,0.04929723783834894,True,True,True,True,True
PAYX,2026-08-11,121.30000305175781,106.36975982666016,98.04697123209635,101.06784488677978,83.49552737598185,135.23370957619963,0.3216162303668839,0.04929723783834894,True,False,True,True,False
PB,2026-08-11,73.63999938964844,71.86447509765625,69.74628781636557,68.93253198623657,59.515403611791506,75.87000274658203,0.05924496435306836,0.04929723783834894,True,True,True,True,True
PBF,2026-08-11,69.3499984741211,52.605400009155275,43.55296886444092,40.71609622955322,21.09117733165275,74.73999786376953,0.6420295655329693,0.04929723783834894,True,True,True,True,True
PBH,2026-08-11,53.599998474121094,49.0097998046875,56.546066716512044,57.615650024414066,42.619998931884766,71.06999969482422,0.0582427810339734,0.04929723783834894,False,False,True,True,False
PBI,2026-08-11,16.540000915527344,17.379128093719483,13.646663182576498,12.71336221218109,8.768778158446198,18.960527373951113,0.07456959775840022,0.04929723783834894,False,True,True,True,False
PCAR,2026-08-11,132.52999877929688,124.12720001220703,121.05897699991861,116.5580751800537,90.26887864024634,139.24000549316406,0.17689145413232454,0.04929723783834894,True,True,True,True,True
PCG,2026-08-11,17.299999237060547,17.10134059906006,16.959922275543214,16.657463674545287,14.150003952724834,19.04978410131586,0.07034668151983814,0.04929723783834894,True,True,True,True,True
PCOR,2026-08-11,58.7400016784668,46.39940055847168,53.34386690775553,58.6323000907898,38.029998779296875,82.31500244140625,0.1091390236766221,0.04929723783834894,True,False,True,True,False
PCRX,2026-08-11,24.3799991607666,24.57119998931885,23.433800048828125,23.529850044250487,18.799999237060547,27.65999984741211,0.02912615496639681,0.04929723783834894,False,False,True,False,False
PCT,2026-08-11,7.650000095367432,8.057700033187865,8.283200012842814,8.5886000084877,4.929999828338623,15.489999771118164,-0.22649142266892452,0.04929723783834894,False,False,False,False,False
PCTY,2026-08-11,145.0500030517578,119.63879989624023,117.47599990844726,125.04142513275147,92.98999786376953,182.8300018310547,0.41470793698133446,0.04929723783834894,True,False,True,True,False
PCVX,2026-08-11,59.220001220703125,53.71439994812012,54.66459986368815,52.34544986724853,29.809999465942383,65.0,0.037127894977840636,0.04929723783834894,True,True,True,False,False
PD,2026-08-11,11.869999885559082,9.850399990081787,8.51026667912801,9.911000003814697,5.699999809265137,17.290000915527344,0.6282578803391208,0.04929723783834894,True,False,True,True,False
PDFS,2026-08-11,49.150001525878906,55.3855997467041,43.297399838765465,39.488599882125854,18.559999465942383,71.69000244140625,-0.10782353621812335,0.04929723783834894,False,True,True,False,False
PDM,2026-08-11,9.350000381469727,9.264199943542481,8.290533304214478,8.301700003147126,6.320000171661377,10.130000114440918,0.1065089458603028,0.04929723783834894,True,True,True,True,True
PEB,2026-08-11,17.790000915527344,18.405509643554687,14.821874485015869,13.887681274414062,9.44111303464704,19.93000030517578,0.23863634100000763,0.04929723783834894,False,True,True,True,False
PEBO,2026-08-11,40.939998626708984,38.10197143554687,34.248241360982256,32.877907009124755,26.16652570756856,42.130001068115234,0.2272088999781594,0.04929723783834894,True,True,True,True,True
PECO,2026-08-11,39.65999984741211,41.495922622680666,38.832990112304685,37.65922430038452,32.04194984333275,44.375,-0.007637084478022582,0.04929723783834894,False,True,True,False,False
PEG,2026-08-11,75.20999908447266,79.05032409667969,79.80569630940755,79.73472095489502,74.19999694824219,86.18215354613437,-0.025262389139809716,0.04929723783834894,False,False,False,False,False
PEGA,2026-08-11,33.06999969482422,31.54634620666504,38.83403467814128,43.91904779434204,25.100000381469727,67.94972786524295,-0.033767150319831685,0.04929723783834894,False,False,False,False,False
PEN,2026-08-11,326.2799987792969,319.14580078125,329.2970666503906,318.19269989013674,221.25999450683594,362.4100036621094,0.014205363357068457,0.04929723783834894,False,True,True,False,False
PENG,2026-08-11,57.33000183105469,62.949400177001955,38.117233454386394,33.742325115203855,16.040000915527344,89.86000061035156,0.31672027160223415,0.04929723783834894,False,True,True,True,False
PENN,2026-08-11,19.1299991607666,20.59900005340576,16.761066722869874,16.338700046539305,11.649999618530273,22.360000610351562,0.14072740838300746,0.04929723783834894,False,True,True,True,False
PEP,2026-08-11,138.41000366210938,140.16008026123046,148.68020589192707,147.2298648071289,133.40208766001547,168.19196609424642,-0.06387642989469222,0.04929723783834894,False,False,False,False,False
PFBC,2026-08-11,106.76000213623047,102.33992294311524,94.54803283691406,93.91999877929688,80.19115514456716,111.42481315402449,0.11948609031284407,0.04929723783834894,True,True,True,True,True
PFE,2026-08-11,26.6200008392334,24.7847212600708,25.444867095947266,25.04064067840576,22.034660741105633,27.79686152581427,0.04942613919104111,0.04929723783834894,True,True,True,True,True
PFG,2026-08-11,113.02999877929688,110.38559997558593,98.93575383504232,95.14654514312744,73.92339783054443,116.61000061035156,0.13715535005917556,0.04929723783834894,True,True,True,True,True
PFGC,2026-08-11,113.95999908447266,107.84800018310547,96.73399998982747,96.4007501220703,80.81999969482422,117.4749984741211,0.22695954408287777,0.04929723783834894,True,True,True,True,True
PFIS,2026-08-11,70.19999694824219,65.67461456298828,57.68371131896973,55.087983531951906,42.17226778465786,73.37000274658203,0.20438997911322643,0.04929723783834894,True,True,True,True,True
PFS,2026-08-11,24.739999771118164,23.612800102233887,22.173398399353026,21.37021668434143,17.092832012543774,25.489999771118164,0.1323049528283562,0.04929723783834894,True,True,True,True,True
PFSI,2026-08-11,76.58999633789062,81.85940017700196,93.37358083089192,102.28047588348389,71.68000030517578,159.2745937589419,-0.13006135617928039,0.04929723783834894,False,False,False,False,False
PG,2026-08-11,145.2100067138672,146.80074829101562,146.84891143798828,145.86915985107422,134.62352471732706,164.76999524257963,0.020465974130420284,0.04929723783834894,False,False,False,False,False
PGC,2026-08-11,45.470001220703125,45.723600234985355,38.90168655395508,35.94978511810303,24.597412955022282,49.13999938964844,0.05401024255957165,0.04929723783834894,False,True,True,True,False
PGEN,2026-08-11,6.860000133514404,5.276400012969971,4.505733331044515,4.382050000429153,1.7200000286102295,7.320000171661377,0.629453698659306,0.04929723783834894,True,True,True,True,True
PGNY,2026-08-11,26.56999969482422,28.79520008087158,23.498066711425782,23.557550029754637,16.100000381469727,33.064998626708984,0.3867432101474133,0.04929723783834894,False,True,True,True,False
PGR,2026-08-11,212.35000610351562,212.30072875976563,206.45477884928385,207.15374603271485,187.78087006708716,239.3800048828125,0.08528377729416681,0.04929723783834894,True,False,False,True,False
PH,2026-08-11,1061.3299560546875,947.426201171875,938.2153019205729,911.8876531982422,710.8916204700981,1099.93994140625,0.1784381059470197,0.04929723783834894,True,True,True,True,True
PHAT,2026-08-11,8.510000228881836,10.438299942016602,11.790466651916503,12.539649977684022,8.210000038146973,18.309999465942383,-0.32833463475628766,0.04929723783834894,False,False,False,False,False
PHIN,2026-08-11,74.91999816894531,79.24190078735352,73.66333165486654,68.96757223129272,50.13276349710639,86.93499755859375,-0.04032263423775739,0.04929723783834894,False,True,True,False,False
PHM,2026-08-11,132.4199981689453,127.05379470825196,125.25220326741537,124.07656799316406,108.26036993677957,143.88727653251513,0.1494228500035164,0.04929723783834894,True,False,True,True,False
PHR,2026-08-11,12.270000457763672,10.374599990844727,11.115599981943767,13.269650001525878,7.769999980926514,32.7599983215332,0.28213175016083913,0.04929723783834894,False,False,False,True,False
PI,2026-08-11,174.13999938964844,141.80960006713866,134.91403345743814,144.6389750289917,87.36000061035156,247.06399536132812,0.12254234453996427,0.04929723783834894,True,False,True,True,False
PII,2026-08-11,70.08999633789062,69.41775657653808,63.95888778686523,64.13467161178589,46.68576894814327,77.9800033569336,0.05566730637547335,0.04929723783834894,True,True,True,True,True
PINS,2026-08-11,23.75,22.131400108337402,20.974733403523764,22.694550075531005,13.84000015258789,38.56999969482422,0.10208820607083857,0.04929723783834894,True,False,True,True,False
PIPR,2026-08-11,75.70999908447266,76.23400024414063,79.64927286783855,80.44503158569336,68.52408946936553,93.04910505812714,-0.05099278202748181,0.04929723783834894,False,False,False,False,False
PJT,2026-08-11,175.2100067138672,161.7642172241211,157.37337880452475,160.27600067138673,127.52632325989558,194.9775393657369,0.14444928943868218,0.04929723783834894,True,False,True,True,False
PK,2026-08-11,14.34000015258789,14.183983612060548,11.878607317606608,11.40823338508606,9.223604202270508,15.479999542236328,0.30045006325136137,0.04929723783834894,True,True,True,True,True
PKE,2026-08-11,37.470001220703125,34.54067867279053,30.40780382792155,27.6954629611969,16.91262293660051,39.86000061035156,0.12520633957657812,0.04929723783834894,True,True,True,True,True
PKG,2026-08-11,257.42999267578125,235.52449279785156,223.5123003133138,217.18269874572755,187.9198730567798,258.80999755859375,0.16979548292515356,0.04929723783834894,True,True,True,True,True
PL,2026-08-11,23.700000762939453,27.74259994506836,30.042800013224284,26.172149977684022,6.099999904632568,51.7599983215332,-0.43355638918482275,0.04929723783834894,False,True,False,False,False
PLAB,2026-08-11,32.9900016784668,30.6956001663208,37.578799934387206,34.8813499546051,19.850000381469727,56.0,-0.3997452287478811,0.04929723783834894,False,True,False,False,False
PLAY,2026-08-11,10.029999732971191,11.087599983215332,13.288766670227051,14.059274997711181,9.399999618530273,26.719999313354492,-0.042024882792336515,0.04929723783834894,False,False,False,False,False
PLD,2026-08-11,139.5,142.8329943847656,137.6028820292155,134.18474460601806,100.16504776943994,153.35000610351562,-0.01249243081009721,0.04929723783834894,False,True,True,False,False
PLGO,2026-08-11,24.489999771118164,24.275912628173828,21.241436831156413,20.564890766143797,15.706921468594699,26.34000015258789,0.1900685847255439,0.04929723783834894,True,True,True,True,True
PLMR,2026-08-11,131.69000244140625,126.93419998168946,124.07056696573893,124.20560020446777,100.80999755859375,147.6199951171875,0.205731559875169,0.04929723783834894,True,True,True,True,True
PLNT,2026-08-11,47.91999816894531,52.3581999206543,69.91020014444987,78.56310005187989,37.029998779296875,114.26000213623047,-0.25078175649038303,0.04929723783834894,False,False,False,False,False
PLOW,2026-08-11,42.439998626708984,46.145388793945315,43.25961705525716,40.26553489685059,27.89347237870793,55.0,-0.05576702801722966,0.04929723783834894,False,True,True,False,False
PLPC,2026-08-11,480.7699890136719,371.9107861328125,314.17862701416016,288.8995454406738,161.33684705612575,497.0,0.39311869426020496,0.04929723783834894,True,True,True,True,True
PLSE,2026-08-11,44.400001525878906,29.15890007019043,22.939099985758464,20.924424986839295,12.5600004196167,45.900001525878906,1.311296389481205,0.04929723783834894,True,True,True,True,True
PLTK,2026-08-11,2.6700000762939453,3.6303000116348265,3.4369000069300335,3.5596026301383974,2.5,4.360000133514404,-0.28799997965494795,0.04929723783834894,False,False,False,False,False
PLTR,2026-08-11,174.94000244140625,133.6063996887207,142.68983322143555,152.24404987335205,106.37000274658203,207.52000427246094,0.2779604296983811,0.04929723783834894,True,False,True,True,False
PLUG,2026-08-11,2.2200000286102295,2.539200007915497,2.5795999987920126,2.510450000166893,1.409999966621399,4.579999923706055,-0.3693181702728606,0.04929723783834894,False,False,False,False,False
PLUS,2026-08-11,88.81999969482422,85.87844757080079,83.51512222290039,83.94115100860596,67.21261431257166,98.13999938964844,0.0012579136711374783,0.04929723783834894,True,False,True,False,False
PLXS,2026-08-11,270.32000732421875,273.4382006835938,231.5154001871745,210.38895011901855,126.86000061035156,307.05999755859375,0.019921516031803144,0.04929723783834894,False,True,True,False,False
PM,2026-08-11,186.22000122070312,183.65151794433595,174.931806640625,168.87010864257812,138.43186351111862,207.75999450683594,0.031046423774877097,0.04929723783834894,True,True,True,False,False
PMT,2026-08-11,9.449999809265137,9.876085090637208,10.815172945658366,10.941392655372619,9.050000190734863,12.838674545288086,-0.10914599846103823,0.04929723783834894,False,False,False,False,False
PNC,2026-08-11,254.22999572753906,242.12622039794923,224.2375663248698,215.73506782531737,172.81675402246304,258.1300048828125,0.18172403638366097,0.04929723783834894,True,True,True,True,True
PNFP,2026-08-11,105.69999694824219,99.54586395263672,95.2574207051595,94.24651420593261,80.29127181395637,109.81167985472229,0.10016485427549093,0.04929723783834894,True,True,True,True,True
PNR,2026-08-11,67.19000244140625,71.0252481842041,84.71928688049316,89.75808843612671,57.349442577448,112.57191118474864,-0.15550559371362993,0.04929723783834894,False,False,False,False,False
PNTG,2026-08-11,38.16999816894531,37.239000205993655,33.45166665395101,31.907699966430663,22.2549991607666,42.689998626708984,0.11837084601219972,0.04929723783834894,True,True,True,True,True
PNW,2026-08-11,100.04000091552734,104.03940032958984,99.69867060343425,96.58432178497314,82.88662754412687,111.16000366210938,-0.0012977663551387852,0.04929723783834894,False,True,True,False,False
PODD,2026-08-11,144.6999969482422,153.87759948730468,200.47200052897136,228.56885086059572,126.4000015258789,354.8800048828125,-0.04349551747851532,0.04929723783834894,False,False,False,False,False
POOL,2026-08-11,201.5,198.145400390625,212.9560135904948,220.77128700256347,172.67999267578125,330.0500459851931,0.08113570834077666,0.04929723783834894,False,False,False,True,False
POR,2026-08-11,48.38999938964844,50.71069358825684,50.43075492858887,49.49519483566284,39.995675344361494,54.08000183105469,0.0017909617949736223,0.04929723783834894,False,True,True,False,False
POST,2026-08-11,78.48999786376953,89.10500045776367,97.44100021362304,98.64855010986328,75.4000015258789,117.27999877929688,-0.21923805016564124,0.04929723783834894,False,False,False,False,False
POWI,2026-08-11,63.27000045776367,72.91219970703125,60.79866879781087,54.67380521774292,30.456414020801404,91.18000030517578,-0.14680352981445866,0.04929723783834894,False,True,True,False,False
POWL,2026-08-11,208.3800048828125,253.80419982910155,220.66508580525715,194.01798622131346,78.3699176454324,327.8871434238099,-0.3527348678865324,0.04929723783834894,False,True,True,False,False
POWW,2026-08-11,2.319999933242798,2.1978000020980835,2.035133319695791,1.9711499911546708,1.149999976158142,2.6700000762939453,0.16582910659526884,0.04929723783834894,True,True,True,True,True
PPC,2026-08-11,26.860000610351562,28.406600036621093,34.27273330688477,35.2951000213623,25.899999618530273,48.13750929583945,-0.14185299472633328,0.04929723783834894,False,False,False,False,False
PPG,2026-08-11,116.16000366210938,116.29909103393555,111.85772033691406,108.4129014968872,91.34937571426718,130.99345556073013,0.05482390323511255,0.04929723783834894,False,True,True,True,False
PPL,2026-08-11,35.279998779296875,35.71104331970215,36.40936566670736,36.05041494369507,32.660771181382096,39.79024203043266,-0.03281182465152088,0.04929723783834894,False,True,False,False,False
PPLI,2026-08-11,39.939998626708984,43.75800003051758,40.98786656697591,39.57792491912842,29.559999465942383,48.31999969482422,-0.05467458871694708,0.04929723783834894,False,True,True,False,False
PPTA,2026-08-11,25.43000030517578,21.27400005340576,26.9835999806722,26.39130000114441,16.280000686645508,37.369998931884766,-0.19372227117924945,0.04929723783834894,False,False,True,False,False
PR,2026-08-11,21.459999084472656,19.654182815551756,18.858693148295085,17.49835099697113,11.595171601491543,22.483041422479157,0.07410532670788816,0.04929723783834894,True,True,True,True,True
PRAA,2026-08-11,18.739999771118164,17.101400089263915,16.76613334019979,16.573700017929077,10.25,22.549999237060547,-0.10249039634395596,0.04929723783834894,True,True,True,False,False
PRAX,2026-08-11,370.67999267578125,309.1617999267578,314.7177327473958,289.4421496582031,37.189998626708984,382.5400085449219,0.09645926774062685,0.04929723783834894,True,True,True,True,True
PRCH,2026-08-11,15.760000228881836,12.893499984741212,9.869900004069011,10.1868000125885,6.360000133514404,19.43600082397461,0.41981979164536654,0.04929723783834894,True,False,True,True,False
PRCT,2026-08-11,22.889999389648438,21.954399948120116,25.336266708374023,27.213150033950807,16.665000915527344,42.70500183105469,-0.10023589193700622,0.04929723783834894,False,False,False,False,False
PRDO,2026-08-11,31.239999771118164,33.21222682952881,33.42944043477376,32.64119448661804,26.27536782872999,38.32164850297544,-0.0798771615820123,0.04929723783834894,False,False,False,False,False
PRG,2026-08-11,41.619998931884766,41.615199661254884,35.296652247111005,33.755799226760864,25.572756698358813,47.72999954223633,0.15006497978190114,0.04929723783834894,True,True,True,True,True
PRGO,2026-08-11,12.850000381469727,10.704000091552734,11.449059575398763,12.147257876396178,8.996021875180697,23.173635405702896,0.1909860835088466,0.04929723783834894,True,False,False,True,False
PRGS,2026-08-11,43.150001525878906,35.84059986114502,34.982066599528,36.98359996795654,23.81999969482422,47.369998931884766,0.5312278587148775,0.04929723783834894,True,False,True,True,False
PRI,2026-08-11,312.7900085449219,293.73820068359373,272.61269327799477,268.35712684631346,228.05514045275783,327.2799987792969,0.1348671797769927,0.04929723783834894,True,True,True,True,True
PRIM,2026-08-11,82.16000366210938,96.66910324096679,129.50443588256837,129.26119800567628,64.94652104087398,205.3309309688677,-0.187714609606349,0.04929723783834894,False,False,False,False,False
PRK,2026-08-11,203.38999938964844,185.3155990600586,171.6674287923177,167.26134536743163,145.37931777332125,215.0,0.17218985136137888,0.04929723783834894,True,True,True,True,True
PRKS,2026-08-11,44.13999938964844,44.9884001159668,38.473133328755694,38.515700063705445,28.770000457763672,56.95000076293945,0.2343400856109421,0.04929723783834894,False,False,True,True,False
PRLB,2026-08-11,90.44999694824219,78.55400039672851,66.75293342590332,62.87345003128052,45.099998474121094,91.9800033569336,0.31296266148368423,0.04929723783834894,True,True,True,True,True
PRM,2026-08-10,34.540000915527344,34.08619995117188,29.478466618855794,28.673699932098387,17.673999786376953,38.16999816894531,0.08718918532740427,0.04929723783834894,True,True,True,True,True
PRMB,2026-08-11,23.610000610351562,23.9971630859375,21.180088698069255,20.223985733985902,14.115372930718257,26.209999084472656,0.19836912193877576,0.04929723783834894,False,True,True,True,False
PRME,2026-08-11,3.259999990463257,3.2766000127792356,3.5240000168482464,3.6447250139713288,2.6700000762939453,6.940000057220459,0.0465489503956944,0.04929723783834894,False,False,False,False,False
PRSU,2026-08-11,46.150001525878906,50.23059997558594,41.985866673787434,40.178600025177005,32.029998779296875,56.52000045776367,0.10143197721305697,0.04929723783834894,False,True,True,True,False
PRTA,2026-08-11,9.220000267028809,8.897800025939942,9.397066694895427,9.586100015640259,7.5,11.800000190734863,-0.04653565726109077,0.04929723783834894,False,False,True,False,False
PRTH,2026-08-11,5.210000038146973,6.539600019454956,5.814533338546753,5.825200006961823,4.440000057220459,8.593999862670898,-0.12289562492278494,0.04929723783834894,False,False,False,False,False
PRU,2026-08-11,122.31999969482422,113.33740005493163,104.39753346761067,104.74765033721924,90.65444080592968,127.72000122070312,0.22613858729879888,0.04929723783834894,True,True,True,True,True
PRVA,2026-08-11,21.979999542236328,24.499200019836426,23.35146672566732,23.55025001525879,19.530000686645508,28.81999969482422,-0.03427068008794254,0.04929723783834894,False,True,False,False,False
PSA,2026-08-11,325.1000061035156,318.556240234375,297.8242780558268,290.4212006378174,251.61753365914436,335.54998779296875,0.06194596842655531,0.04929723783834894,True,True,True,True,True
PSFE,2026-08-11,6.889999866485596,7.60919997215271,7.564133335749308,7.9249499940872195,5.949999809265137,15.020000457763672,-0.2559395576475513,0.04929723783834894,False,False,False,False,False
PSIX,2026-08-11,42.150001525878906,35.66200016021728,57.268733507792156,59.37615006446838,25.280000686645508,119.69999694824219,-0.3250600318504311,0.04929723783834894,False,False,False,False,False
PSMT,2026-08-11,172.86000061035156,184.30200012207033,161.62035710652668,151.59365776062012,104.98580907983384,199.83999633789062,0.08098303202847523,0.04929723783834894,False,True,True,True,False
PSN,2026-08-11,48.25,53.87220001220703,57.70753336588542,62.1021000289917,36.2599983215332,89.5,-0.01005337836669129,0.04929723783834894,False,False,False,False,False
PSNL,2026-08-11,14.020000457763672,12.399199962615967,9.257233327229818,9.163249995708465,4.440000057220459,16.389999389648438,1.3405677785437597,0.04929723783834894,True,True,True,True,True
PSTL,2026-08-11,22.489999771118164,23.56379997253418,20.811039695739748,19.363906540870666,13.687246798993213,25.219999313354492,-0.02016609060028185,0.04929723783834894,False,True,True,False,False
PSX,2026-08-11,224.36000061035156,190.3790005493164,170.97955393473308,161.56602954864502,114.70780895949761,224.67999267578125,0.28871387579484886,0.04929723783834894,True,True,True,True,True
PTC,2026-08-11,150.44000244140625,128.16180038452148,143.80006759643555,153.2940507888794,108.5,217.63999938964844,0.09994880267542561,0.04929723783834894,False,False,True,True,False
PTCT,2026-08-11,73.69999694824219,77.26229949951171,72.66059972127279,73.26224975585937,43.31999969482422,90.87000274658203,-0.040988960161653765,0.04929723783834894,False,True,True,False,False
PTEN,2026-08-11,11.0600004196167,10.224800052642822,9.821104275385538,8.845290982723236,4.926330617289539,12.963318443731982,-0.0590597795260156,0.04929723783834894,True,True,True,False,False
PTGX,2026-08-11,148.2899932861328,125.38079986572265,104.46430002848307,99.62174999237061,53.4900016784668,151.8800048828125,0.43275355832012385,0.04929723783834894,True,True,True,True,True
PTLO,2026-08-11,4.510000228881836,4.438700008392334,5.044133342107137,5.026275005340576,3.7750000953674316,8.210000038146973,0.004454445163299292,0.04929723783834894,False,False,False,False,False
PTON,2026-08-11,5.599999904632568,5.970100030899048,5.311666674613953,5.677649997472763,3.6500000953674316,9.199999809265137,0.05461392937439946,0.04929723783834894,False,False,True,True,False
PTRN,2026-08-11,22.360000610351562,23.49020015716553,16.696866722106932,16.194250054359436,8.920000076293945,29.799999237060547,0.4045226446730521,0.04929723783834894,False,False,True,True,False
PUBM,2026-08-11,17.649999618530273,12.775400066375733,9.867400013605753,9.605425016880035,6.150000095367432,18.440000534057617,0.7406310671530594,0.04929723783834894,True,True,True,True,True
PUMP,2026-08-11,11.649999618530273,13.50779993057251,13.432866649627686,12.459900000095367,4.510000228881836,18.5,-0.261255594143315,0.04929723783834894,False,True,True,False,False
PURR,2026-08-11,6.570000171661377,7.844400024414062,6.20799999554952,,3.009999990463257,11.619999885559082,0.006125568233971146,0.04929723783834894,False,False,False,False,False
PVH,2026-08-11,84.86000061035156,81.74367263793945,76.63659594217937,76.78856840133668,59.57670210277994,100.75,-0.07594228337281472,0.04929723783834894,True,False,True,False,False
PVLA,2026-08-11,154.3000030517578,133.19829971313476,118.71583348592122,111.22415008544922,40.91999816894531,161.3800048828125,0.1853730139221066,0.04929723783834894,True,True,True,True,True
PWP,2026-08-11,17.760000228881836,16.092070198059083,18.393732636769613,18.34252775669098,14.109999656677246,25.735103839249394,-0.07793458090798244,0.04929723783834894,False,False,True,False,False
PWR,2026-08-11,670.5800170898438,674.2311877441406,612.1133599853515,569.6784420776368,362.7011588526852,788.6295298146063,-0.14166924605868636,0.04929723783834894,False,True,True,False,False
PYPL,2026-08-11,59.0,49.06150436401367,47.89558736165365,51.575446910858155,38.21792598197543,78.53484437751554,0.313390077505872,0.04929723783834894,True,False,True,True,False
PZZA,2026-08-11,24.31999969482422,32.53300003051758,33.684707743326825,35.796158199310305,23.270000457763672,53.664750122874764,-0.2703835322208814,0.04929723783834894,False,False,False,False,False
Q,2026-08-11,138.24000549316406,146.00219970703125,128.76378219604493,,70.36602295286859,177.27999877929688,-0.03677402919841821,0.04929723783834894,False,False,True,False,False
QBTS,2026-08-11,20.229999542236328,21.602399978637695,21.00639992396037,22.560649943351745,12.75,46.75,-0.15813570685917633,0.04929723783834894,False,False,False,False,False
QCOM,2026-08-11,162.67999267578125,188.34162200927733,166.6426182047526,167.79196495056152,121.54109371821322,258.9635412258548,-0.3125885184302093,0.04929723783834894,False,True,True,False,False
QCRH,2026-08-11,104.33000183105469,97.30835220336914,91.13187301635742,88.34168750762939,66.45041712642566,106.55000305175781,0.13695281087058797,0.04929723783834894,True,True,True,True,True
QDEL,2026-08-11,13.989999771118164,15.524399948120116,18.482399991353354,20.54104995727539,9.920000076293945,35.58000183105469,0.2989785679194954,0.04929723783834894,False,False,False,True,False
QGEN,2026-08-11,42.650001525878906,39.16227806091309,41.72711082458496,42.703524074554444,32.23918307379749,57.303088149339224,0.24955666521039843,0.04929723783834894,False,False,True,True,False
QLYS,2026-08-11,188.30999755859375,136.7591995239258,113.88013280232748,120.41809982299804,74.51000213623047,201.5399932861328,0.9828366340753805,0.04929723783834894,True,False,True,True,False
QNST,2026-08-11,20.899999618530273,14.84599998474121,13.35266663869222,13.601049976348877,10.289999961853027,22.290000915527344,0.6052226485190215,0.04929723783834894,True,False,True,True,False
QRVO,2026-08-11,96.68000030517578,93.84230010986329,87.01926661173502,87.22304985046387,74.91999816894531,109.48999786376953,0.08702493424000801,0.04929723783834894,True,True,True,True,True
QS,2026-08-11,6.340000152587891,6.696300029754639,7.48906668027242,8.896700031757355,4.769999980926514,19.06999969482422,-0.21046072684712058,0.04929723783834894,False,False,False,False,False
QSR,2026-08-11,73.33000183105469,73.51123916625977,72.59172749837239,71.31798511505127,59.13974633902236,81.21854264128145,-0.04145795972521993,0.04929723783834894,False,True,True,False,False
QTRX,2026-08-11,2.625,3.600400013923645,4.412266675631205,4.886300007104873,2.1500000953674316,8.770000457763672,-0.20212765032327817,0.04929723783834894,False,False,False,False,False
QTWO,2026-08-11,63.36000061035156,51.30099998474121,52.861066614786786,57.12419994354248,40.790000915527344,85.19000244140625,0.28415079883270566,0.04929723783834894,True,False,True,True,False
QUBT,2026-08-11,8.949999809265137,9.21409999847412,9.211733334859213,9.98454999923706,6.179999828338623,25.84000015258789,-0.12082519243985479,0.04929723783834894,False,False,False,False,False
QXO,2026-08-11,15.550000190734863,15.540200004577637,19.552999986012775,19.46914996623993,13.180000305175781,27.610000610351562,-0.1567245260099147,0.04929723783834894,False,False,False,False,False
R,2026-08-11,258.5899963378906,264.9683996582031,229.74918080647785,216.3489241027832,155.54539844014056,284.25,0.07473557862590119,0.04929723783834894,False,True,True,True,False
RAL,2026-08-11,71.5199966430664,67.30376602172852,54.30441454569499,52.628347072601315,37.197317404063774,75.41000366210938,0.5223198423354516,0.04929723783834894,True,True,True,True,True
RAMP,2026-08-11,37.7599983215332,37.67300003051758,31.014066721598308,30.519300012588502,21.709999084472656,38.22999954223633,0.28260861537181725,0.04929723783834894,True,True,True,True,True
RAPP,2026-08-11,48.81999969482422,40.03629997253418,34.10126679738362,32.5457001209259,13.859999656677246,48.939998626708984,0.31732320252984625,0.04929723783834894,True,True,True,True,True
RARE,2026-08-11,26.959999084472656,27.53380001068115,24.661666679382325,26.855675048828125,18.290000915527344,39.88999938964844,0.0397222818038796,0.04929723783834894,False,False,True,False,False
RBA,2026-08-11,89.62999725341797,108.3173991394043,105.84859125773112,104.47543685913087,89.54000091552734,119.2275950122307,-0.15097350553631406,0.04929723783834894,False,False,False,False,False
RBB,2026-08-11,27.100000381469727,25.834999771118163,23.177951723734537,22.300928392410277,16.259450293305505,28.06793573071786,0.12206302779063938,0.04929723783834894,True,True,True,True,True
RBBN,2026-08-11,1.9900000095367432,2.402599983215332,2.4530666637420655,2.6067499995231627,1.7999999523162842,4.239999771118164,-0.2602230605180791,0.04929723783834894,False,False,False,False,False
RBC,2026-08-11,552.47998046875,594.1678015136719,565.7238671875,533.0618502807617,364.5,667.6900024414062,-0.1134646282765176,0.04929723783834894,False,True,True,False,False
RBCAA,2026-08-11,99.06999969482422,90.50517456054688,78.21456715901692,75.5579568862915,62.75512110533008,102.22000122070312,0.3082900126654833,0.04929723783834894,True,True,True,True,True
RBLX,2026-08-11,36.220001220703125,47.600399780273435,56.16620005289713,66.48935005187988,33.880001068115234,142.0,-0.12321471758359293,0.04929723783834894,False,False,False,False,False
RBRK,2026-08-11,96.93000030517578,78.20379974365234,64.04346649169922,66.86439998626709,42.25,99.94999694824219,0.5548604438229532,0.04929723783834894,True,False,True,True,False
RC,2026-08-11,1.7899999618530273,1.63474999666214,1.7720830202102662,1.9605980432033538,1.3899999856948853,4.260439982686263,0.017078298581912232,0.04929723783834894,False,False,False,False,False
RCAT,2026-08-11,10.65999984741211,9.863799953460694,11.843899943033854,11.002174959182739,5.769999980926514,18.780000686645508,-0.0524444580078125,0.04929723783834894,False,False,False,False,False
RCKT,2026-08-11,3.5,3.318400015830994,3.629700010617574,3.565225009918213,2.5299999713897705,5.449999809265137,-0.03581270257368574,0.04929723783834894,False,True,True,False,False
RCL,2026-08-11,307.1499938964844,300.69738037109374,289.67700246175133,284.70485374450686,230.90278721758054,360.33905808884276,0.17187640812870564,0.04929723783834894,True,False,True,True,False
RCUS,2026-08-11,28.739999771118164,27.137399940490724,24.100333353678387,23.50609999656677,9.220000267028809,31.735000610351562,0.10538460658146787,0.04929723783834894,True,True,True,True,True
RDDT,2026-08-11,156.19000244140625,175.56120025634766,166.6951333618164,178.58425003051758,119.2699966430664,282.95001220703125,-0.020813693058508664,0.04929723783834894,False,False,False,False,False
RDN,2026-08-11,36.36000061035156,36.64618492126465,34.94137512207031,34.819144554138184,31.023031641933315,41.04999923706055,0.025370385510751214,0.04929723783834894,False,True,False,False,False
RDNT,2026-08-11,76.33999633789062,61.16889991760254,62.891999893188476,66.587024974823,50.81999969482422,85.83999633789062,0.30184169734774446,0.04929723783834894,True,False,True,True,False
RDVT,2026-08-11,71.22000122070312,62.15429977416992,49.61286659240723,50.92934986114502,33.400001525878906,71.25,0.518550083231974,0.04929723783834894,True,True,True,True,True
RDW,2026-08-11,13.510000228881836,12.248600053787232,11.257600021362304,10.144550011157989,4.869999885559082,26.639999389648438,0.1110197696060855,0.04929723783834894,True,True,False,True,False
REAL,2026-08-11,11.800000190734863,11.13880002975464,11.66353333791097,12.171024990081786,6.519999980926514,17.392000198364258,-0.09230767763577974,0.04929723783834894,False,False,True,False,False
REAX,2026-08-11,2.299999952316284,1.8578000116348266,2.3988666772842406,2.7541000127792357,1.5499999523162842,5.40500020980835,0.21052630588288435,0.04929723783834894,False,False,False,True,False
REFI,2026-08-11,10.229999542236328,10.506168537139892,10.95691530863444,11.05245698928833,9.6899995803833,12.43209033151368,-0.07740982305456257,0.04929723783834894,False,False,False,False,False
REG,2026-08-11,75.81999969482422,79.17211578369141,76.34402109781901,74.2150089263916,65.09656022842833,83.66000366210938,-0.03216828206025424,0.04929723783834894,False,True,False,False,False
REGN,2026-08-11,797.0,664.0855993652344,716.569804280599,715.569482421875,538.8684671708262,818.9004014353618,0.11984280751055176,0.04929723783834894,True,False,True,True,False
RELY,2026-08-11,23.610000610351562,22.224200134277343,18.83843339284261,17.667100052833558,12.079999923706055,27.149999618530273,-0.017478154985128946,0.04929723783834894,True,True,True,False,False
REPL,2026-08-11,13.649999618530273,10.087499980926514,7.522366653283437,8.020049988627434,1.5,14.140000343322754,3.0868263381153866,0.04929723783834894,True,True,True,True,True
REPX,2026-08-11,36.52000045776367,33.831481819152835,32.32076614379883,30.590846214294434,23.180813866984682,41.026296913116816,0.10617527452180031,0.04929723783834894,True,True,True,True,True
RES,2026-08-11,6.329999923706055,6.101052865982056,6.368760353724162,6.093505456447601,4.068374413220553,8.056721611509406,-0.10082146144219462,0.04929723783834894,False,True,True,False,False
REX,2026-08-11,43.349998474121094,45.011599960327146,41.87080001831055,39.60615003585816,26.760000228881836,53.36000061035156,-0.09725118573770342,0.04929723783834894,False,True,True,False,False
REXR,2026-08-11,36.189998626708984,35.125486297607424,35.6841921488444,36.68740602493286,31.48339677676063,42.763328741620896,0.011764830095441159,0.04929723783834894,False,False,False,False,False
REYN,2026-08-11,26.1299991607666,24.892200088500978,23.02121824900309,23.162281560897828,20.222904620752207,27.31999969482422,0.20540894206082583,0.04929723783834894,True,True,True,True,True
REZI,2026-08-11,24.239999771118164,23.10696403503418,24.349827715555826,24.42065194129944,18.59429359436035,31.51704978942871,-0.07037953339109104,0.04929723783834894,False,False,True,False,False
RF,2026-08-11,31.600000381469727,30.030232315063476,28.304398523966473,27.492070608139038,22.039156950074705,32.470001220703125,0.1413927726056381,0.04929723783834894,True,True,True,True,True
RGA,2026-08-11,244.64999389648438,221.46519958496094,211.7243451944987,206.56501029968263,175.82539307505155,248.1300048828125,0.14503350248354874,0.04929723783834894,True,True,True,True,True
RGEN,2026-08-11,164.77000427246094,139.50660049438477,133.53486628214517,139.92489971160887,100.98999786376953,175.77000427246094,0.42153394070095906,0.04929723783834894,True,False,True,True,False
RGLD,2026-08-11,233.50999450683594,205.25383514404297,239.48111979166666,229.2427533721924,165.09516214848344,304.9692851426392,-0.045121834187400456,0.04929723783834894,False,True,True,False,False
RGNX,2026-08-11,10.649999618530273,9.82579997062683,9.816133314768473,10.547250003814698,5.454999923706055,16.190000534057617,0.042074299438983775,0.04929723783834894,True,False,True,False,False
RGR,2026-08-11,37.45000076293945,38.47079971313477,38.89798820495606,37.69466512680054,28.191569196134907,47.91303968277728,-0.0006571829145879393,0.04929723783834894,False,False,True,False,False
RGTI,2026-08-11,18.09000015258789,18.210800037384033,18.391633370717365,20.938150038719176,12.529999732971191,58.150001525878906,-0.11799122619638702,0.04929723783834894,False,False,False,False,False
RH,2026-08-11,182.85000610351562,164.5072006225586,162.90913365681965,163.7195500564575,106.30000305175781,257.0,0.3880665910117356,0.04929723783834894,True,False,True,True,False
RHI,2026-08-11,42.13999938964844,34.434400215148926,28.527977333068847,27.859164457321167,21.356133330173094,44.18000030517578,0.6459699636036702,0.04929723783834894,True,True,True,True,True
RHLD,2026-08-11,132.3699951171875,130.08879928588868,152.76886622111002,155.75194953918458,51.650001525878906,236.19000244140625,-0.052130319351772925,0.04929723783834894,False,False,False,False,False
RHP,2026-08-11,122.06999969482422,124.25459732055664,106.31408401489257,102.23143077850342,80.94873630709267,137.4600067138672,0.1103284123914634,0.04929723783834894,False,True,True,True,False
RICK,2026-08-11,27.450000762939453,26.441500205993652,24.770726127624513,24.662597951889037,20.699253889952637,37.81983753991841,0.13247880532691392,0.04929723783834894,True,False,True,True,False
RIG,2026-08-11,5.809999942779541,5.40399995803833,5.8225333182017005,5.388449996709824,2.759999990463257,7.659999847412109,-0.11297713380254104,0.04929723783834894,False,True,True,False,False
RIGL,2026-08-11,42.02000045776367,36.63539981842041,33.63873326619466,35.24304991722107,24.950000762939453,52.2400016784668,0.5755530685248786,0.04929723783834894,True,False,True,True,False
RIOT,2026-08-11,20.239999771118164,23.633599967956542,19.442633374532065,18.53462502002716,11.149999618530273,30.31999969482422,-0.2012628394143431,0.04929723783834894,False,True,True,False,False
RITM,2026-08-11,10.25,9.281311798095704,9.573254489898682,9.752107243537903,7.991837952205058,11.545949688092785,0.0702524227024992,0.04929723783834894,True,False,True,True,False
RIVN,2026-08-11,16.360000610351562,16.599400062561035,15.945466639200847,16.17219997406006,11.579999923706055,22.690000534057617,0.16193186782669944,0.04929723783834894,False,False,True,True,False
RJF,2026-08-11,180.02000427246094,161.38754333496092,157.3158979288737,157.78003784179688,138.32693155655636,182.72999572753906,0.13359921532559516,0.04929723783834894,True,False,True,True,False
RKLB,2026-08-11,80.01000213623047,87.91760032653809,85.3940668741862,78.15012517929077,37.56999969482422,151.0,-0.3181934113627204,0.04929723783834894,False,True,False,False,False
RKT,2026-08-11,14.319999694824219,13.954199981689452,15.80446668624878,16.416349997520445,12.170000076293945,24.360000610351562,-0.03438976611635647,0.04929723783834894,False,False,False,False,False
RL,2026-08-11,397.7200012207031,387.0419732666016,366.38717976888023,360.5662173461914,280.47458357665545,420.5719821943956,0.07132115444497744,0.04929723783834894,True,True,True,True,True
RLAY,2026-08-11,19.989999771118164,17.519500102996826,13.034566707611084,11.623375029563904,3.240000009536743,20.790000915527344,0.5472135954392519,0.04929723783834894,True,True,True,True,True
RLI,2026-08-11,63.939998626708984,58.376600189208986,56.08045710245768,56.811745204925536,45.2594767892346,66.91000366210938,0.3811795710351138,0.04929723783834894,True,True,True,True,True
RLJ,2026-08-11,10.829999923706055,11.437439327239991,9.073723894755046,8.558227927684785,6.20506638327868,12.890000343322754,0.24647324365212397,0.04929723783834894,False,True,True,True,False
RLMD,2026-08-11,4.46999979019165,6.049199962615967,5.81986665725708,5.287699996232987,0.5559999942779541,8.0,-0.3983849403141696,0.04929723783834894,False,True,False,False,False
RM,2026-08-11,31.6299991607666,38.48880023956299,36.105508181254066,36.52625247001648,30.190916439016977,44.83590469388688,-0.07151851405597309,0.04929723783834894,False,False,False,False,False
RMAX,2026-08-11,12.109999656677246,10.058200016021729,8.35180001894633,8.248600013256073,5.460000038146973,12.239999771118164,0.23571422663096553,0.04929723783834894,True,True,True,True,True
RMBS,2026-08-11,96.41999816894531,118.15300003051757,112.65226659138997,109.1339499282837,67.1500015258789,174.10000610351562,-0.2831759563855669,0.04929723783834894,False,True,False,False,False
RMD,2026-08-11,224.83999633789062,201.37920074462892,224.2154679361979,230.53935417175293,180.27000427246094,291.56838999089126,0.07569450745946571,0.04929723783834894,False,False,True,True,False
RMNI,2026-08-11,4.809999942779541,4.439399995803833,3.824133334159851,3.8807249999046327,2.869999885559082,5.079999923706055,0.23969067033716573,0.04929723783834894,True,True,True,True,True
RMR,2026-08-11,19.719999313354492,19.882960624694825,17.366041781107583,16.54926214694977,12.833409021341904,20.982342227283663,0.027498591022435237,0.04929723783834894,False,True,True,False,False
RNA,2026-08-11,12.270000457763672,12.39819995880127,,,11.130000114440918,16.770000457763672,-0.0626432150699483,0.04929723783834894,False,False,False,False,False
RNG,2026-08-11,63.45000076293945,44.47896583557129,38.66187185923258,36.14162199020386,24.011187332990268,64.94999694824219,0.42708502337958687,0.04929723783834894,True,True,True,True,True
RNR,2026-08-11,316.5199890136719,309.04088317871094,299.3147637939453,290.2234583282471,230.53012372909583,335.9700012207031,0.047324732832767946,0.04929723783834894,True,True,True,False,False
RNST,2026-08-11,42.93000030517578,42.555433959960936,39.63403162638346,38.41259601593018,32.4388589699868,44.540000915527344,0.08564136654589771,0.04929723783834894,True,True,True,True,True
ROAD,2026-08-11,120.79000091552734,110.58980056762695,116.7069667561849,115.07732509613037,93.41999816894531,151.0,-0.10492772399354466,0.04929723783834894,True,False,True,False,False
ROCK,2026-08-11,49.77000045776367,43.09719993591309,43.886800053914385,46.420650024414066,33.560001373291016,75.08000183105469,0.2683485812661237,0.04929723783834894,True,False,True,True,False
ROG,2026-08-11,135.05999755859375,142.61199951171875,122.39073323567709,113.37279983520507,70.12000274658203,169.0,-0.03933422664018149,0.04929723783834894,False,True,True,False,False
ROIV,2026-08-11,35.25,32.93319980621338,28.863233261108398,26.79012495994568,11.239999771118164,37.0,0.2231089650681206,0.04929723783834894,True,True,True,True,True
ROK,2026-08-11,447.0,462.70460021972656,421.9344598388672,411.5521853637695,324.50942596612254,497.3599853515625,-0.02388400348347819,0.04929723783834894,False,True,True,False,False
ROKU,2026-08-11,150.91000366210938,138.55489913940428,116.24629994710287,112.82024986267089,78.52999877929688,153.5399932861328,0.16505832690727806,0.04929723783834894,True,True,True,True,True
ROL,2026-08-11,37.0099983215332,42.86377746582031,52.19749300638835,53.784754543304444,36.173737145665584,65.39715617695943,-0.3067583838768101,0.04929723783834894,False,False,False,False,False
ROOT,2026-08-11,51.59000015258789,56.71159996032715,56.41656682332357,62.032950172424314,40.90999984741211,104.47000122070312,-0.09348092969756239,0.04929723783834894,False,False,False,False,False
ROP,2026-08-11,399.5,353.47387451171875,357.6382881673177,380.4521629333496,305.19459546299083,540.1891270040139,0.14344171798003735,0.04929723783834894,True,False,True,True,False
ROST,2026-08-11,251.80999755859375,232.4931719970703,216.08826538085938,204.47657333374025,142.4813581391557,257.0,0.12394735203947715,0.04929723783834894,True,True,True,True,True
RPAY,2026-08-11,3.700000047683716,3.782599997520447,3.4541999928156533,3.5383999979496004,2.299999952316284,6.054999828338623,0.07246376711439373,0.04929723783834894,False,False,True,True,False
RPC,2026-08-11,8.850000381469727,8.254599990844726,8.428816893895467,8.786702811717987,6.757550667791272,12.688568188804865,0.056116117601643145,0.04929723783834894,True,False,True,True,False
RPD,2026-08-11,13.380000114440918,9.213099994659423,8.465900004704793,10.33862501859665,4.96999979019165,21.780000686645508,1.03652964457343,0.04929723783834894,True,False,True,True,False
RPM,2026-08-11,116.66000366210938,107.73066055297852,105.82763636271159,105.70437942504883,91.95825622770991,126.55740315525559,0.14517912694776225,0.04929723783834894,True,False,True,True,False
RPRX,2026-08-11,57.790000915527344,56.5722998046875,49.80787872314453,46.935569763183594,33.56734705589084,60.439998626708984,0.12382270438621878,0.04929723783834894,True,True,True,True,True
RRBI,2026-08-11,102.38999938964844,94.82643020629882,89.57250157674153,84.3972050857544,60.37909047549664,103.48999786376953,0.11441797123953967,0.04929723783834894,True,True,True,True,True
RRC,2026-08-11,40.66999816894531,37.98154167175293,39.39015411376953,38.75113718032837,32.275198622538284,48.182867775540636,0.006350125097672077,0.04929723783834894,True,True,True,False,False
RRR,2026-08-11,63.040000915527344,62.44146751403809,59.38169019063314,58.754532680511474,50.31186814690519,68.11499786376953,0.19593406280073733,0.04929723783834894,True,True,True,True,True
RRX,2026-08-11,172.5500030517578,209.69612731933594,198.40222035725913,184.05636142730714,127.19195595357607,247.8000030517578,-0.16210070022550493,0.04929723783834894,False,True,True,False,False
RS,2026-08-11,423.5,396.32819885253906,350.07816345214843,332.2947407531738,257.21361313369533,433.0199890136719,0.12876481726448152,0.04929723783834894,True,True,True,True,True
RSG,2026-08-11,215.0800018310547,212.21694549560547,213.78535990397134,213.19767013549804,195.8382692750783,235.9013346115633,0.08021388038384258,0.04929723783834894,True,False,False,True,False
RSI,2026-08-11,25.149999618530273,29.655200119018556,24.308666744232177,22.821750054359438,15.510000228881836,34.529998779296875,-0.1059367092478476,0.04929723783834894,False,True,True,False,False
RTX,2026-08-11,223.86000061035156,196.62540008544923,193.451259765625,189.00730697631835,148.90020983937907,226.8800048828125,0.2585660302643198,0.04929723783834894,True,True,True,True,True
RUM,2026-08-11,6.920000076293945,6.69210000038147,6.370266666412354,6.422874994277954,4.619999885559082,10.539999961853027,-0.16826919109158112,0.04929723783834894,True,False,True,False,False
RUN,2026-08-11,10.029999732971191,12.140500011444091,14.254066664377849,15.428399996757507,8.609999656677246,22.440000534057617,-0.3068417727796837,0.04929723783834894,False,False,False,False,False
RUSHA,2026-08-07,80.08000183105469,73.17460052490235,69.20239191691081,64.80610090255738,45.25777739507839,83.61000061035156,0.13037375337106472,0.04929723783834894,True,True,True,True,True
RUSHB,2026-08-07,79.04000091552734,73.0433999633789,67.10267565409343,63.78036508560181,47.43637386679155,81.5199966430664,0.16996787648851464,0.04929723783834894,True,True,True,True,True
RVLV,2026-08-11,23.790000915527344,22.756000061035156,24.270600026448566,24.402200002670288,17.350000381469727,31.68000030517578,0.17830610630232746,0.04929723783834894,False,False,True,True,False
RVMD,2026-08-11,205.5500030517578,176.09480041503906,134.87466654459635,118.61664987564087,34.209999084472656,208.76100158691406,0.3606274778991496,0.04929723783834894,True,True,True,True,True
RVTY,2026-08-11,115.7300033569336,107.67266372680665,100.10060180664063,99.2886344909668,81.13566228017375,118.13343426382026,0.16866057488625574,0.04929723783834894,True,True,True,True,True
RWT,2026-08-11,4.679999828338623,4.892306108474731,5.242891194025676,5.165191674232483,4.190000057220459,6.4978072093012065,-0.1298387882552403,0.04929723783834894,False,False,False,False,False
RXO,2026-08-11,21.479999542236328,25.770400047302246,19.552533321380615,18.18935000896454,10.425000190734863,29.860000610351562,-0.07053228148272372,0.04929723783834894,False,True,True,False,False
RXRX,2026-08-11,3.3499999046325684,3.307599997520447,3.5231333367029825,3.804350003004074,2.7699999809265137,7.179999828338623,0.02760733571552021,0.04929723783834894,False,False,False,False,False
RXST,2026-08-11,7.039999961853027,5.369400005340577,6.897300001780192,7.806875004768371,4.480000019073486,13.220000267028809,0.2137930569552371,0.04929723783834894,False,False,False,True,False
RYAM,2026-08-11,8.720000267028809,8.284400014877319,8.92106666882833,8.243250007629394,4.389999866485596,11.850000381469727,-0.05525452876500925,0.04929723783834894,False,True,True,False,False
RYAN,2026-08-11,42.16999816894531,38.63849941253662,38.78825675964355,42.60929870605469,29.069056535075692,60.28338905576706,0.3395147454184382,0.04929723783834894,False,False,True,True,False
RYN,2026-08-11,21.450000762939453,21.361002883911134,21.216916580200195,21.232607736587525,19.254744121673305,24.577365560035318,0.06903390743399229,0.04929723783834894,True,False,False,True,False
RYTM,2026-08-11,112.84500122070312,102.26700012207031,96.51403315226237,99.10762481689453,74.5,122.19999694824219,0.1726592256485917,0.04929723783834894,True,True,True,True,True
RYZ,2026-08-11,27.700000762939453,27.86551612854004,26.439461669921876,25.536389379501344,19.142932588013664,32.0,0.06275813331945868,0.04929723783834894,False,True,True,True,False
S,2026-08-11,22.459999084472656,17.709799766540527,15.520399932861329,15.63619996547699,11.8100004196167,22.6200008392334,0.3753826815312937,0.04929723783834894,True,True,True,True,True
SABR,2026-08-11,1.9900000095367432,1.870499987602234,1.614426664908727,1.6278699997067452,0.8100000023841858,2.2950000762939453,0.041884839954660524,0.04929723783834894,True,True,True,False,False
SAFE,2026-08-11,15.300000190734863,15.811088027954101,14.986516691843669,14.600544786453247,12.29684076307159,17.450000762939453,0.025075061806867138,0.04929723783834894,False,True,True,False,False
SAFT,2026-08-11,103.36000061035156,80.09743530273437,75.98393422444661,75.14467525482178,64.58575797962968,103.75,0.40959822253057365,0.04929723783834894,True,True,True,True,True
SAH,2026-08-11,80.61000061035156,88.20577041625977,73.42616180419923,70.80791269302368,53.510637380839455,113.66999816894531,0.010888828400181572,0.04929723783834894,False,True,True,False,False
SAIA,2026-08-11,356.9599914550781,428.5877984619141,401.8394667561849,376.80929985046384,249.32000732421875,494.7099914550781,-0.20569649242740984,0.04929723783834894,False,True,True,False,False
SAIC,2026-08-11,125.38999938964844,114.04884170532226,102.40093907674154,100.21571556091308,80.50227877374765,127.27999877929688,0.35777812090309813,0.04929723783834894,True,True,True,True,True
SAIL,2026-08-11,19.059999465942383,15.756100044250488,14.870833333333334,16.241274995803835,10.300000190734863,24.0,0.5635767122268485,0.04929723783834894,True,False,True,True,False
SAM,2026-08-11,179.9600067138672,178.33940002441406,207.85106638590494,206.45830001831055,158.67999267578125,264.4599914550781,-0.1279317397674018,0.04929723783834894,False,False,False,False,False
SANA,2026-08-11,3.7899999618530273,3.306400008201599,3.5507333342234295,3.762050006389618,2.609999895095825,6.550000190734863,0.06460674796918942,0.04929723783834894,True,False,False,True,False
SANM,2026-08-11,202.75,227.09620025634766,187.11973292032877,178.68274971008302,108.37000274658203,288.67999267578125,-0.1448394992125721,0.04929723783834894,False,True,True,False,False
SARO,2026-08-11,28.200000762939453,27.896800079345702,28.189400024414063,27.939650020599366,23.829999923706055,34.47999954223633,0.07387663812447065,0.04929723783834894,True,True,False,True,False
SB,2026-08-11,7.329999923706055,6.915148973464966,6.37846601486206,5.977083451747895,4.040430707736499,8.050000190734863,0.06625494704802293,0.04929723783834894,True,True,True,True,True
SBAC,2026-08-11,181.97000122070312,187.19740020751954,192.89652893066406,192.3246099090576,161.43430747619536,223.11153332501053,-0.15736991649645904,0.04929723783834894,False,False,False,False,False
SBCF,2026-08-11,35.369998931884766,32.45072895050049,31.866409530639647,31.590531034469606,26.731859451032108,35.63999938964844,0.13458966992331822,0.04929723783834894,True,True,True,True,True
SBET,2026-08-11,6.230000019073486,5.685799980163575,6.952533327738444,7.928100018501282,4.460000038146973,24.549999237060547,-0.19716496967536978,0.04929723783834894,False,False,False,False,False
SBGI,2026-08-11,13.670000076293945,14.028999996185302,14.148541742960612,14.269500665664673,12.028337127220642,16.987887220590213,-0.024449813186733893,0.04929723783834894,False,False,False,False,False
SBH,2026-08-11,16.84000015258789,14.382399997711182,14.512000007629394,14.62659999370575,11.539999961853027,17.920000076293945,0.29738064302631884,0.04929723783834894,True,False,True,True,False
SBRA,2026-08-11,19.850000381469727,19.86,19.74146697998047,19.33017827987671,16.40800864701051,22.770000457763672,-0.02635747088928575,0.04929723783834894,False,True,True,False,False
SBSI,2026-08-11,32.38999938964844,33.713800315856936,32.32628035227458,31.45683611869812,25.413104687782738,36.20000076293945,-0.018306361794570347,0.04929723783834894,False,True,True,False,False
SBUX,2026-08-11,106.66000366210938,102.7272004699707,98.7794645690918,94.9806205368042,76.4861609999498,109.2300033569336,0.014612892044527648,0.04929723783834894,True,True,True,False,False
SCCO,2026-08-07,199.05999755859375,182.07679931640624,180.44083984375,168.27777893066406,88.74103973796421,220.53103636506916,0.2152251202989961,0.04929723783834894,True,True,True,True,True
SCHL,2026-08-11,41.33000183105469,43.66239982604981,38.75121515909831,36.1498357963562,22.29400651269407,48.06999969482422,0.035839605275410635,0.04929723783834894,False,True,True,False,False
SCHW,2026-08-11,107.69999694824219,97.55099945068359,95.93253102620443,95.59963382720947,83.95999908447266,109.31999969482422,0.215438395287185,0.04929723783834894,True,True,True,True,True
SCI,2026-08-11,83.3499984741211,77.37981246948242,79.33987269083659,79.12171676635742,68.08982725473525,90.98999786376953,0.06759216035619064,0.04929723783834894,True,False,True,True,False
SCL,2026-08-11,65.05000305175781,56.713232421875,53.56140050252279,51.268168430328366,40.827011052304606,66.96791019296288,0.23917283196123584,0.04929723783834894,True,True,True,True,True
SCSC,2026-08-11,51.849998474121094,51.69619995117188,43.35439997355143,42.79235000610352,33.7599983215332,59.599998474121094,0.2667969237118337,0.04929723783834894,True,True,True,True,True
SD,2026-08-11,14.319999694824219,14.021399993896484,14.954059270222983,14.511642203330993,10.118748197723201,17.93867498378411,0.009951198093956615,0.04929723783834894,False,True,True,False,False
SDGR,2026-08-11,18.649999618530273,15.727999935150146,14.088133277893066,15.221249942779542,10.944999694824219,23.020000457763672,0.43682590726170845,0.04929723783834894,True,False,True,True,False
SDRL,2026-08-11,46.70000076293945,42.3684001159668,43.60446667989095,40.570649976730344,28.020000457763672,55.470001220703125,-0.06525216936095568,0.04929723783834894,True,True,True,False,False
SEB,2026-08-11,4169.64013671875,4742.316025390625,5008.213841145834,4772.369100341797,3135.210050866572,5986.510165927378,-0.14930971880694477,0.04929723783834894,False,True,True,False,False
SEG,2026-08-11,29.229999542236328,25.906200103759765,23.08400006612142,22.749250049591065,17.739999771118164,29.299999237060547,0.3310565009496791,0.04929723783834894,True,True,True,True,True
SEI,2026-08-11,58.790000915527344,67.10417083740235,62.27780532836914,58.71825414657593,24.323541023555457,86.19000244140625,-0.1940212130866541,0.04929723783834894,False,True,True,False,False
SEIC,2026-08-11,104.62999725341797,94.93329818725586,87.2909401957194,85.73824348449708,74.64338852871859,107.0,0.1490557409289195,0.04929723783834894,True,True,True,True,True
SENEA,2026-08-11,184.4199981689453,165.6624005126953,145.76046666463216,137.76919998168944,99.58000183105469,189.58999633789062,0.3275266383509876,0.04929723783834894,True,True,True,True,True
SEPN,2026-08-11,47.7599983215332,34.50779998779297,28.7932000096639,27.67022498130798,10.616000175476074,48.0,0.9328207240422268,0.04929723783834894,True,True,True,True,True
SERV,2026-08-11,4.900000095367432,6.162599992752075,8.737100003560384,9.342900013923645,4.320000171661377,18.639999389648438,-0.44632769670528705,0.04929723783834894,False,False,False,False,False
SEZL,2026-08-11,128.27000427246094,153.21940032958983,101.02793347676595,91.99910005569458,49.5,195.7100067138672,0.28501307017246846,0.04929723783834894,False,True,True,True,False
SF,2026-08-11,84.4000015258789,75.42253387451171,77.04852508544921,77.90625568389892,67.80999755859375,88.98086267076333,0.08067092097775896,0.04929723783834894,True,False,True,True,False
SFBS,2026-08-11,89.27999877929688,84.2776025390625,80.03291768391927,77.71156833648682,66.20424646225912,91.80000305175781,0.1255529124254431,0.04929723783834894,True,True,True,True,True
SFD,2026-08-11,23.8799991607666,25.54740016937256,25.06683910369873,24.13912353515625,20.356881744107238,29.435243627382924,-0.0760423252418877,0.04929723783834894,False,True,False,False,False
SFIX,2026-08-11,3.740000009536743,3.905599985122681,3.8533000055948894,4.056624997854232,2.950000047683716,5.940000057220459,0.04761906988035336,0.04929723783834894,False,False,True,False,False
SFL,2026-08-11,11.550000190734863,11.315599975585938,10.574109284083049,9.820579662322999,6.482193731308125,12.704142152666126,-0.019630853088226208,0.04929723783834894,True,True,True,False,False
SFM,2026-08-11,84.4000015258789,81.99980010986329,78.35686665852865,79.97965000152588,64.75,152.25,0.04184667695660149,0.04929723783834894,True,False,False,False,False
SFNC,2026-08-11,23.700000762939453,22.663469619750977,20.950933100382485,20.195010948181153,16.465467420307697,24.31999969482422,0.14217417090146056,0.04929723783834894,True,True,True,True,True
SFST,2026-08-11,63.619998931884766,60.650200042724606,57.39306663513184,55.3435499382019,40.72999954223633,65.04000091552734,0.11810188446039871,0.04929723783834894,True,True,True,True,True
SG,2026-08-11,5.389999866485596,7.523000011444092,6.846599982579549,6.782799980640411,4.489999771118164,10.630000114440918,-0.20029672855739633,0.04929723783834894,False,False,False,False,False
SGHC,2026-08-11,12.970000267028809,13.85329303741455,11.921712869008383,11.834355463981629,8.390024558005686,15.819000244140625,0.003641661188468426,0.04929723783834894,False,True,True,False,False
SGI,2026-08-11,65.23999786376953,71.87100021362305,78.33229436238607,80.63465129852295,60.23371701885684,98.11007012367395,-0.16803271152290777,0.04929723783834894,False,False,False,False,False
SGMT,2026-08-11,9.520000457763672,7.337300024032593,6.488433348337809,6.621150019168854,4.5,10.062000274658203,0.23797144173294904,0.04929723783834894,True,True,True,True,True
SGRY,2026-08-11,15.0,15.344299907684325,14.520866654713949,15.325199990272521,11.40999984741211,24.100000381469727,0.04821799861287368,0.04929723783834894,False,False,True,False,False
SHAK,2026-08-11,71.7699966430664,59.344399795532226,79.59853340148926,81.42535005569458,51.599998474121094,110.66999816894531,0.03653955599875491,0.04929723783834894,False,False,True,False,False
SHBI,2026-08-11,23.829999923706055,22.819661865234377,20.15917853037516,19.32033553123474,14.626051594409908,24.889999389648438,0.2360170789779561,0.04929723783834894,True,True,True,True,True
SHC,2026-08-11,19.110000610351562,17.218000106811523,16.499333368937176,16.556950035095216,13.09000015258789,19.850000381469727,0.23849645057630853,0.04929723783834894,True,True,True,True,True
SHEN,2026-08-11,13.369999885559082,14.024999980926514,14.086333332061768,13.414087238311767,9.670000076293945,17.350000381469727,-0.17570897339366132,0.04929723783834894,False,True,True,False,False
SHLS,2026-08-11,8.729999542236328,9.972900037765504,8.823966643015543,8.830224993228912,4.429999828338623,13.180000305175781,-0.06330473947499615,0.04929723783834894,False,True,True,False,False
SHO,2026-08-11,10.640000343322754,11.476602287292481,10.069081643422445,9.783359723091126,8.3630581638378,11.976835580198177,0.044086266631255144,0.04929723783834894,False,True,True,False,False
SHOE,2026-08-11,15.760000228881836,15.755116119384766,17.267073084513346,17.281519360542298,14.020000457763672,25.61373342242942,-0.11887384736328499,0.04929723783834894,False,False,False,False,False
SHOO,2026-08-11,48.290000915527344,43.85660949707031,40.16432985941569,39.89214700698852,24.262116511184885,49.70000076293945,0.21242938632306618,0.04929723783834894,True,True,True,True,True
SHW,2026-08-11,364.4200134277344,329.845,332.8359543863932,332.71657623291014,289.8599853515625,376.951782499269,0.12895863710935984,0.04929723783834894,True,False,True,True,False
SIBN,2026-08-11,18.799999237060547,16.710599975585936,15.406399981180828,16.112449989318847,11.479999542236328,21.889999389648438,0.6192936944875898,0.04929723783834894,True,False,True,True,False
SIG,2026-08-11,94.72000122070312,88.31336303710937,88.46035456339519,89.78109970092774,71.34045498926038,109.34307298248049,0.08638363199285393,0.04929723783834894,True,False,True,True,False
SIGA,2026-08-11,2.880000114440918,3.8114000177383422,4.701484554608663,5.0247402918338775,2.859999895095825,8.421538603650916,-0.3872339933368599,0.04929723783834894,False,False,False,False,False
SIGI,2026-08-11,94.01000213623047,94.31220031738282,86.16736012776693,84.29766899108887,72.34074643296654,100.4000015258789,0.11405128635391759,0.04929723783834894,False,True,True,True,False
SION,2026-08-11,5.099999904632568,40.91139994621277,39.84380003293355,39.91587500333786,4.010000228881836,54.970001220703125,-0.8890097971718441,0.04929723783834894,False,True,False,False,False
SIRI,2026-08-11,28.510000228881836,29.144551429748535,24.924708671569825,23.84442349433899,19.150936072122978,32.36517468517835,0.08632620606042285,0.04929723783834894,False,True,True,True,False
SITC,2026-08-11,2.9600000381469727,3.4425196695327758,4.131540285746256,4.307504088878631,2.890000104904175,5.5648290011427965,-0.3115082142271688,0.04929723783834894,False,False,False,False,False
SITE,2026-08-11,98.97000122070312,105.74419998168945,126.14279963175456,126.51979969024659,90.06999969482422,168.55999755859375,-0.19023072956786735,0.04929723783834894,False,False,False,False,False
SITM,2026-08-11,667.0999755859375,646.068203125,515.9186014811198,466.03505065917966,204.3000030517578,901.8099975585938,0.0702195583335512,0.04929723783834894,True,True,True,True,True
SJM,2026-08-11,117.33999633789062,112.7633999633789,104.5385171508789,103.50162090301514,87.28118750466558,127.6500015258789,0.22526547173713451,0.04929723783834894,True,True,True,True,True
SKT,2026-08-11,38.560001373291016,39.53248809814453,36.22579518636068,35.32042650222778,30.507036992206338,42.20531644844462,0.07905140407398159,0.04929723783834894,False,True,True,True,False
SKWD,2026-08-11,61.65999984741211,55.40939956665039,48.85723309834798,48.66512475967407,40.599998474121094,65.69000244140625,0.4064780938138819,0.04929723783834894,True,True,True,True,True
SKY,2026-08-11,94.16999816894531,81.88199981689453,81.84659998575846,81.60215000152589,63.689998626708984,99.16999816894531,0.24038462118226267,0.04929723783834894,True,True,True,True,True
SKYW,2026-08-11,107.91999816894531,98.01839965820312,95.53393320719401,96.70684993743896,77.88999938964844,123.94000244140625,0.25400884534615775,0.04929723783834894,True,False,True,True,False
SLAB,2026-08-11,218.94000244140625,218.3170001220703,202.6101336669922,184.7361500930786,115.51000213623047,220.89999389648438,0.0110834452280697,0.04929723783834894,True,True,True,False,False
SLB,2026-08-11,53.68000030517578,50.09878875732422,50.49874890645345,47.071184425354005,31.04518837125846,58.513212194595916,-0.017632489755639025,0.04929723783834894,True,True,True,False,False
SLDB,2026-08-11,8.850000381469727,8.524800014495849,7.432833337783814,6.884875003099442,3.7899999618530273,11.449999809265137,0.15234382542742897,0.04929723783834894,True,True,True,True,True
SLDE,2026-08-11,20.6200008392334,19.181399955749512,18.331733315785726,17.985549964904784,12.529999732971191,23.0,0.10032022897954707,0.04929723783834894,True,True,True,True,True
SLDP,2026-08-11,2.4100000858306885,2.5369999837875366,3.291733334859212,3.8187750029563903,1.9800000190734863,8.859999656677246,-0.23492063083586223,0.04929723783834894,False,False,False,False,False
SLG,2026-08-11,55.75,50.97429916381836,44.199310302734375,44.537637119293215,33.77214434648818,63.44039825982833,0.2756357829182705,0.04929723783834894,True,False,True,True,False
SLGN,2026-08-11,41.16999816894531,42.85639999389648,42.151228713989255,41.433136768341065,35.588865176299585,49.02822922632134,0.0454918413130001,0.04929723783834894,False,True,False,False,False
SLM,2026-08-11,27.15999984741211,24.378572731018068,23.419853502909344,24.37981364250183,17.54623391365214,32.47352856616829,0.21279629257088417,0.04929723783834894,True,False,True,True,False
SLP,2026-08-11,18.309999465942383,17.753399906158446,15.640866622924804,16.22949996471405,11.09000015258789,21.010000228881836,0.1530226280849758,0.04929723783834894,True,False,True,True,False
SLS,2026-08-11,11.050000190734863,10.896399984359741,6.961066686312358,5.733500010967255,1.3899999856948853,15.880000114440918,1.104761941092355,0.04929723783834894,True,True,True,True,True
SLVM,2026-08-11,39.75,38.63931373596191,41.98752164204915,42.7485369682312,35.12119113396094,55.54517747044757,-0.02325264873752031,0.04929723783834894,False,False,False,False,False
SM,2026-08-11,32.5099983215332,29.929718856811522,27.01512045542399,24.962869110107423,17.129013855165685,35.63493413924093,0.11187410773199447,0.04929723783834894,True,True,True,True,True
SMA,2026-08-11,34.029998779296875,32.7359481048584,31.73012814839681,31.8285000705719,28.798695553213584,38.01673767713085,0.07369293084592399,0.04929723783834894,True,False,False,True,False
SMBC,2026-08-11,77.04000091552734,74.36539993286132,67.53287167867025,64.62093795776367,47.02533037918771,79.86000061035156,0.11759004077662749,0.04929723783834894,True,True,True,True,True
SMBK,2026-08-11,51.939998626708984,46.84176910400391,42.33976076761881,40.8379351234436,32.74482438816259,54.13999938964844,0.23417128726180536,0.04929723783834894,True,True,True,True,True
SMCI,2026-08-11,31.600000381469727,31.369199867248536,30.42793327331543,31.969949893951416,19.479999542236328,58.779998779296875,-0.05727923777069188,0.04929723783834894,False,False,False,False,False
SMG,2026-08-11,62.029998779296875,65.16860023498535,63.51766515096028,61.32207202911377,50.49203484188279,75.33999633789062,0.0449408049944966,0.04929723783834894,False,True,True,False,False
SMMT,2026-08-11,15.114999771118164,14.303299980163574,16.444233379364015,16.814200024604798,12.25,30.049999237060547,-0.1899785694149182,0.04929723783834894,False,False,False,False,False
SMP,2026-08-11,39.790000915527344,38.979599990844726,38.55066808064779,38.256023502349855,33.97656319951139,45.2695116521897,0.03224389698887342,0.04929723783834894,True,True,False,False,False
SMPL,2026-08-11,10.859999656677246,11.889800033569337,14.098233331044515,15.468224997520446,9.875,30.360000610351562,-0.04485490184829133,0.04929723783834894,False,False,False,False,False
SMR,2026-08-11,9.890000343322754,9.646800060272216,12.321733334859212,15.224699988365174,7.210000038146973,57.41999816894531,-0.2558314242505243,0.04929723783834894,False,False,False,False,False
SMTC,2026-08-11,131.17999267578125,142.46720001220703,111.4825335184733,101.52875015258789,46.02000045776367,177.35000610351562,-0.039185572045334904,0.04929723783834894,False,True,True,False,False
SN,2026-08-11,187.67999267578125,147.9436004638672,126.24866678873698,119.86900016784668,83.12000274658203,191.22000122070312,0.7460228524112797,0.04929723783834894,True,True,True,True,True
SNA,2026-08-11,411.7799987792969,397.1338006591797,377.931679280599,367.70849456787107,311.35778458524476,423.0199890136719,0.07317863668398061,0.04929723783834894,True,True,True,True,True
SNDA,2026-08-11,38.91999816894531,38.38459976196289,35.67819985707601,34.36024985313416,24.010000228881836,44.38999938964844,0.04764459139613808,0.04929723783834894,True,True,True,False,False
SNDK,2026-08-11,1271.050048828125,1671.541796875,1102.8278651936848,883.314499130249,42.81999969482422,2354.389892578125,-0.1786748166768316,0.04929723783834894,False,True,False,False,False
SNDR,2026-08-11,34.88999938964844,36.533589630126954,31.311584485371906,29.453413476943968,19.90320245947809,39.242000579833984,0.1723119826107944,0.04929723783834894,False,True,True,True,False
SNDX,2026-08-11,20.290000915527344,20.326599922180176,21.300799929300943,20.43699995994568,12.619999885559082,25.59000015258789,-0.017433351557056942,0.04929723783834894,False,True,True,False,False
SNEX,2026-08-11,65.97000122070312,78.63559982299805,65.23936307271322,59.226544494628904,36.448890686035156,94.66000366210938,-0.18836119326435585,0.04929723783834894,False,True,True,False,False
SNOW,2026-08-11,334.1400146484375,265.6823989868164,203.15146657307943,213.32140022277832,118.30000305175781,340.5,1.2055446511448018,0.04929723783834894,True,True,True,True,True
SNPS,2026-08-11,410.9100036621094,432.0294000244141,450.5082014973958,448.0066011047363,366.0,628.8900146484375,-0.20395590437892575,0.04929723783834894,False,False,False,False,False
SNX,2026-08-11,254.0,261.0008657836914,209.36417053222655,194.8260920715332,141.15494012551324,295.8857856699354,0.07375537759984785,0.04929723783834894,False,True,True,True,False
SO,2026-08-11,91.91999816894531,94.28679977416992,93.03160552978515,91.7730088043213,82.46411171145235,99.26000213623047,0.002716408199110232,0.04929723783834894,False,True,False,False,False
SOC,2026-08-11,4.650000095367432,6.914799990653992,10.721000024477641,9.839750012159348,2.880000114440918,29.809999465942383,-0.6490565965760429,0.04929723783834894,False,False,False,False,False
SOFI,2026-08-11,17.979999542236328,17.45599992752075,18.605899982452392,20.980474991798403,14.880000114440918,32.72999954223633,0.105781014092444,0.04929723783834894,False,False,False,True,False
SOLS,2026-08-11,61.11000061035156,72.33080001831054,73.12978446960449,66.5880202293396,40.35560743628419,90.7195434213167,-0.21342341960152122,0.04929723783834894,False,False,True,False,False
SOLV,2026-08-11,84.0999984741211,79.39039962768555,74.93560005187989,75.61520002365113,62.380001068115234,90.0,0.18467391188699245,0.04929723783834894,True,True,True,True,True
SON,2026-08-11,57.79999923706055,53.32536399841309,51.364891077677406,48.535032691955564,37.04953085708703,60.10533381855325,0.12731743142036844,0.04929723783834894,True,True,True,True,True
SONO,2026-08-11,15.069999694824219,14.9317999458313,14.884399998982747,15.559849987030029,11.6899995803833,19.81999969482422,0.012088606269387014,0.04929723783834894,False,False,True,False,False
SOUN,2026-08-11,7.409999847412109,6.816899967193604,7.83613333384196,9.093200006484984,5.650000095367432,22.170000076293945,-0.123076921340602,0.04929723783834894,False,False,False,False,False
SPB,2026-08-11,87.91000366210938,84.91480026245117,77.54036104838053,72.22890840530395,48.97889842186061,99.05999755859375,0.0401097796067158,0.04929723783834894,True,True,True,False,False
SPCX,2026-08-11,133.2899932861328,,,,,,,0.04929723783834894,False,False,False,False,False
SPFI,2026-08-11,45.0,42.634280319213865,41.653517939249674,40.7007173538208,34.91595735131685,46.75068236777594,0.0979884062503491,0.04929723783834894,True,True,True,True,True
SPG,2026-08-11,219.52999877929688,220.62905517578125,201.6527323404948,195.49921966552733,157.8628249812599,238.5,0.10417121873577528,0.04929723783834894,False,True,True,True,False
SPGI,2026-08-11,408.69000244140625,411.8095556640625,419.80992696126305,432.1764921569824,359.357471076973,543.267267658023,0.010056172499964822,0.04929723783834894,False,False,False,False,False
SPHR,2026-08-11,162.3699951171875,149.6769985961914,126.69026606241862,114.94569948196411,37.88999938964844,174.60000610351562,0.12796108759605107,0.04929723783834894,True,True,True,True,True
SPNT,2026-08-11,22.549999237060547,23.516199913024902,22.220666732788086,21.781200075149535,17.170000076293945,26.479999542236328,-0.031357449658655834,0.04929723783834894,False,True,True,False,False
SPOK,2026-08-11,11.4399995803833,10.71559995651245,11.257709096272787,11.616786684989929,9.665843749160445,17.054977092106277,0.10471966920229137,0.04929723783834894,False,False,False,True,False
SPOT,2026-08-11,501.0,485.14500244140623,489.709467976888,520.0914500427247,405.0,748.2999877929688,0.17813051146384473,0.04929723783834894,False,False,True,True,False
SPRY,2026-08-11,5.949999809265137,7.75080002784729,8.588533363342286,8.82747501373291,4.909999847412109,17.459999084472656,-0.3081395877510076,0.04929723783834894,False,False,False,False,False
SPSC,2026-08-11,74.91000366210938,60.96939994812012,64.13639999389649,70.36584991455078,49.040000915527344,117.37000274658203,0.340791213428117,0.04929723783834894,True,False,True,True,False
SPT,2026-08-11,9.904999732971191,7.939999980926514,7.328833354314169,8.137225024700165,4.920000076293945,16.030000686645508,0.5099085090501294,0.04929723783834894,True,False,True,True,False
SPXC,2026-08-11,216.7899932861328,223.5142007446289,216.50373372395833,214.5805502319336,179.6199951171875,251.0800018310547,0.019037264681742716,0.04929723783834894,False,True,True,False,False
SR,2026-08-11,82.44999694824219,80.19452697753906,84.8744260152181,84.49579639434815,71.02148746365793,94.3302942652594,-0.02861110686648949,0.04929723783834894,False,False,False,False,False
SRCE,2026-08-11,88.08000183105469,81.05034133911133,72.85795049031576,69.95956769943237,55.57146059592756,91.23999786376953,0.19913449095306857,0.04929723783834894,True,True,True,True,True
SRE,2026-08-11,85.4800033569336,90.60465682983398,91.2181684366862,90.70872509002686,76.74878812998719,100.32303010678108,-0.059835130974861706,0.04929723783834894,False,True,False,False,False
SRPT,2026-08-11,18.219999313354492,16.894200077056883,18.738199920654296,19.211499938964845,14.680000305175781,25.31999969482422,-0.06082475919477248,0.04929723783834894,False,False,True,False,False
SRRK,2026-08-11,52.06999969482422,50.09669990539551,47.61379989624024,45.408074951171876,27.06999969482422,58.4900016784668,0.07693901423170102,0.04929723783834894,True,True,True,True,True
SRTA,2026-08-11,6.03000020980835,5.473600034713745,5.086666666666667,5.006900002956391,3.8499999046325684,6.5,0.06537109052492518,0.04929723783834894,True,True,True,True,True
SSB,2026-08-11,110.37999725341797,99.93229446411132,97.33675608317057,95.40252536773681,82.97902513698564,110.4000015258789,0.13273052475898295,0.04929723783834894,True,True,True,True,True
SSD,2026-08-11,199.88999938964844,193.7887158203125,186.44307627360027,181.8716372680664,155.5449658303545,213.17515398421855,0.030395508542220506,0.04929723783834894,True,True,True,False,False
SSNC,2026-08-11,79.8499984741211,69.87819953918456,71.83582186381022,75.1258144569397,61.400001525878906,89.8222244440594,0.19586196368823372,0.04929723783834894,True,False,True,True,False
SSP,2026-08-11,3.309999942779541,3.0627999973297118,3.614133343696594,3.489115794301033,1.5187970399856567,5.389999866485596,-0.29273502901931203,0.04929723783834894,False,False,True,False,False
SSRM,2026-08-11,31.969999313354492,28.234199905395506,28.488666636149087,26.81764998435974,15.569999694824219,36.52000045776367,-0.07973523981805852,0.04929723783834894,True,True,True,False,False
SSTK,2026-08-11,5.409999847412109,9.890429782867432,14.386825917561849,15.657585430145264,5.170000076293945,27.650735860873745,-0.6645884553970562,0.04929723783834894,False,False,False,False,False
ST,2026-08-11,46.22999954223633,47.750199966430664,41.16114903767904,38.86707974433899,27.99124060505984,53.88999938964844,0.01322349744840512,0.04929723783834894,False,True,True,False,False
STAA,2026-08-11,24.940000534057617,27.255600090026856,23.86026668548584,24.295850019454956,15.59000015258789,35.869998931884766,-0.08577712953406924,0.04929723783834894,False,False,True,False,False
STAG,2026-08-11,36.7400016784668,38.43092552185058,37.77110534667969,37.66433132171631,32.93446019297693,42.61000061035156,-0.03741453595179378,0.04929723783834894,False,True,False,False,False
STBA,2026-08-11,51.290000915527344,49.111800003051755,44.589242960611976,43.091847801208495,33.498053316927646,53.5,0.1748301523200757,0.04929723783834894,True,True,True,True,True
STC,2026-08-11,65.4800033569336,67.14937698364258,66.34620992024739,67.51678260803223,56.650283228711174,76.79035179949656,-0.030670017862806098,0.04929723783834894,False,False,False,False,False
STE,2026-08-11,238.22999572753906,215.9943649291992,226.95689005533853,233.548129196167,194.56106029073672,267.95915908636965,0.1837447104433052,0.04929723783834894,True,False,True,True,False
STEP,2026-08-11,49.5099983215332,44.3589965057373,51.20165283203125,53.69709493637085,38.849998474121094,75.88541062784786,-0.05923232481967666,0.04929723783834894,False,False,True,False,False
STGW,2026-08-11,9.279999732971191,7.49079999923706,6.493999989827474,6.1613499808311465,4.289999961853027,9.399999618530273,0.4847999572753907,0.04929723783834894,True,True,True,True,True
STLD,2026-08-11,263.69000244140625,250.51500305175782,214.95956227620442,201.83612258911134,120.24179769461189,288.08663551146503,0.12000697882295364,0.04929723783834894,True,True,True,True,True
STNE,2026-08-11,9.960000038146973,10.956399993896484,11.75618117014567,12.18075330734253,9.449999809265137,16.48103235056443,-0.044145876658244654,0.04929723783834894,False,False,False,False,False
STNG,2026-08-11,74.19000244140625,76.70260009765624,73.37726712544759,69.15352935791016,43.52833298746391,86.86284792395834,-0.12342635843813154,0.04929723783834894,False,True,True,False,False
STOK,2026-08-11,32.959999084472656,30.626999969482423,32.161366628011066,31.645874977111816,13.043000221252441,40.220001220703125,-0.0096153757981291,0.04929723783834894,True,True,True,False,False
STRA,2026-08-11,79.9800033569336,79.71940017700196,79.88139068603516,79.39424518585206,69.16935522517213,89.7300033569336,0.025624621865248276,0.04929723783834894,True,False,False,False,False
STRL,2026-08-11,532.760009765625,734.1273999023438,564.5571329752604,508.6090498352051,263.45001220703125,1005.6799926757812,-0.36936550963091863,0.04929723783834894,False,True,False,False,False
STRZ,2026-08-11,23.950000762939453,26.94909984588623,18.279433269500732,16.480799946784973,8.399999618530273,32.58000183105469,0.18858566830515655,0.04929723783834894,False,True,True,True,False
STT,2026-08-11,187.22000122070312,173.9997573852539,147.57857788085937,140.41061004638672,102.75721632197907,192.50999450683594,0.2646315447064642,0.04929723783834894,True,True,True,True,True
STUB,2026-08-11,8.1899995803833,10.342799968719483,9.605133307774862,10.909449985027313,5.739999771118164,27.889999389648438,0.08047488955369309,0.04929723783834894,False,False,False,True,False
STWD,2026-08-11,16.65999984741211,16.451105518341066,16.85409907658895,16.84716052532196,15.510000228881836,18.71999355309815,-0.03407079122446521,0.04929723783834894,False,False,False,False,False
STZ,2026-08-11,133.97999572753906,135.70499786376953,146.35569600423176,143.076683883667,123.82391805834443,166.61108103711402,-0.10125997422875366,0.04929723783834894,False,False,False,False,False
SUI,2026-08-11,118.66999816894531,121.06227172851563,124.67352951049804,123.9544425201416,113.81015333676352,135.36436825991225,-0.04780528262116268,0.04929723783834894,False,False,False,False,False
SUNB,2026-08-11,80.55000305175781,76.51331420898437,,,60.40297524046033,85.78945225156974,0.06206659286349114,0.04929723783834894,False,False,True,True,False
SUPN,2026-08-11,46.880001068115234,46.161199798583986,49.04799980163574,48.91704982757568,40.5,59.68000030517578,-0.1032899356784236,0.04929723783834894,False,False,False,False,False
SVC,2026-08-11,8.130000114440918,8.369934892654419,8.918290449778238,9.026434845924378,5.580437660994302,14.729427958404843,0.03513215630357469,0.04929723783834894,False,False,False,False,False
SVRA,2026-08-11,5.570000171661377,5.585000019073487,5.516533336639404,5.448400009870529,2.430000066757202,7.005000114440918,0.056926032603537235,0.04929723783834894,False,True,True,True,False
SVV,2026-08-11,11.800000190734863,9.89079999923706,9.298333317438761,9.378049988746643,6.90500020980835,13.890000343322754,0.37850462760412396,0.04929723783834894,True,False,True,True,False
SW,2026-08-11,49.619998931884766,44.94639991760254,42.60333012898763,41.015596542358395,32.075669135022466,51.9900016784668,0.22706178285275502,0.04929723783834894,True,True,True,True,True
SWBI,2026-08-11,14.220000267028809,14.951875038146973,13.668470541636148,12.57351516008377,7.519423627392514,17.40821746010635,-0.03796212832835599,0.04929723783834894,False,True,True,False,False
SWK,2026-08-11,104.0,89.26152755737304,81.18629501342774,78.1043902015686,59.8701635728447,104.68000030517578,0.3293494261650407,0.04929723783834894,True,True,True,True,True
SWKS,2026-08-11,68.33000183105469,67.62600036621093,62.52334391276042,63.591759300231935,51.482655253369984,88.0456459502803,0.05971304927914445,0.04929723783834894,True,False,True,True,False
SWX,2026-08-11,91.51000213623047,89.96320007324219,87.75489359537761,85.62684307098388,74.1048978979359,94.47000122070312,0.034152094622889706,0.04929723783834894,True,True,True,False,False
SXC,2026-08-11,9.260000228881836,8.747999963760376,7.55814515431722,7.3666910290718075,5.436257763139787,9.920000076293945,0.25872090894094635,0.04929723783834894,True,True,True,True,True
SXI,2026-08-11,327.5299987792969,311.0255523681641,274.4736645507812,264.1308319854736,187.7297260825166,363.5235827414152,0.26100054505286674,0.04929723783834894,True,True,True,True,True
SXT,2026-08-11,131.89999389648438,119.11845718383789,105.59970728556316,102.52198837280274,82.040592325763,132.47000122070312,0.12791891591781512,0.04929723783834894,True,True,True,True,True
SYBT,2026-08-11,83.54000091552734,77.95168197631835,71.2789730834961,69.92983762741089,61.176577293960975,89.22000122070312,0.18630098310257903,0.04929723783834894,True,True,True,True,True
SYF,2026-08-11,78.47000122070312,74.28359588623047,72.81414950052897,73.96957651138305,62.55498440548189,87.67422693662976,0.12135518299231118,0.04929723783834894,True,False,True,True,False
SYK,2026-08-11,348.1499938964844,320.6397149658203,334.8088092041016,341.1115393066406,280.25185675248156,392.8600994962948,0.18641676041132493,0.04929723783834894,True,False,True,True,False
SYNA,2026-08-11,106.91999816894531,122.6463998413086,100.81580022176107,93.39660024642944,58.279998779296875,149.11000061035156,-0.1551165895648695,0.04929723783834894,False,True,True,False,False
SYRE,2026-08-11,102.73999786376953,90.18800033569336,62.77140008290609,54.04725008010864,14.505000114440918,108.13999938964844,0.4073972310105416,0.04929723783834894,True,True,True,True,True
SYY,2026-08-11,84.26000213623047,80.91787506103516,79.26428975423177,77.78792514801026,67.2341471705827,90.5624908257144,0.1638101974271069,0.04929723783834894,True,True,True,True,True
T,2026-08-11,24.5,22.501790466308595,24.741635627746582,24.587106533050537,19.62719512903332,28.75011249618359,-0.0016867495536365684,0.04929723783834894,False,False,True,False,False
TALK,2026-08-11,5.239999771118164,5.211799917221069,4.906266627311706,4.504249973297119,2.4509999752044678,5.25,0.00963385613611778,0.04929723783834894,True,True,True,False,False
TALO,2026-08-11,15.569999694824219,14.291400012969971,13.92866668065389,13.116700019836426,7.829999923706055,17.049999237060547,0.03455146162785305,0.04929723783834894,True,True,True,False,False
TAP,2026-08-11,41.97999954223633,40.41509231567383,43.45506759643555,43.78274059295654,38.040000915527344,53.61933811320096,-0.006486705012776373,0.04929723783834894,False,False,False,False,False
TARS,2026-08-11,69.45999908447266,61.66960014343262,66.07616683959961,68.58770008087158,48.20000076293945,85.25,0.07257561447195715,0.04929723783834894,True,False,True,True,False
TATT,2026-08-11,37.7400016784668,43.033200149536135,45.26666674296061,44.04920001983643,30.360000610351562,64.5,0.04167822675432653,0.04929723783834894,False,True,False,False,False
TBBK,2026-08-11,69.45999908447266,62.338800048828126,60.18186660766602,61.96279989242554,50.20000076293945,81.6500015258789,0.14828892638630875,0.04929723783834894,True,False,True,True,False
TBCH,2026-08-11,12.880000114440918,12.800200080871582,12.261366723378499,12.89317503452301,9.84000015258789,17.386999130249023,0.01617356375709611,0.04929723783834894,False,False,True,False,False
TBI,2026-08-11,10.1899995803833,7.643199987411499,5.652866676648458,5.470450004339218,3.180000066757202,10.739999771118164,0.8940519263245836,0.04929723783834894,True,True,True,True,True
TBPH,2026-08-11,16.920000076293945,16.777199993133546,17.062633330027264,17.15262499809265,11.40999984741211,21.030000686645508,0.024213051298209276,0.04929723783834894,False,False,True,False,False
TCBI,2026-08-11,100.3499984741211,101.3795997619629,99.4082996114095,96.88474884033204,75.25841530056103,108.70104245899921,0.02499626918447695,0.04929723783834894,False,True,True,False,False
TCBK,2026-08-11,57.119998931884766,54.5162117767334,50.68678298950195,49.4450332069397,39.558783365672454,61.709999084472656,0.13245051544138464,0.04929723783834894,True,True,True,True,True
TCBX,2026-08-11,44.90999984741211,40.92839996337891,39.80779998779297,39.41215000152588,35.72999954223633,45.15999984741211,0.2095340305814808,0.04929723783834894,True,True,True,True,True
TCMD,2026-08-11,24.149999618530273,27.75460006713867,27.219833272298178,26.42542497634888,12.119999885559082,37.77000045776367,-0.045454531747404325,0.04929723783834894,False,True,True,False,False
TDAY,2026-08-11,6.840000152587891,8.243399991989136,7.167333329518636,6.6291000020504,3.4200000762939453,9.210000038146973,-0.06301370220932367,0.04929723783834894,False,True,True,False,False
TDC,2026-08-11,26.860000610351562,32.15640003204346,30.06200008392334,29.36635004043579,19.959999084472656,41.779998779296875,-0.11294583879591125,0.04929723783834894,False,True,True,False,False
TDG,2026-08-11,1242.0400390625,1266.7498022460939,1265.9944645182293,1279.6059985351562,1123.6099853515625,1463.030029296875,0.03618176272632878,0.04929723783834894,False,False,False,False,False
TDOC,2026-08-11,6.809999942779541,8.130199995040893,6.581199998855591,6.823800008296967,4.400000095367432,9.88700008392334,-0.01589597287595923,0.04929723783834894,False,True,True,False,False
TDS,2026-08-11,33.33000183105469,36.35404190063477,41.367149378458656,40.76406610488892,31.510000228881836,49.070668579362035,-0.22965811751045118,0.04929723783834894,False,False,False,False,False
TDUP,2026-08-11,3.140000104904175,5.656899995803833,4.880966676076254,5.625674998760223,3.0399999618530273,12.279999732971191,-0.3769841014542966,0.04929723783834894,False,False,False,False,False
TDW,2026-08-11,91.19999694824219,73.78640029907227,75.0858669535319,69.68355014801026,46.650001525878906,93.12999725341797,0.12135736991240043,0.04929723783834894,True,True,True,True,True
TDY,2026-08-11,681.739990234375,639.1217993164063,633.359863688151,602.9579483032227,483.0199890136719,697.6699829101562,0.07771344623039078,0.04929723783834894,True,True,True,True,True
TE,2026-08-11,5.46999979019165,7.424200005531311,6.976000010172526,6.431900007724762,1.2000000476837158,12.489999771118164,-0.09437088994393061,0.04929723783834894,False,True,False,False,False
TEAM,2026-08-11,154.0800018310547,95.80209991455078,91.15253346761068,107.8907999420166,56.0099983215332,184.0,0.7647463765836391,0.04929723783834894,True,False,True,True,False
TECH,2026-08-11,72.1500015258789,64.32180015563965,59.451410903930665,59.74577579498291,43.1201874966908,72.38999938964844,0.5246477610147611,0.04929723783834894,True,True,True,True,True
TECX,2026-08-11,31.8700008392334,31.170400047302245,28.071200116475424,25.878600072860717,14.390000343322754,39.529998779296875,0.1580668716974003,0.04929723783834894,True,True,True,True,True
TEM,2026-08-11,55.689998626708984,51.31879974365234,52.953366419474285,58.00337472915649,40.77000045776367,104.31999969482422,0.1491952059188737,0.04929723783834894,False,False,False,True,False
TENB,2026-08-11,37.84000015258789,33.270400009155274,25.04273339589437,25.39565001487732,15.729999542236328,43.66999816894531,0.7756922149652672,0.04929723783834894,True,True,True,True,True
TER,2026-08-11,379.55999755859375,382.2343988037109,336.04322153727213,297.7351369476318,104.62216783974017,487.9100036621094,0.03562988841189707,0.04929723783834894,False,True,True,False,False
TEX,2026-08-11,67.7300033569336,65.8048363494873,62.771271387736,59.42014795303345,41.3687271044765,74.49860422434423,0.061837084955392196,0.04929723783834894,True,True,True,True,True
TFC,2026-08-11,52.310001373291016,50.6529997253418,49.37358507792155,48.41089870452881,39.4923817428877,55.0570864568547,0.06277935952769065,0.04929723783834894,True,True,True,True,True
TFIN,2026-08-11,76.33999633789062,75.51679992675781,67.48379997253419,65.08080005645752,46.43000030517578,81.75,0.13180133123608861,0.04929723783834894,True,True,True,True,True
TFSL,2026-08-11,17.239999771118164,17.235760135650636,15.12429920832316,14.630513405799865,11.792615083834553,19.489999771118164,0.16141507293822466,0.04929723783834894,True,True,True,True,True
TFX,2026-08-11,133.5399932861328,131.7977995300293,121.7776005045573,121.05782657623291,99.63279379645776,145.0,0.03210846124308553,0.04929723783834894,True,True,True,False,False
TG,2026-08-11,7.900000095367432,7.780199995040894,8.28840000152588,8.106650009155274,6.25,10.529999732971191,-0.15598286483571377,0.04929723783834894,False,False,True,False,False
TGLS,2026-08-11,42.77000045776367,44.46406967163086,45.420594431559245,47.02219480514526,37.39820843942736,82.76076710780167,-0.02589583507638904,0.04929723783834894,False,False,False,False,False
TGT,2026-08-11,152.2899932861328,135.44599960327147,122.69787811279296,114.7215347290039,81.82682168158469,154.88999938964844,0.22123319569216515,0.04929723783834894,True,True,True,True,True
TGTX,2026-08-11,49.900001525878906,51.021899948120115,38.85396667480469,37.08309998512268,26.049999237060547,59.29999923706055,0.16425573530736348,0.04929723783834894,False,True,True,True,False
TH,2026-08-11,16.6200008392334,17.538199977874754,13.085266625086467,11.710999958515167,5.96999979019165,20.850000381469727,0.05256497019541273,0.04929723783834894,False,True,True,True,False
THC,2026-08-11,259.45001220703125,203.0476010131836,202.1925341796875,202.38735061645508,157.5800018310547,265.32000732421875,0.35355812876036663,0.04929723783834894,True,True,True,True,True
THFF,2026-08-11,81.33999633789062,75.45819946289062,67.70749603271484,65.05942512512208,49.92217008228242,83.83000183105469,0.21579593359247906,0.04929723783834894,True,True,True,True,True
THG,2026-08-11,221.94000244140625,209.1349835205078,187.4269061279297,184.95538246154786,162.15321288182372,236.07000732421875,0.1966549744071564,0.04929723783834894,True,True,True,True,True
THO,2026-08-11,81.30999755859375,76.01295654296875,85.867333984375,89.85073364257812,69.22770442324266,121.16027722482147,0.09665767042472773,0.04929723783834894,False,False,False,True,False
THRM,2026-08-11,41.40999984741211,37.34720001220703,33.55713331858317,34.26684988975525,27.0,48.349998474121094,0.3414317694084148,0.04929723783834894,True,True,True,True,True
THRY,2026-08-11,2.140000104904175,3.7569000005722044,3.7121333360671995,4.457050007581711,1.909999966621399,13.9350004196167,-0.3885713985988072,0.04929723783834894,False,False,False,False,False
TIC,2026-08-11,10.539999961853027,8.053200035095214,8.740000022252401,9.203800008296966,6.360000133514404,14.944000244140625,0.02230839310139232,0.04929723783834894,True,False,True,False,False
TIGO,2026-08-11,95.02999877929688,92.04586822509765,77.99757855733236,70.7867384147644,39.04951234620747,107.12999725341797,0.22042066875495414,0.04929723783834894,True,True,True,True,True
TILE,2026-08-11,38.540000915527344,33.02764389038086,30.334428227742514,29.55150153160095,24.375393996804295,40.5,0.3852388926704928,0.04929723783834894,True,True,True,True,True
TIPT,2026-08-11,18.030000686645508,17.818799934387208,17.280552997589112,17.48847390651703,15.434011095994663,27.125144071206055,0.07710762321874798,0.04929723783834894,True,False,False,True,False
TITN,2026-08-11,18.809999465942383,20.015199966430664,18.891266600290933,18.21584993839264,13.210000038146973,25.0,-0.12061711067437575,0.04929723783834894,False,True,True,False,False
TJX,2026-08-11,155.74000549316406,157.81420013427734,156.3141562906901,154.44027000427246,130.73184159405724,170.0,0.049292256093436126,0.04929723783834894,False,True,False,False,False
TKO,2026-08-11,194.72999572753906,193.55446899414062,196.2559009806315,195.59847511291503,173.95999725603858,225.1521760234381,0.05956326664131617,0.04929723783834894,False,False,False,True,False
TKR,2026-08-11,128.5399932861328,136.41759994506836,114.082064259847,105.57233909606934,69.8091575009135,146.3699951171875,0.07729160813324754,0.04929723783834894,False,True,True,True,False
TLN,2026-08-11,357.8800048828125,373.25460021972657,359.99073323567706,364.7068994140625,301.45001220703125,451.2799987792969,-0.12710062829039626,0.04929723783834894,False,False,False,False,False
TMDX,2026-08-11,89.36000061035156,74.32320022583008,100.98923398335775,107.93022565841675,60.10499954223633,156.0,0.3897355578416053,0.04929723783834894,False,False,False,True,False
TMO,2026-08-11,605.0,521.9509539794922,517.0953436279297,531.432703704834,434.8341016176903,642.7096629585577,0.33806112266210486,0.04929723783834894,True,False,True,True,False
TMP,2026-08-11,99.0999984741211,92.97474670410156,83.81288706461588,79.91196474075318,59.8908856035522,101.30506643904165,0.19149191645746289,0.04929723783834894,True,True,True,True,True
TMUS,2026-08-11,178.5800018310547,181.79140075683594,193.32300516764323,195.92845924377443,165.66000366210938,256.7223992938145,-0.05921432135953175,0.04929723783834894,False,False,False,False,False
TNC,2026-08-11,66.31999969482422,85.49600006103516,78.87052528381348,77.70447603225708,59.886651519281145,91.93000030517578,-0.22591507831061375,0.04929723783834894,False,True,False,False,False
TNDM,2026-08-11,23.440000534057617,17.28740015029907,19.18413339614868,19.22230004787445,10.25,29.649999618530273,0.5870006640207424,0.04929723783834894,True,False,True,True,False
TNET,2026-08-11,66.55999755859375,55.62091636657715,47.96810333251953,50.2622154045105,33.1470696692536,73.08000183105469,0.5982890324547416,0.04929723783834894,True,False,True,True,False
TNGX,2026-08-11,26.34000015258789,28.404200019836427,21.246966654459637,18.124824986457824,6.25,34.38999938964844,0.12180582053278721,0.04929723783834894,False,True,True,True,False
TNK,2026-08-11,77.47000122070312,72.74738693237305,70.40826833089193,66.89907875061036,42.56010044277608,82.3628254977439,-0.004780590348413827,0.04929723783834894,True,True,True,False,False
TNL,2026-08-11,73.81999969482422,74.12410217285156,71.23754524230957,69.74559226989746,55.95497666471345,79.65447535489993,0.14537918700472763,0.04929723783834894,False,True,True,True,False
TOL,2026-08-11,152.91000366210938,149.72134796142578,145.34051966349284,142.83711513519287,122.93403291582007,167.75314103090045,0.08176994230335777,0.04929723783834894,True,True,True,True,True
TOST,2026-08-11,34.880001068115234,28.775999908447265,28.483933194478354,30.285999917984007,22.260000228881836,45.63999938964844,0.4419181603161577,0.04929723783834894,True,False,True,True,False
TOWN,2026-08-11,37.439998626708984,35.82946968078613,34.47929419199625,33.920075035095216,30.5472943549863,39.029998779296875,0.08551261581585723,0.04929723783834894,True,True,True,True,True
TPB,2026-08-11,88.08000183105469,83.17340103149414,94.60268798828125,95.76229217529297,65.73383859655058,146.61489821498472,0.08501916458157144,0.04929723783834894,False,False,True,True,False
TPC,2026-08-11,97.52999877929688,80.3568000793457,79.47524846394857,76.19282905578613,53.69624691429033,102.30000305175781,0.17895961207762356,0.04929723783834894,True,True,True,True,True
TPG,2026-08-11,50.599998474121094,43.02180000305176,45.79734603881836,48.80605117797852,36.46141841679181,68.5656908893761,0.13900563230700635,0.04929723783834894,True,False,True,True,False
TPL,2026-08-11,364.9700012207031,391.54680114746094,414.84293701171873,386.6442318725586,268.5146408236934,545.7393411421608,-0.09214895321476413,0.04929723783834894,False,True,True,False,False
TPR,2026-08-11,160.5399932861328,146.22857543945312,142.93760528564454,135.4524370574951,91.44214069294543,164.8000030517578,0.08176077026116113,0.04929723783834894,True,True,True,True,True
TRAX,2026-08-11,46.75,28.660399951934814,,,,,1.492004233988566,0.04929723783834894,False,False,False,True,False
TRC,2026-08-11,16.549999237060547,18.20979999542236,18.217933292388917,17.664299964904785,15.3100004196167,21.309999465942383,-0.15084661716694037,0.04929723783834894,False,True,False,False,False
TRDA,2026-08-11,7.039999961853027,6.862699995040893,9.88610000928243,9.66682499885559,5.019999980926514,16.450000762939453,-0.5608234772118252,0.04929723783834894,False,False,False,False,False
TREE,2026-08-11,31.520000457763672,39.18379981994629,43.508933232625324,46.43859992980957,29.770000457763672,77.3499984741211,-0.2054448723812059,0.04929723783834894,False,False,False,False,False
TREX,2026-08-11,49.7400016784668,45.46280029296875,41.721200154622395,40.67355010986328,29.770000457763672,66.05999755859375,0.2463042312362247,0.04929723783834894,True,False,True,True,False
TRGP,2026-08-11,265.45001220703125,266.98752044677735,240.74499196370442,222.6066751098633,141.10578048736608,289.6842600997971,0.06890719870024475,0.04929723783834894,False,True,True,True,False
TRIP,2026-08-11,10.949999809265137,12.972999935150147,11.869066651662191,12.685800004005433,9.010000228881836,20.15999984741211,-0.02057249460039512,0.04929723783834894,False,False,False,False,False
TRMB,2026-08-11,57.97999954223633,53.52980010986328,62.220866724650065,66.64204988479614,47.91999816894531,84.55000305175781,-0.001033793458727561,0.04929723783834894,False,False,True,False,False
TRMK,2026-08-11,47.849998474121094,45.93220336914062,43.733409042358396,42.393683166503905,35.69971377508671,49.0,0.07129192258433026,0.04929723783834894,True,True,True,True,True
TRN,2026-08-11,28.739999771118164,34.000403785705565,32.2322882715861,30.732027263641356,24.05644778125935,38.310001373291016,-0.20884186873317978,0.04929723783834894,False,True,False,False,False
TRNO,2026-08-11,68.26000213623047,68.26528366088867,64.84774820963541,63.44530288696289,51.33412040633706,78.94000244140625,0.04713918481385293,0.04929723783834894,False,True,True,False,False
TRNS,2026-08-11,95.38999938964844,89.33699920654297,78.19586639404297,73.71404981613159,50.22999954223633,98.36000061035156,0.2691590572358855,0.04929723783834894,True,True,True,True,True
TROW,2026-08-11,113.75,111.85629608154296,101.25050801595052,100.76165378570556,84.2095526998167,122.0,0.08465950851802528,0.04929723783834894,True,True,True,True,True
TROX,2026-08-11,6.389999866485596,6.620906724929809,7.364266379674276,6.463682514429093,2.7603916332513245,10.449091459791548,-0.30981155479449374,0.04929723783834894,False,True,True,False,False
TRS,2026-08-11,39.7599983215332,41.08333236694336,38.321194330851235,37.27994802474976,30.339055061432394,45.385581733329964,-0.04306536163678931,0.04929723783834894,False,True,True,False,False
TRST,2026-08-11,55.9900016784668,54.67499870300293,48.1941130065918,46.21469072341919,32.15713068735956,58.97999954223633,0.1625843842310568,0.04929723783834894,True,True,True,True,True
TRTX,2026-08-11,8.0,8.31674882888794,8.166167596181234,8.18217481136322,7.345386403098025,8.835000038146973,-0.04172238031793818,0.04929723783834894,False,True,False,False,False
TRU,2026-08-11,80.37000274658203,73.97819992065429,74.1813020324707,76.34180450439453,63.369998931884766,95.03976078717496,0.13879230422633637,0.04929723783834894,True,False,True,True,False
TRUP,2026-08-11,30.510000228881836,24.718399925231935,26.98220001220703,29.8603000831604,21.15999984741211,51.775001525878906,0.22431782245079446,0.04929723783834894,True,False,False,True,False
TRV,2026-08-11,375.6099853515625,338.2836053466797,309.1138053385417,302.0336358642578,249.31211889401692,398.70001220703125,0.26553573095761696,0.04929723783834894,True,True,True,True,True
TRVI,2026-08-11,17.799999237060547,16.765999965667724,13.77606663386027,13.319799971580505,6.929999828338623,20.219999313354492,0.24824677078257595,0.04929723783834894,True,True,True,True,True
TSBK,2026-08-11,45.630001068115234,43.12390068054199,40.01744921366374,38.35304470062256,30.032628625749066,45.98290306981052,0.12332533714886318,0.04929723783834894,True,True,True,True,True
TSCO,2026-08-11,35.290000915527344,31.022199935913086,40.25461376190186,43.35819588661194,28.360000610351562,61.83575386326831,0.1607349256035504,0.04929723783834894,False,False,False,True,False
TSHA,2026-08-11,6.679999828338623,6.057100009918213,5.43100001335144,5.292350015640259,2.690000057220459,7.300000190734863,0.0014992131829529853,0.04929723783834894,True,True,True,False,False
TSLA,2026-08-11,332.80999755859375,376.1569982910156,395.1864660644531,407.70635009765624,297.3800048828125,498.8299865722656,-0.25211236503686796,0.04929723783834894,False,False,False,False,False
TSN,2026-08-11,56.43000030517578,57.916600189208985,61.15993779500325,59.49374166488647,49.298490824270765,68.89929729108736,-0.151675386497078,0.04929723783834894,False,True,False,False,False
TT,2026-08-11,483.9599914550781,471.9125030517578,450.29192525227865,440.1119494628906,346.4362972107948,505.8699951171875,0.03245611505142709,0.04929723783834894,True,True,True,False,False
TTAM,2026-08-11,16.010000228881836,16.955562801361083,16.728347918192547,16.47220281600952,13.825119365983975,19.56999969482422,-0.05664373867915862,0.04929723783834894,False,True,False,False,False
TTAN,2026-08-11,88.38999938964844,75.09729988098144,71.98486653645833,78.4310498046875,54.16999816894531,119.98999786376953,0.4660805779965431,0.04929723783834894,True,False,True,True,False
TTC,2026-08-11,98.80999755859375,93.52206832885742,93.3191749572754,88.12664283752441,66.72180388114886,104.28570315686929,0.034563538125335524,0.04929723783834894,True,True,True,False,False
TTD,2026-08-11,13.5600004196167,18.606000156402587,23.51103344599406,28.04562509059906,12.829999923706055,56.38999938964844,-0.36988846974096046,0.04929723783834894,False,False,False,False,False
TTEK,2026-08-11,35.380001068115234,30.248599967956544,32.26146917978922,32.61669369697571,25.809999465942383,42.95602090253938,0.1435973337099843,0.04929723783834894,True,False,True,True,False
TTGT,2026-08-11,3.75,3.913199977874756,4.461533311208089,4.6680499792099,3.369999885559082,7.150000095367432,-0.3534482971241294,0.04929723783834894,False,False,False,False,False
TTI,2026-08-11,8.819999694824219,9.395199947357177,9.684866631825765,9.318249979019164,3.819999933242798,12.539999961853027,-0.13359534082333002,0.04929723783834894,False,True,True,False,False
TTMI,2026-08-11,130.74000549316406,159.72080078125,130.71646692911784,115.01620008468628,39.20000076293945,223.8300018310547,-0.19786489301856358,0.04929723783834894,False,True,False,False,False
TTWO,2026-08-11,250.5,236.33960021972655,223.5157336425781,229.30820007324218,187.6300048828125,265.94000244140625,0.13631210463937093,0.04929723783834894,True,False,True,True,False
TVTX,2026-08-11,60.209999084472656,54.888400115966796,40.95589995066325,39.3576249217987,17.049999237060547,66.23999786376953,0.41338031082440985,0.04929723783834894,True,True,True,True,True
TW,2026-08-11,104.41999816894531,100.15679916381836,109.50838033040364,108.88539440155029,91.41999816894531,134.95638340407615,-0.04444823627828964,0.04929723783834894,False,False,False,False,False
TWI,2026-08-11,7.139999866485596,7.533800039291382,8.18726668993632,8.119750020503998,6.429999828338623,11.699999809265137,-0.06910041780135678,0.04929723783834894,False,False,False,False,False
TWLO,2026-08-11,255.9499969482422,205.89440002441407,161.4693999226888,153.45160011291503,92.55000305175781,258.3529968261719,0.28883630428572293,0.04929723783834894,True,True,True,True,True
TWO,2026-08-11,11.989999771118164,12.04425495147705,11.273190695444743,10.75084988117218,8.281605868571623,13.365644907289298,-0.004084525105337189,0.04929723783834894,False,True,True,False,False
TWST,2026-08-11,123.12000274658203,88.88199966430665,62.25379990895589,54.50819993019104,23.299999237060547,125.66000366210938,1.0682009956533083,0.04929723783834894,True,True,True,True,True
TXG,2026-08-11,58.47999954223633,40.150499992370605,27.565533345540363,24.70985001564026,11.15999984741211,60.689998626708984,1.852682904499333,0.04929723783834894,True,True,True,True,True
TXN,2026-08-11,281.239990234375,292.4818585205078,248.46783559163413,227.97421073913574,150.20339205353042,332.32845736493783,-0.050644988955732106,0.04929723783834894,False,True,True,False,False
TXNM,2026-08-11,57.310001373291016,57.183701553344726,57.85739639282227,57.58645532608032,54.88238370714083,59.09523878801952,-0.025626582544886256,0.04929723783834894,False,False,False,False,False
TXRH,2026-08-11,209.82000732421875,187.40800933837892,178.04327707926433,175.43513038635254,153.17223310879282,213.25999450683594,0.31956304258017343,0.04929723783834894,True,True,True,True,True
TXT,2026-08-11,88.20999908447266,90.50789962768555,91.72356038411458,89.67336692810059,77.55974532949112,101.52614824798137,-0.03669806253339458,0.04929723783834894,False,True,False,False,False
TYL,2026-08-11,322.92999267578125,305.9538000488281,339.4039326985677,372.08769927978517,270.7099914550781,584.5,0.007110553010123866,0.04929723783834894,False,False,False,False,False
TYRA,2026-08-11,25.18000030517578,29.9936999130249,32.3250999323527,29.083524956703187,9.960000038146973,40.650001525878906,-0.2550295599543455,0.04929723783834894,False,True,True,False,False
U,2026-08-11,43.869998931884766,30.738799934387206,27.96433334350586,31.521450023651123,16.780000686645508,52.150001525878906,0.6326757559244043,0.04929723783834894,True,False,True,True,False
UA,2026-08-11,5.199999809265137,6.216799993515014,6.1555333360036215,5.713650000095368,3.950000047683716,7.906700134277344,-0.11564630815325028,0.04929723783834894,False,True,True,False,False
UAA,2026-08-11,5.340000152587891,6.382800006866455,6.322066669464111,5.886900007724762,4.130000114440918,8.149999618530273,-0.11881184768813846,0.04929723783834894,False,True,True,False,False
UAL,2026-08-11,126.30999755859375,121.38300003051758,107.91799997965495,106.44919982910156,84.63999938964844,138.77000427246094,0.26842734721865735,0.04929723783834894,True,True,True,True,True
UAMY,2026-08-11,6.579999923706055,6.738599996566773,8.372866614659626,7.942199952602387,3.4100000858306885,19.709999084472656,-0.3821596094466235,0.04929723783834894,False,False,False,False,False
UBER,2026-08-11,78.54000091552734,72.0518000793457,74.4866667175293,77.88240013122558,65.41000366210938,101.98999786376953,0.03138541486222057,0.04929723783834894,True,False,True,False,False
UBSI,2026-08-11,48.5,45.98721084594727,43.07636479695638,41.42827320098877,33.1628415872443,49.619998931884766,0.11878376418676617,0.04929723783834894,True,True,True,True,True
UCB,2026-08-11,36.13999938964844,34.69825813293457,33.34956960042318,32.541897230148315,27.98983906289062,37.18000030517578,0.08470785920195945,0.04929723783834894,True,True,True,True,True
UCTT,2026-08-11,86.06999969482422,98.59399978637695,73.58613329569499,61.73094993591309,21.489999771118164,144.22000122070312,0.031272473508056065,0.04929723783834894,False,True,False,False,False
UDR,2026-08-11,37.29999923706055,38.89757682800293,36.96601722717285,36.3299055480957,32.03715996744678,41.84988759871014,0.013641805622981451,0.04929723783834894,False,True,False,False,False
UE,2026-08-11,21.6299991607666,22.759126281738283,21.15478291829427,20.569026679992675,17.93663648736504,23.920000076293945,-0.010359316652321371,0.04929723783834894,False,True,True,False,False
UEC,2026-08-11,11.460000038146973,10.822399997711182,13.595800011952718,13.383000001907348,8.90999984741211,20.34000015258789,-0.3041894040120101,0.04929723783834894,False,False,False,False,False
UFCS,2026-08-11,53.959999084472656,49.96341842651367,42.545479176839194,40.606105165481566,29.378667692710287,55.81999969482422,0.26034832123619767,0.04929723783834894,True,True,True,True,True
UFPI,2026-08-11,92.81999969482422,86.63280029296875,92.47460316975912,92.04549777984619,77.54382348284129,117.06460954097642,0.12208900102920306,0.04929723783834894,True,False,False,True,False
UFPT,2026-08-11,321.9100036621094,252.94199981689454,232.1885336303711,229.2391502380371,173.86000061035156,338.7099914550781,0.45024103208449606,0.04929723783834894,True,True,True,True,True
UGI,2026-08-11,35.15999984741211,35.15204116821289,35.96001202901204,35.76171078681946,30.661669726452033,40.48440218433601,0.013414991620646743,0.04929723783834894,False,False,False,False,False
UHAL,2026-08-11,73.31999969482422,65.94639976501465,56.095066401163734,55.21009979248047,41.95000076293945,76.44999694824219,0.40729370138548937,0.04929723783834894,True,True,True,True,True
UHAL-B,2026-08-11,64.31999969482422,58.85572883605957,51.140301081339516,50.327688732147216,39.58424228319861,66.9000015258789,0.35704268376847215,0.04929723783834894,True,True,True,True,True
UHS,2026-08-11,168.72000122070312,152.8979168701172,179.61451985677084,190.94476509094238,140.0800018310547,245.55018520818754,0.0027465441933707258,0.04929723783834894,False,False,True,False,False
UHT,2026-08-11,40.75,41.83349655151367,40.71296391805013,39.894457263946535,33.31477123180686,46.29999923706055,0.030579228861553176,0.04929723783834894,False,True,True,False,False
UI,2026-08-11,573.260009765625,556.2097985839844,685.1729838053385,667.6811743164062,377.9742400323846,1098.578015517358,-0.4418057166303563,0.04929723783834894,False,False,False,False,False
UIS,2026-08-11,2.809999942779541,3.6462000036239623,2.943799999554952,2.938649996519089,1.9700000286102295,4.980000019073486,-0.11635223780198467,0.04929723783834894,False,False,False,False,False
ULCC,2026-08-11,6.914999961853027,6.745399990081787,5.223899995485942,5.032224994897843,3.0199999809265137,8.404999732971191,0.4466526481868667,0.04929723783834894,True,True,True,True,True
ULH,2026-08-11,19.09000015258789,15.963640480041503,17.051756451924643,16.702546668052673,11.652586281703538,26.711382544544325,0.37459398717844117,0.04929723783834894,True,False,True,True,False
ULS,2026-08-11,77.05000305175781,90.90439971923828,86.73419993082682,85.52464954376221,61.355354461299804,107.38339369119625,-0.21045362083519104,0.04929723783834894,False,True,True,False,False
ULTA,2026-08-11,541.3499755859375,485.0377947998047,558.1023309326172,555.6386489868164,443.6000061035156,714.969970703125,0.011680060334811726,0.04929723783834894,False,False,True,False,False
UMAC,2026-08-11,25.969999313354492,22.525999908447265,17.723333339691163,16.04890000343323,7.244999885559082,34.36000061035156,0.6929595211883552,0.04929723783834894,True,True,True,True,True
UMBF,2026-08-11,147.5399932861328,139.71854553222656,127.51872446695964,123.48121425628662,102.26658789057463,150.0,0.10506049718677146,0.04929723783834894,True,True,True,True,True
UMH,2026-08-11,16.1299991607666,15.346399974822997,15.225649331410725,15.084236516952515,13.34952572523597,16.360000610351562,0.04083620226629714,0.04929723783834894,True,True,True,False,False
UNF,2026-08-11,291.4800109863281,277.1799871826172,254.08886779785155,233.1520238494873,146.9544077966441,306.6700134277344,0.15661754635295932,0.04929723783834894,True,True,True,True,True
UNFI,2026-08-11,47.27000045776367,49.40559982299805,44.63626660664876,42.50429993629456,25.149999618530273,57.02000045776367,-0.08762788641553276,0.04929723783834894,False,True,True,False,False
UNH,2026-08-11,402.19000244140625,413.30627807617185,349.0802575683594,343.391888885498,247.0534401302882,461.6199951171875,0.05214617201789262,0.04929723783834894,False,True,True,True,False
UNIT,2026-08-11,9.270000457763672,10.984199981689454,9.81466669400533,8.9969500207901,5.300000190734863,12.937999725341797,-0.1846965214540237,0.04929723783834894,False,True,True,False,False
UNM,2026-08-11,89.8499984741211,88.13864837646484,79.80151072184245,78.58254325866699,66.66892096758528,92.67545374543538,0.1256438357316596,0.04929723783834894,True,True,True,True,True
UNP,2026-08-11,292.8699951171875,280.3282012939453,259.853928527832,251.06650260925292,207.4463147167709,315.989990234375,0.11238081196175509,0.04929723783834894,True,True,True,True,True
UNTY,2026-08-11,60.689998626708984,57.07680809020996,54.23029696146647,53.09989725112915,43.94314758981805,60.86000061035156,0.1464145323928463,0.04929723783834894,True,True,True,True,True
UPB,2026-08-11,7.090000152587891,6.9620000267028805,12.183633343378704,15.683349988460542,5.849999904632568,33.68000030517578,-0.22850919735382869,0.04929723783834894,False,False,False,False,False
UPBD,2026-08-11,19.100000381469727,19.866004219055174,18.953874015808104,18.56286162376404,14.828935690647576,25.851125288735116,0.08429038913351405,0.04929723783834894,False,False,True,True,False
UPS,2026-08-11,104.43000030517578,108.98659973144531,105.08337315877279,101.97649517059327,78.17259714020712,118.72508048391231,0.053684866230274464,0.04929723783834894,False,True,True,True,False
UPST,2026-08-11,29.889999389648438,31.04600009918213,32.26283340454101,35.352175045013425,23.96500015258789,76.94999694824219,0.0418263796881535,0.04929723783834894,False,False,False,False,False
UPWK,2026-08-11,8.359999656677246,8.878399991989136,11.819800030390422,13.571550023555755,7.440000057220459,22.84000015258789,-0.05107840425721921,0.04929723783834894,False,False,False,False,False
URBN,2026-08-11,79.43000030517578,73.37899993896484,70.59600003560384,70.65489999771118,59.540000915527344,84.3499984741211,0.10904771375433198,0.04929723783834894,True,True,True,True,True
URGN,2026-08-11,47.11000061035156,36.8791000366211,26.989566701253256,26.03307501792908,15.859999656677246,48.189998626708984,0.50367062639874,0.04929723783834894,True,True,True,True,True
URI,2026-08-11,1143.5899658203125,1087.0300073242188,933.4808923339843,906.5194970703125,700.143922366459,1179.1800537109375,0.2215018637498951,0.04929723783834894,True,True,True,True,True
USAR,2026-08-11,18.90999984741211,19.598299922943117,20.374699999491373,19.219675011634827,11.449999809265137,43.97999954223633,-0.2809885780998369,0.04929723783834894,False,False,False,False,False
USB,2026-08-11,64.29000091552734,60.324315032958985,56.267608388264975,54.31137128829956,43.14040846201727,65.0199966430664,0.17230538078692836,0.04929723783834894,True,True,True,True,True
USFD,2026-08-11,110.5199966430664,95.93040023803711,90.95493347167968,86.93950004577637,69.875,110.62999725341797,0.2006517433891153,0.04929723783834894,True,True,True,True,True
USGO,2026-08-11,8.829999923706055,8.327600049972535,10.913166672388712,10.76802500963211,7.163000106811523,17.979999542236328,-0.3473761937933916,0.04929723783834894,False,False,False,False,False
USLM,2026-08-11,120.4800033569336,108.64460006713867,116.52990646362305,118.16283672332764,96.2699966430664,141.35985696660578,0.1268303570887026,0.04929723783834894,True,False,True,True,False
USNA,2026-08-11,13.760000228881836,20.12860004425049,19.60573331197103,19.661999969482423,13.729999542236328,32.31999969482422,-0.2105565124519333,0.04929723783834894,False,False,False,False,False
USPH,2026-08-11,81.66999816894531,70.70379920959472,74.36004503885906,75.11335554122925,57.76410486330592,91.68812119861092,0.38458692883921786,0.04929723783834894,True,False,True,True,False
UTHR,2026-08-11,515.5,539.5968017578125,531.3425325520833,516.6107493591309,292.3399963378906,609.3499755859375,-0.09431110258009134,0.04929723783834894,False,True,True,False,False
UTI,2026-08-11,25.489999771118164,40.731199989318846,36.23413347880046,34.00165009498596,21.290000915527344,51.34000015258789,-0.30639456405120646,0.04929723783834894,False,True,False,False,False
UTL,2026-08-11,53.77000045776367,52.62180000305176,51.54505968729655,50.6237123298645,43.37431525924076,57.2599983215332,0.10138204450134225,0.04929723783834894,True,True,True,True,True
UTMD,2026-08-11,71.94000244140625,68.80531768798828,65.27200742085775,63.0027693939209,52.868105335546126,75.75,0.12206268796351649,0.04929723783834894,True,True,True,True,True
UTZ,2026-08-11,14.109999656677246,9.525115327835083,8.8132169119517,9.124092328548432,6.71941318915156,14.1899995803833,0.9746499030019125,0.04929723783834894,True,False,True,True,False
UUUU,2026-08-11,14.779999732971191,13.914400043487548,18.233333377838136,17.654550018310548,8.15999984741211,27.899999618530273,-0.3294011289011076,0.04929723783834894,False,False,False,False,False
UVE,2026-08-11,42.90999984741211,40.137385864257816,35.968410097757975,35.00115435600281,22.83081304042307,45.11000061035156,0.07235442477083076,0.04929723783834894,True,True,True,True,True
UVSP,2026-08-11,42.709999084472656,42.62373580932617,37.442144584655765,35.874996747970584,27.349337765127014,45.22687169012465,0.10758913577999718,0.04929723783834894,True,True,True,True,True
UVV,2026-08-11,46.220001220703125,52.01554481506348,52.123019536336265,51.69566400527954,46.189998626708984,57.51320125419769,-0.12359471889748652,0.04929723783834894,False,True,False,False,False
UWMC,2026-08-11,1.5299999713897705,2.0684596276283265,3.2889410519599913,3.674681572318077,0.9300000071525574,6.408088439392249,-0.5194644209421538,0.04929723783834894,False,False,False,False,False
V,2026-08-11,362.82000732421875,345.11234985351564,327.22208984375,329.6929084777832,292.7381994806606,373.27653822285373,0.12470707811657022,0.04929723783834894,True,True,True,True,True
VAC,2026-08-11,114.86000061035156,98.26300048828125,76.49433898925781,71.06572591781617,43.02178417076782,131.33999633789062,0.5430718927251021,0.04929723783834894,True,True,True,True,True
VAL,2026-08-11,86.80000305175781,80.42060012817383,84.44339975992838,77.04109983444214,43.529998779296875,114.12000274658203,-0.10809696543418601,0.04929723783834894,True,True,True,False,False
VC,2026-08-11,106.19000244140625,108.96800018310547,102.2254094950358,102.02972648620606,83.22531989283578,127.83505502506691,-0.08173679254133515,0.04929723783834894,False,False,True,False,False
VCEL,2026-08-11,44.349998474121094,42.402400207519534,37.57300011952718,37.5943001461029,28.950000762939453,49.31999969482422,0.2058183780877476,0.04929723783834894,True,True,True,True,True
VCTR,2026-08-11,113.6500015258789,92.7648323059082,79.22867876688639,74.89522575378417,55.86748606348977,114.68000030517578,0.33159995004823983,0.04929723783834894,True,True,True,True,True
VCYT,2026-08-11,46.40999984741211,53.18089988708496,42.257766571044925,42.15207489013672,27.790000915527344,60.90999984741211,0.14819401162340773,0.04929723783834894,False,True,True,True,False
VECO,2026-08-11,50.15999984741211,60.383200073242186,46.42533332824707,42.23309998512268,23.309999465942383,86.62999725341797,-0.18052604806954875,0.04929723783834894,False,True,False,False,False
VEEV,2026-08-11,236.5800018310547,186.0962008666992,184.05113393147786,202.06580055236816,148.0500030517578,310.5,0.42226768690365835,0.04929723783834894,True,False,True,True,False
VEL,2026-08-11,18.239999771118164,17.67079990386963,18.420866610209146,18.544099941253663,16.649999618530273,21.395000457763672,-0.06796116220981885,0.04929723783834894,False,False,False,False,False
VERA,2026-08-11,30.290000915527344,36.289299964904785,39.391533266703284,38.962899904251096,19.93000030517578,56.04999923706055,-0.172630417630674,0.04929723783834894,False,False,False,False,False
VERX,2026-08-11,12.229999542236328,12.352899951934814,13.655633341471354,15.35520001411438,10.210000038146973,26.625,-0.12077644310602476,0.04929723783834894,False,False,False,False,False
VFC,2026-08-11,14.779999732971191,16.53155138015747,17.858196487426756,17.51266442298889,11.716346578863513,22.15217072965461,-0.22042936977121963,0.04929723783834894,False,False,True,False,False
VGNT,2026-08-11,46.060001373291016,43.456000061035155,,,,,0.05352241736626051,0.04929723783834894,False,False,False,True,False
VIA,2026-08-11,24.860000610351562,17.88739990234375,18.00913330078125,23.199249925613405,12.949999809265137,56.310001373291016,0.468399300781551,0.04929723783834894,True,False,False,True,False
VIAV,2026-08-11,38.400001525878906,43.93359992980957,37.98853328704834,32.8103999710083,10.300000190734863,60.43000030517578,-0.3009284305017441,0.04929723783834894,False,True,True,False,False
VICI,2026-08-11,25.979999542236328,26.76117431640625,27.47032501220703,27.547233924865722,25.815000534057617,31.852842928281866,-0.0865644521194806,0.04929723783834894,False,False,False,False,False
VICR,2026-08-11,210.8800048828125,271.7308004760742,224.08620025634767,192.07630027770995,45.439998626708984,382.6499938964844,-0.3261758351208226,0.04929723783834894,False,True,False,False,False
VIK,2026-08-11,101.55000305175781,98.62360046386719,83.76253377278645,79.02920036315918,56.060001373291016,110.08999633789062,0.20936050465032352,0.04929723783834894,True,True,True,True,True
VIR,2026-08-11,8.930000305175781,9.279899978637696,8.834766680399577,8.124025008678437,4.25,11.65999984741211,-0.13216711970058515,0.04929723783834894,False,True,True,False,False
VIRT,2026-08-11,55.08000183105469,57.99855293273926,47.955410944620766,44.457306690216065,31.21846959739139,68.0199966430664,0.10270701743586885,0.04929723783834894,False,True,True,True,False
VISN,2026-08-11,11.699999809265137,12.188599967956543,10.438452523549397,9.995779974460602,7.148720023397832,13.220000267028809,-0.016806707199696347,0.04929723783834894,False,True,True,False,False
VITL,2026-08-11,11.5600004196167,11.871599998474121,16.301666609446208,20.47714994907379,7.949999809265137,53.125,0.3226545448911098,0.04929723783834894,False,False,False,True,False
VKTX,2026-08-11,33.79999923706055,34.24939998626709,32.91569989522298,33.7682749080658,22.958999633789062,43.150001525878906,0.0788381525492936,0.04929723783834894,False,False,True,True,False
VLO,2026-08-11,323.9200134277344,278.3847964477539,239.3201830037435,221.79667236328126,128.78941044322357,324.3699951171875,0.3167160880242066,0.04929723783834894,True,True,True,True,True
VLTO,2026-08-11,97.97000122070312,90.15811386108399,91.2516151936849,93.38305603027344,79.91219801155579,109.52615975677224,0.13335359187361284,0.04929723783834894,True,False,True,True,False
VLY,2026-08-11,14.770000457763672,14.414446716308595,13.239581521352132,12.695158824920654,9.025572178709599,15.199999809265137,0.12146901267003729,0.04929723783834894,True,True,True,True,True
VMC,2026-08-11,287.7900085449219,288.7468005371094,289.07462341308593,289.2307926940918,251.84932300201794,329.8082478159176,0.02002880650513017,0.04929723783834894,False,False,False,False,False
VMD,2026-08-11,9.279999732971191,10.987299995422363,9.535599978764852,8.86419998407364,6.050000190734863,12.609999656677246,0.007600401143787794,0.04929723783834894,False,True,True,False,False
VMI,2026-08-11,493.3699951171875,531.5213427734375,476.74075988769533,459.2992303466797,357.98636864609347,584.9371521825744,-0.055064191407104834,0.04929723783834894,False,True,True,False,False
VNDA,2026-08-11,4.929999828338623,5.741199989318847,6.800600001017252,6.517449998855591,4.170000076293945,9.9399995803833,-0.21371613343926676,0.04929723783834894,False,False,False,False,False
VNO,2026-08-11,38.79999923706055,38.23620025634766,32.483666801452635,33.120436372756956,24.56999969482422,42.43158436205151,0.2294043058819164,0.04929723783834894,True,False,True,True,False
VNOM,2026-08-11,42.880001068115234,43.499400024414065,43.71490010579427,41.984712524414064,34.20342077017494,50.41104949020782,-0.07425405320912237,0.04929723783834894,False,True,True,False,False
VNT,2026-08-11,34.08000183105469,30.280701789855957,34.342562433878584,35.09651676177978,27.229069258481378,48.12796889086328,0.1381365852875518,0.04929723783834894,False,False,True,True,False
VOR,2026-08-11,23.59000015258789,17.55660001754761,15.57796667098999,15.423550004959106,6.5,50.20000076293945,0.4836478439342533,0.04929723783834894,True,False,False,True,False
VOYA,2026-08-11,98.22000122070312,93.35120040893554,80.29345789591471,78.04802261352539,64.13205256326665,103.8499984741211,0.2277345599210825,0.04929723783834894,True,True,True,True,True
VOYG,2026-08-11,42.900001525878906,34.53100006103516,31.521799977620443,29.950199966430663,17.40999984741211,52.400001525878906,0.44250174364631323,0.04929723783834894,True,True,True,True,True
VPG,2026-08-11,67.13999938964844,113.85539932250977,75.48073308308919,65.63249975204468,26.190000534057617,151.77999877929688,0.008108122040530796,0.04929723783834894,False,True,False,False,False
VRDN,2026-08-11,22.969999313354492,18.484399909973146,22.409999980926514,24.019699959754945,13.180000305175781,34.290000915527344,0.31032506637910284,0.04929723783834894,False,False,True,True,False
VREX,2026-08-11,18.579999923706055,11.051799926757813,11.751366621653238,11.748824977874756,9.09000015258789,18.6299991607666,0.526704996485432,0.04929723783834894,True,False,True,True,False
VRNS,2026-08-11,42.11000061035156,40.47600006103516,31.286966679890952,32.35112494468689,19.700000762939453,63.900001525878906,0.5039285932268416,0.04929723783834894,True,False,True,True,False
VRRM,2026-08-11,4.78000020980835,4.514699983596802,12.393766689300538,14.892600016593933,3.4000000953674316,25.565000534057617,-0.6533719925285599,0.04929723783834894,False,False,False,False,False
VRSK,2026-08-11,180.97000122070312,187.6335284423828,189.33303934733073,196.72498641967775,155.51578451777038,273.70332513967975,0.07648835005801313,0.04929723783834894,False,False,False,True,False
VRSN,2026-08-11,287.6300048828125,276.5280010986328,260.7723375447591,256.90967666625977,207.5338554972084,312.4800109863281,0.04581924075448973,0.04929723783834894,True,False,True,False,False
VRT,2026-08-11,281.80999755859375,299.13576446533204,274.6141912841797,249.6450040435791,118.56939204767133,379.8559491193527,-0.23388610523337838,0.04929723783834894,False,True,True,False,False
VRTS,2026-08-11,166.72000122070312,151.25847442626954,143.85785924275717,146.8940467453003,117.82337245094361,191.5575557202404,0.1806008311194245,0.04929723783834894,True,False,True,True,False
VRTX,2026-08-11,529.6500244140625,475.81659912109376,461.50119954427083,455.4567999267578,374.1700134277344,546.1699829101562,0.2322600516232849,0.04929723783834894,True,True,True,True,True
VSAT,2026-08-11,84.5199966430664,73.07000022888184,59.404600067138674,53.462750082015994,25.5,93.02999877929688,0.2742348003900619,0.04929723783834894,True,True,True,True,True
VSEC,2026-08-11,241.82000732421875,203.79971374511717,199.72126363118488,193.13166526794433,154.35553956572568,242.5399932861328,0.16623765308882055,0.04929723783834894,True,True,True,True,True
VSH,2026-08-11,33.290000915527344,47.66894218444824,31.37557720820109,27.20352879524231,11.600190045574083,69.47000122070312,-0.026699483368922694,0.04929723783834894,False,True,False,False,False
VSNT,2026-08-11,36.7599983215332,37.730189361572265,36.46069886525472,,26.614701916564258,57.79416278637178,-0.09331621283612002,0.04929723783834894,False,False,True,False,False
VST,2026-08-11,144.9199981689453,154.3888327026367,157.16839121500652,161.51479110717773,132.47448547608124,218.90834935343653,-0.04555778049916315,0.04929723783834894,False,False,False,False,False
VSTM,2026-08-11,7.050000190734863,4.869599995613098,5.5501333379745486,6.389550014734268,3.430000066757202,11.25,0.17304491218738605,0.04929723783834894,True,False,True,True,False
VSTS,2026-08-11,13.880000114440918,14.178600025177001,10.361133352915447,9.308150017261505,3.9800000190734863,16.899999618530273,0.4924730999757274,0.04929723783834894,False,True,True,True,False
VSXY,2026-08-11,94.16000366210938,80.53659980773926,62.57859995524088,57.45949995994568,21.229999542236328,102.45999908447266,0.8276398063952304,0.04929723783834894,True,True,True,True,True
VTOL,2026-08-11,46.16999816894531,43.35939964294434,44.196204630533856,42.52593523025513,34.825703559365245,50.232243063128756,0.07288711094595568,0.04929723783834894,True,True,True,True,True
VTR,2026-08-11,86.95999908447266,88.86202713012695,84.75540217081706,82.52025108337402,64.7217688266754,101.5999984741211,0.010622063422579986,0.04929723783834894,False,True,True,False,False
VTRS,2026-08-11,16.280000686645508,16.534600048065187,15.085375118255616,14.016478123664855,9.175433530387869,18.389999389648438,-0.044871221015720386,0.04929723783834894,False,True,True,False,False
VTS,2026-08-11,16.399999618530273,16.027287044525146,17.773605149586995,18.208312926292418,15.0,24.6344519070069,-0.08632889946403799,0.04929723783834894,False,False,False,False,False
VVV,2026-08-11,33.02000045776367,37.59800018310547,35.251600189208986,34.295450115203856,28.5,41.33000183105469,-0.03365518796623146,0.04929723783834894,False,True,False,False,False
VVX,2026-08-11,80.54000091552734,80.95119995117187,72.41133341471354,68.25920003890991,50.888999938964844,93.9800033569336,0.05239778126476691,0.04929723783834894,False,True,True,True,False
VYGR,2026-08-11,3.200000047683716,3.413599991798401,3.755666681925456,3.882750018835068,2.940000057220459,5.550000190734863,-0.19191918766215177,0.04929723783834894,False,False,False,False,False
VYX,2026-08-11,8.050000190734863,7.848000001907349,7.988000008265177,8.634549992084503,6.019999980926514,13.819999694824219,-0.004944370963977263,0.04929723783834894,False,False,False,False,False
VZ,2026-08-11,47.27000045776367,44.9003401184082,45.379200286865235,43.64373121261597,36.553018432734994,50.06082089387069,0.017908433850537087,0.04929723783834894,True,True,True,False,False
W,2026-08-11,103.19999694824219,87.54019943237304,83.94326634724935,88.11149974822997,55.599998474121094,119.9800033569336,0.557500658331751,0.04929723783834894,True,False,True,True,False
WAB,2026-08-11,298.0400085449219,273.0047998046875,257.1443098958333,244.6061989593506,183.59233216672624,306.6400146484375,0.10319251369759641,0.04929723783834894,True,True,True,True,True
WABC,2026-08-11,58.84000015258789,58.50380012512207,53.85883214314779,52.203509922027585,43.70859849639255,63.61000061035156,0.07627587567784677,0.04929723783834894,True,True,True,True,True
WAFD,2026-08-11,38.060001373291016,37.047999954223634,34.14694488525391,33.28410120010376,25.672782048469106,39.4900016784668,0.07609720983979784,0.04929723783834894,True,True,True,True,True
WAL,2026-08-11,81.5,81.37860046386719,80.83024052937826,80.82527889251709,65.45125942797692,96.23988919288843,0.06509625717609069,0.04929723783834894,True,False,True,True,False
WASH,2026-08-11,39.0,35.80348091125488,33.27623917897542,31.765170612335204,23.964005934776,40.25,0.23813752126312204,0.04929723783834894,True,True,True,True,True
WAT,2026-08-11,415.0,374.5184008789063,348.91926717122396,356.1534005737305,278.489990234375,415.6300048828125,0.18730867579135246,0.04929723783834894,True,False,True,True,False
WAY,2026-08-11,24.299999237060547,21.237799911499025,23.698333269755047,26.58394998550415,17.260000228881836,41.470001220703125,0.22110551270730316,0.04929723783834894,False,False,False,True,False
WBD,2026-08-11,27.06999969482422,26.512200050354004,27.2764000193278,26.73250002861023,10.789999961853027,30.0,-0.006240825173361109,0.04929723783834894,False,True,True,False,False
WBS,2026-08-11,78.75,75.17777969360351,71.02108779907226,67.90338346481323,51.49021645982976,79.33640390286885,0.0851819786063368,0.04929723783834894,True,True,True,True,True
WCC,2026-08-11,366.1700134277344,346.1550006103516,314.0900680541992,298.46755813598634,202.37870046974933,385.3699951171875,0.009866403308961491,0.04929723783834894,True,True,True,False,False
WD,2026-08-11,43.04999923706055,50.37860000610352,51.86769849141439,55.06871505737305,40.93311632424511,86.50748371881376,-0.18887161338613156,0.04929723783834894,False,False,False,False,False
WDAY,2026-08-11,181.27000427246094,142.6513993835449,143.33959966023764,163.37604961395263,110.36000061035156,249.85000610351562,0.4929172047938888,0.04929723783834894,True,False,True,True,False
WDC,2026-08-11,437.92999267578125,557.4637170410156,404.9625918579102,344.26038639068605,72.942326427254,799.8699951171875,-0.15079742876093183,0.04929723783834894,False,True,False,False,False
WDFC,2026-08-11,233.11000061035156,229.71819213867187,220.79862487792968,214.4719514465332,172.94586477148297,297.7107394120505,0.10983118061692188,0.04929723783834894,True,True,True,True,True
WEAV,2026-08-11,5.03000020980835,6.210199966430664,5.804599981307984,6.0140499806404115,4.239999771118164,8.109999656677246,-0.0837886303255938,0.04929723783834894,False,False,False,False,False
WEC,2026-08-11,106.68000030517578,113.03100021362305,112.3796098836263,111.12144725799561,101.22246905187251,119.91000366210938,-0.04598436678492401,0.04929723783834894,False,True,False,False,False
WELL,2026-08-11,226.00999450683594,225.89879974365235,210.27369364420574,205.0919002532959,159.52024134821784,255.1999969482422,0.05661637585884294,0.04929723783834894,True,True,True,True,True
WEN,2026-08-11,7.550000190734863,7.394600028991699,7.324862168629964,7.516537337303162,6.070000171661377,10.139699145807008,0.13754655600345678,0.04929723783834894,True,False,True,True,False
WERN,2026-08-11,36.43000030517578,41.808333206176755,35.95343638102214,33.74963296890259,22.781152237795137,46.869998931884766,0.004078174616275465,0.04929723783834894,False,True,True,False,False
WEST,2026-08-11,8.265000343322754,8.103499946594239,6.216966638565063,5.724724982976913,3.5899999141693115,10.1899995803833,-0.05542853219168531,0.04929723783834894,True,True,True,False,False
WEX,2026-08-11,189.05999755859375,155.04980010986327,155.23140014648436,153.84044998168946,125.29000091552734,192.3699951171875,0.3129166497124567,0.04929723783834894,True,False,True,True,False
WFC,2026-08-11,87.44999694824219,84.56520614624023,82.86619145711263,83.94009563446045,72.36453901391667,96.17669288055332,0.19532558679142475,0.04929723783834894,True,False,True,True,False
WFRD,2026-08-11,94.43000030517578,89.56640380859375,94.98694793701172,89.78159938812256,53.43320258731167,112.79451443744063,-0.07402140524185052,0.04929723783834894,False,True,True,False,False
WGO,2026-08-11,32.790000915527344,30.010222969055175,34.44438681284586,35.0506455039978,26.799999237060547,49.030395163691075,0.08866492832243034,0.04929723783834894,False,False,True,True,False
WGS,2026-08-11,81.73999786376953,63.49849998474121,71.71009981791178,89.37154996871948,32.209999084472656,170.8699951171875,1.063620212174595,0.04929723783834894,False,False,False,True,False
WH,2026-08-11,72.47000122070312,79.37886840820312,79.49570693969727,77.96678447723389,68.09507861180283,89.86063831018453,-0.1253791734865103,0.04929723783834894,False,False,False,False,False
WHD,2026-08-11,72.04000091552734,56.919863052368164,54.51389887491862,51.592684764862064,32.92629710836022,72.69000244140625,0.32478798142490484,0.04929723783834894,True,True,True,True,True
WHR,2026-08-11,43.59000015258789,39.455999755859374,55.52975059509277,59.68535213470459,35.45000076293945,94.09166691367928,0.061100248531044565,0.04929723783834894,False,False,False,True,False
WINA,2026-08-11,369.95001220703125,384.13020263671876,407.43981587727865,408.6247497558594,327.5899963378906,511.48442229083025,-0.0014262136654893398,0.04929723783834894,False,False,False,False,False
WING,2026-08-11,111.36000061035156,147.1222998046875,186.31183049519856,201.01157962799073,110.44000244140625,344.0477611096328,-0.12321096460695236,0.04929723783834894,False,False,False,False,False
WK,2026-08-11,69.05000305175781,53.46160003662109,59.533799947102864,66.80335010528565,43.34000015258789,97.09500122070312,0.48750551002718123,0.04929723783834894,True,False,True,True,False
WKC,2026-08-11,36.84000015258789,33.79480030059815,28.105377833048504,27.063127040863037,21.869114252173812,41.20000076293945,0.3835851622030262,0.04929723783834894,True,True,True,True,True
WLDN,2026-08-11,83.95999908447266,81.3252000427246,91.18286702473958,93.4421004486084,64.66999816894531,137.0,-0.09632982698166348,0.04929723783834894,False,False,True,False,False
WLFC,2026-08-11,55.0,163.9331374359131,178.3173033396403,165.6198182106018,54.939998626708984,244.04498944835817,-0.7690781461315169,0.04929723783834894,False,True,False,False,False
WLK,2026-08-11,80.83999633789062,79.21260025024414,92.88639256795247,86.68478828430176,55.22866158482116,123.4882938158099,-0.18609335008895023,0.04929723783834894,False,False,True,False,False
WLY,2026-08-11,49.58000183105469,48.58835319519043,39.78172067006429,38.16426599502564,27.92694852797309,57.44990158081055,0.2353313256304328,0.04929723783834894,True,True,True,True,True
WM,2026-08-11,226.85000610351562,226.73685821533203,226.4435762532552,222.3043942260742,191.7655110993001,247.14999389648438,0.06409358511590169,0.04929723783834894,True,True,False,True,False
WMB,2026-08-11,72.30999755859375,72.95911727905273,71.3471091969808,68.11646022796631,54.10376316573236,79.49299040577026,-0.018010704699269575,0.04929723783834894,False,True,True,False,False
WMK,2026-08-11,71.08999633789062,77.25243911743163,71.38651273091634,69.79021162033081,59.42545944346846,83.35188825820455,0.0017498004651226307,0.04929723783834894,False,True,False,False,False
WMS,2026-08-11,143.64999389648438,143.5061392211914,148.15474171956382,147.52494369506837,127.8459947864609,178.86918892628802,-0.03270072476708463,0.04929723783834894,False,False,False,False,False
WMT,2026-08-11,113.26000213623047,114.43899932861328,121.16951049804688,117.86261569976807,94.8498413916635,135.16000366210938,-0.11231283496325761,0.04929723783834894,False,True,False,False,False
WNC,2026-08-11,12.390000343322754,11.432084226608277,9.907254123687744,9.535472650527954,6.589969961019083,14.233539223208567,0.6042808542370948,0.04929723783834894,True,True,True,True,True
WOLF,2026-08-11,30.139999389648438,38.998599967956544,30.96019994735718,28.37489996433258,8.050000190734863,80.81999969482422,-0.4009143596316933,0.04929723783834894,False,False,False,False,False
WOOF,2026-08-11,2.740000009536743,2.729899983406067,2.756599998474121,2.8457999992370606,2.240000009536743,4.190000057220459,-0.0036363601684570312,0.04929723783834894,False,False,True,False,False
WOR,2026-08-11,57.04999923706055,56.596755828857425,54.66446459452311,54.5575274848938,44.866701526854015,66.89181010769445,0.05206260073260838,0.04929723783834894,True,False,True,True,False
WPC,2026-08-11,70.0,72.90320907592773,70.73422375996907,68.95644296646118,61.16614391326282,77.22000122070312,-0.039853191838484237,0.04929723783834894,False,True,False,False,False
WRB,2026-08-11,70.08999633789062,70.32071807861328,68.27178021748861,68.99548223495484,62.30815937758241,77.44999694824219,0.0649300126676422,0.04929723783834894,False,False,False,True,False
WRBY,2026-08-11,25.040000915527344,26.560999946594237,25.179533360799155,24.186999998092652,14.960000038146973,31.0,0.13663187176868696,0.04929723783834894,False,True,True,True,False
WRLD,2026-08-11,187.13999938964844,188.58999969482423,156.44793329874673,152.9327501296997,110.0,227.67999267578125,0.26249750241934633,0.04929723783834894,False,True,True,True,False
WS,2026-08-11,37.7599983215332,37.422565689086916,37.78639626820882,36.65903482437134,27.11988066250619,48.74929683706456,-0.06513572760846031,0.04929723783834894,False,True,True,False,False
WSBC,2026-08-11,42.189998626708984,38.39536247253418,35.62145098368327,34.546158390045164,28.45649961409598,42.5,0.23862849102385741,0.04929723783834894,True,True,True,True,True
WSBF,2026-08-11,20.809999465942383,19.63494873046875,18.338724530537924,17.60841927051544,13.283048362024331,21.139999389648438,0.1412747983365874,0.04929723783834894,True,True,True,True,True
WSC,2026-08-11,22.889999389648438,26.612719802856446,22.984610939025877,22.104869084358214,14.767744355563654,29.770000457763672,-0.14066234353866225,0.04929723783834894,False,True,True,False,False
WSFS,2026-08-11,81.11000061035156,77.00608856201171,69.57113807678223,65.88592029571534,49.37609543299451,82.73689545294805,0.1458443022720295,0.04929723783834894,True,True,True,True,True
WSHP,2026-08-11,4.900000095367432,5.788800029754639,19.668239936828613,,4.324999809265137,250.0,-0.3628088349925799,0.04929723783834894,False,False,False,False,False
WSM,2026-08-11,250.58999633789062,226.01018493652344,204.22606201171874,199.28520347595216,164.9592141343307,254.88999938964844,0.4277495191473424,0.04929723783834894,True,True,True,True,True
WSO,2026-08-11,318.9100036621094,370.8301257324219,384.05283610026044,373.448483581543,300.6600036621094,455.0884743194584,-0.2555407487533743,0.04929723783834894,False,False,False,False,False
WST,2026-08-11,351.3699951171875,342.8529998779297,291.552373046875,287.29652572631835,223.5154332755047,385.74802103195736,0.09090760938361031,0.04929723783834894,True,True,True,True,True
WT,2026-08-11,22.0,19.027999992370606,17.163542836507162,15.792129292488099,10.653152059516549,23.149999618530273,0.17710013999470564,0.04929723783834894,True,True,True,True,True
WTBA,2026-08-11,29.110000610351562,25.975121116638185,24.2754625193278,23.544804344177248,17.066902710944248,29.110000610351562,0.2322554922966793,0.04929723783834894,True,True,True,True,True
WTFC,2026-08-11,162.10000610351562,158.2078723144531,149.44587890625,145.40564754486084,117.88557046955478,166.6503074876052,0.08497176193706424,0.04929723783834894,True,True,True,True,True
WTI,2026-08-11,3.809999942779541,3.5220000028610228,3.180156585375468,2.841171613931656,1.4916629791259766,5.068660760841728,-0.018374483028392175,0.04929723783834894,True,True,True,False,False
WTM,2026-08-11,2112.010009765625,2105.564609375,2144.8092822265626,2105.225242919922,1647.249185852772,2333.0,-0.010109800227573795,0.04929723783834894,False,True,True,False,False
WTRG,2026-08-11,40.08000183105469,38.02966415405273,38.240165888468425,38.17244262695313,35.461779515447816,41.08178868499553,0.08736615337231823,0.04929723783834894,True,True,False,True,False
WTS,2026-08-11,384.760009765625,347.1797998046875,317.3471809895833,306.5590577697754,258.5728008989341,394.5400085449219,0.29308466525664234,0.04929723783834894,True,True,True,True,True
WTTR,2026-08-11,21.110000610351562,19.14446300506592,16.095980860392253,14.735125904083253,7.708077540944832,22.47374314218719,0.20213561514611889,0.04929723783834894,True,True,True,True,True
WTW,2026-08-11,342.3900146484375,283.79503509521487,289.6601811726888,297.41713523864746,239.73736444652076,349.37954795063206,0.3614211135722549,0.04929723783834894,True,False,True,True,False
WU,2026-08-11,7.050000190734863,7.608871736526489,8.41716705640157,8.414833266735076,6.269999980926514,9.777012159347901,-0.1885886812765013,0.04929723783834894,False,False,False,False,False
WULF,2026-08-11,16.75,22.20659996032715,19.073000005086264,17.672050008773805,5.179999828338623,29.84000015258789,-0.28326917421927456,0.04929723783834894,False,True,False,False,False
WVE,2026-08-11,5.050000190734863,5.924599990844727,9.040333321889241,9.542199993133545,5.010000228881836,21.729999542236328,-0.2966573382351486,0.04929723783834894,False,False,False,False,False
WWD,2026-08-11,356.5799865722656,392.0083990478516,372.97309712727866,349.70105270385744,232.65900392654945,450.9200134277344,-0.0667317524511204,0.04929723783834894,False,True,True,False,False
WWW,2026-08-11,18.200000762939453,17.803810043334963,17.354768441518146,17.592617869377136,13.233159170604694,32.10585462180605,0.07647107665135255,0.04929723783834894,True,False,False,True,False
WY,2026-08-11,25.020000457763672,24.318260269165037,24.41190325419108,23.893510370254518,20.603673967649193,27.2777502992929,0.07747845278998677,0.04929723783834894,True,True,True,True,True
WYFI,2026-08-11,24.219999313354492,29.966699905395508,22.280433355967205,22.141875014305114,10.510000228881836,46.869998931884766,-0.10229800873647699,0.04929723783834894,False,True,False,False,False
WYNN,2026-08-11,104.79000091552734,100.64399978637695,104.29229248046875,109.11692920684814,92.5199966430664,134.07461221113562,0.05731372485172059,0.04929723783834894,False,False,False,True,False
XE,2026-08-11,20.56999969482422,18.76339994430542,,,,,-0.37873756219765276,0.04929723783834894,False,False,False,False,False
XEL,2026-08-11,77.66000366210938,79.04589263916016,78.61220794677735,78.04570297241212,67.09131607889425,83.22233542225167,-0.02920949597833089,0.04929723783834894,False,True,False,False,False
XENE,2026-08-11,63.220001220703125,60.50780029296875,53.70716674804687,50.892725009918216,35.099998474121094,72.66000366210938,0.13338118688105194,0.04929723783834894,True,True,True,True,True
XERS,2026-08-11,8.390000343322754,7.614599952697754,6.835266656875611,7.053049986362457,5.25,10.079999923706055,0.26546006010593404,0.04929723783834894,True,False,True,True,False
XHR,2026-08-11,18.649999618530273,19.68715892791748,16.74719409306844,15.920085706710815,11.446902031675167,22.059999465942383,0.12171015763298043,0.04929723783834894,False,True,True,True,False
XMTR,2026-08-11,91.43000030517578,90.48119979858399,68.08639989217123,65.76019989013672,35.86000061035156,106.08000183105469,0.13247042316183433,0.04929723783834894,True,True,True,True,True
XNCR,2026-08-11,22.100000381469727,16.01490001678467,13.542033348083496,14.029700002670289,7.019999980926514,22.219999313354492,0.7279124665664078,0.04929723783834894,True,True,True,True,True
XOM,2026-08-11,159.8000030517578,147.02899963378906,147.66495457967122,139.62418594360352,102.47353479728595,175.22069359950967,0.07485731727743872,0.04929723783834894,True,True,True,True,True
XP,2026-08-11,15.510000228881836,16.189512157440184,18.025384502410887,17.89864227771759,14.800000190734863,22.83421938091621,-0.19719432408178017,0.04929723783834894,False,False,False,False,False
XPEL,2026-08-11,47.91999816894531,45.79490013122559,46.40403333028158,45.93722496032715,31.5,55.90999984741211,0.14833450023031713,0.04929723783834894,True,False,True,True,False
XPER,2026-08-11,6.619999885559082,7.723199996948242,6.707733322779338,6.575299990177155,5.065000057220459,8.75,-0.04057973999106723,0.04929723783834894,False,True,True,False,False
XPO,2026-08-11,203.39999389648438,209.29679962158204,196.96099985758462,182.13109981536866,119.9800033569336,232.0500030517578,-0.03866153636345082,0.04929723783834894,False,True,True,False,False
XPOF,2026-08-11,4.869999885559082,6.378000001907349,6.730733321507771,6.786899991035462,3.8299999237060547,9.390000343322754,-0.26546006010593404,0.04929723783834894,False,False,False,False,False
XPRO,2026-08-11,18.260000228881836,15.459200019836425,16.14740001042684,15.54425000667572,9.949999809265137,18.729999542236328,0.1299505198823392,0.04929723783834894,True,True,True,True,True
XRAY,2026-08-11,11.609999656677246,11.608600006103515,11.889466692606607,11.762508444786071,9.40999984741211,14.760000228881836,0.042190242268368205,0.04929723783834894,False,False,True,False,False
XRN,2026-08-11,35.099998474121094,36.28188049316406,34.90619674682617,33.98553852081299,27.58149336902487,38.486837267841274,0.0022449405510114318,0.04929723783834894,False,True,True,False,False
XRX,2026-08-11,3.2200000286102295,3.033073539733887,2.3313067976633706,2.4222173261642457,1.1806152424184244,4.2278539034212335,0.22014882830773397,0.04929723783834894,True,False,True,True,False
XYL,2026-08-11,123.18000030517578,116.29820053100586,122.29637339274089,127.13738723754882,104.87879083302961,152.7163476040491,0.06937886811133342,0.04929723783834894,False,False,False,True,False
XYZ,2026-08-11,79.06999969482422,76.64539932250976,68.15686642964681,67.82054988861084,48.209999084472656,86.75,0.12731680044031646,0.04929723783834894,True,True,True,True,True
YELP,2026-08-11,23.610000610351562,24.842799911499025,25.215666618347168,26.49324996948242,19.600000381469727,34.4900016784668,-0.06606012780593573,0.04929723783834894,False,False,True,False,False
YETI,2026-08-11,50.790000915527344,49.62459991455078,44.92446655273437,43.74734992980957,31.65999984741211,53.9900016784668,0.2412024239549575,0.04929723783834894,True,True,True,True,True
YEXT,2026-08-11,5.710000038146973,4.747800016403199,5.035666669209798,5.886950001716614,3.265000104904175,9.199999809265137,0.41336635942144073,0.04929723783834894,False,False,True,True,False
YORW,2026-08-11,32.5,30.54054271697998,30.894041493733724,31.08525369644165,28.05100614237311,33.64346232981695,0.10765022420358639,0.04929723783834894,True,False,False,True,False
YOU,2026-08-11,48.279998779296875,54.06181915283203,48.54198585510254,45.02866212844849,29.02647286729101,69.06999969482422,-0.14774622614618604,0.04929723783834894,False,True,True,False,False
YUM,2026-08-11,144.75,153.25260009765626,155.53051778157553,153.39620513916014,135.39310309406224,170.13999938964844,-0.03214874549045854,0.04929723783834894,False,True,False,False,False
Z,2026-08-11,34.13999938964844,33.19029972076416,43.488066571553546,50.68504998207092,29.229999542236328,93.87999725341797,-0.2184066128405434,0.04929723783834894,False,False,False,False,False
ZBH,2026-08-11,97.2300033569336,90.45612030029297,89.93378606160482,90.56841300964355,78.91032246250514,107.16264037638538,0.22503594372697977,0.04929723783834894,True,False,True,True,False
ZBIO,2026-08-11,32.439998626708984,25.175199851989746,22.813433259328207,25.870349993705748,13.5,44.599998474121094,0.5573691188443024,0.04929723783834894,True,False,True,True,False
ZBRA,2026-08-11,383.05999755859375,268.58239898681643,245.18619964599608,249.1265997314453,199.0500030517578,385.1099853515625,0.6672179958082161,0.04929723783834894,True,False,True,True,False
ZD,2026-08-11,53.5,50.412999954223636,43.431199913024905,41.0608500289917,22.450000762939453,58.060001373291016,0.27684959550554034,0.04929723783834894,True,True,True,True,True
ZETA,2026-08-11,29.149999618530273,21.676199951171874,19.26473331451416,19.103049993515015,14.364999771118164,29.18000030517578,0.7655965605340576,0.04929723783834894,True,True,True,True,True
ZG,2026-08-11,34.27000045776367,33.40519992828369,43.6756666692098,50.36854985237122,29.030000686645508,90.22000122070312,-0.23555656796729996,0.04929723783834894,False,False,False,False,False
ZGN,2026-08-11,14.149999618530273,14.05303316116333,12.031116701761881,11.572441873550416,7.738652968849562,15.949999809265137,0.14298490975046274,0.04929723783834894,True,True,True,True,True
ZION,2026-08-11,71.0,68.06619979858398,62.265859603881836,60.05747175216675,45.12308420795347,73.33999633789062,0.11798383784359778,0.04929723783834894,True,True,True,True,True
ZIP,2026-08-11,4.920000076293945,3.8235999870300295,3.031266654332479,3.423449990749359,1.649999976158142,5.610000133514404,0.5769231592174613,0.04929723783834894,True,False,True,True,False
ZM,2026-08-11,106.05999755859375,93.3879997253418,89.98043319702148,88.80347484588623,69.1500015258789,114.73999786376953,-0.009895492539297002,0.04929723783834894,True,True,True,False,False
ZS,2026-08-11,178.5500030517578,143.15939987182617,156.14869984944661,185.17202507019044,114.625,336.989990234375,0.1993686364482432,0.04929723783834894,False,False,False,True,False
ZTS,2026-08-11,75.3499984741211,76.24997436523438,101.17584981282552,106.85077392578125,70.97524162629966,157.45593229192562,-0.01036571960621746,0.04929723783834894,False,False,False,False,False
ZUMZ,2026-08-11,19.079999923706055,19.370799865722656,22.5996666208903,23.184649991989136,14.270000457763672,31.700000762939453,-0.2358830417147164,0.04929723783834894,False,False,True,False,False
ZVRA,2026-08-11,11.34000015258789,12.237800006866456,10.465033308664959,10.108724994659424,7.159999847412109,15.03499984741211,0.04999999558484114,0.04929723783834894,False,True,True,True,False
ZWS,2026-08-11,51.81999969482422,48.993199844360355,48.43444445292155,48.02003082275391,42.957855046647,55.0,0.018095220964620795,0.04929723783834894,True,True,True,False,False
ZYME,2026-08-11,24.31999969482422,24.093899993896486,24.496933352152507,24.0830500125885,12.5,29.75,-0.11915975526251366,0.04929723783834894,False,True,True,False,False
