ticker,name,sector,weight_pct
NVDA,NVIDIA,Information Technology,7.20939
AAPL,APPLE,Information Technology,6.47792
MSFT,MICROSOFT,Information Technology,5.14329
AMZN,AMAZON.COM INC,Consumer Discretionary,3.25478
GOOGL,ALPHABET CLASS A,Communication,2.70201
AVGO,BROADCOM INC,Information Technology,2.247
META,META PLATFORMS CLASS A,Communication,2.20891
GOOG,ALPHABET CLASS C,Communication,2.18157
MU,MICRON TECHNOLOGY,Information Technology,1.63307
TSLA,TESLA INC,Consumer Discretionary,1.402
AMD,ADVANCED MICRO DEVICES,Information Technology,1.34425
LLY,ELI LILLY,Health Care,1.28643
JPM,JPMORGAN CHASE & CO,Financials,1.21829
XOM,EXXONMOBIL HOLDINGS CORP,Energy,0.90364
JNJ,JOHNSON & JOHNSON,Health Care,0.87697
V,VISA CLASS A,Financials,0.8438
INTC,INTEL CORPORATION,Information Technology,0.72046
WMT,WALMART,Consumer Staples,0.63765
ABBV,ABBVIE,Health Care,0.63406
MA,MASTERCARD CLASS A,Financials,0.61915
CSCO,CISCO SYSTEMS INC,Information Technology,0.5747
PLTR,PALANTIR TECHNOLOGIES CLASS A,Information Technology,0.56535
COST,COSTCO WHOLESALE CORP,Consumer Staples,0.55771
AMAT,APPLIED MATERIAL INC,Information Technology,0.55211
LRCX,LAM RESEARCH,Information Technology,0.55054
CVX,CHEVRON,Energy,0.51633
CAT,CATERPILLAR INC,Industrials,0.51132
MRK,MERCK & CO INC,Health Care,0.50291
BAC,BANK OF AMERICA,Financials,0.48494
PG,PROCTER & GAMBLE,Consumer Staples,0.46994
UNH,UNITEDHEALTH GROUP,Health Care,0.46052
KO,COCA-COLA,Consumer Staples,0.45959
GE,GE AEROSPACE,Industrials,0.44709
PANW,PALO ALTO NETWORKS,Information Technology,0.4266
PM,PHILIP MORRIS INTERNATIONAL,Consumer Staples,0.41183
NFLX,NETFLIX,Communication,0.39658
HD,HOME DEPOT,Consumer Discretionary,0.39031
GS,GOLDMAN SACHS GROUP,Financials,0.35984
CRWD,CROWDSTRIKE HOLDINGS CLASS A,Information Technology,0.35828
GEV,GE VERNOVA,Industrials,0.35276
KLAC,KLA,Information Technology,0.35026
TXN,TEXAS INSTRUMENT INC,Information Technology,0.34902
RTX,RTX,Industrials,0.34341
TMO,THERMO FISHER SCIENTIFIC INC,Health Care,0.34333
SNDK,SANDISK,Information Technology,0.34195
WFC,WELLS FARGO,Financials,0.3314
ORCL,ORACLE,Information Technology,0.3218
MRVL,MARVELL TECHNOLOGY,Information Technology,0.31211
AMGN,AMGEN INC,Health Care,0.31127
C,CITIGROUP,Financials,0.29812
LIN,LINDE PLC,Materials,0.29651
MS,MORGAN STANLEY,Financials,0.29438
ANET,ARISTA NETWORKS,Information Technology,0.28783
APH,AMPHENOL CORP CLASS A,Information Technology,0.28128
IBM,INTERNATIONAL BUSINESS MACHINES,Information Technology,0.28121
ADI,ANALOG DEVICES,Information Technology,0.26408
QCOM,QUALCOMM,Information Technology,0.26403
VZ,VERIZON COMMUNICATIONS INC,Communication,0.26154
GILD,GILEAD SCIENCES,Health Care,0.25648
DIS,WALT DISNEY,Communication,0.24937
CRM,SALESFORCE,Information Technology,0.24331
PEP,PEPSICO,Consumer Staples,0.23861
ABT,ABBOTT LABORATORIES,Health Care,0.23842
ETN,EATON PLC,Industrials,0.22972
WELL,WELLTOWER,Real Estate,0.2287
DE,DEERE,Industrials,0.22828
MCD,MCDONALDS CORP,Consumer Discretionary,0.22574
PFE,PFIZER,Health Care,0.2229
T,AT&T,Communication,0.22248
UNP,UNION PACIFIC,Industrials,0.22197
BLK,BLACKROCK,Financials,0.22195
DELL,DELL TECHNOLOGIES INC CLASS C,Information Technology,0.22064
SCHW,CHARLES SCHWAB,Financials,0.22005
AXP,AMERICAN EXPRESS,Financials,0.21831
NEE,NEXTERA ENERGY,Utilities,0.21521
WDC,WESTERN DIGITAL CORP,Information Technology,0.21198
COP,CONOCOPHILLIPS,Energy,0.20784
TJX,TJX,Consumer Discretionary,0.2011
ISRG,INTUITIVE SURGICAL,Health Care,0.19748
DHR,DANAHER,Health Care,0.19487
BA,BOEING,Industrials,0.19426
UBER,UBER TECHNOLOGIES,Industrials,0.18459
VRTX,VERTEX PHARMACEUTICALS,Health Care,0.18234
NOW,SERVICENOW,Information Technology,0.18116
BMY,BRISTOL MYERS SQUIBB,Health Care,0.17438
PLD,PROLOGIS REIT,Real Estate,0.17115
BKNG,BOOKING HOLDINGS,Consumer Discretionary,0.17059
GLW,CORNING,Information Technology,0.17046
NEM,NEWMONT,Materials,0.16779
PGR,PROGRESSIVE,Financials,0.16709
PH,PARKER-HANNIFIN,Industrials,0.1664
COF,CAPITAL ONE FINANCIAL CORP,Financials,0.16116
CB,CHUBB,Financials,0.15872
SPGI,S&P GLOBAL,Financials,0.15787
MPC,MARATHON PETROLEUM,Energy,0.15666
MO,ALTRIA GROUP INC,Consumer Staples,0.15604
NET,CLOUDFLARE CLASS A,Information Technology,0.15315
CVS,CVS HEALTH,Health Care,0.15249
MDT,MEDTRONIC PLC,Health Care,0.15228
VLO,VALERO ENERGY CORP,Energy,0.1513
SNOW,SNOWFLAKE,Information Technology,0.15056
ACN,ACCENTURE PLC CLASS A,Information Technology,0.14823
SBUX,STARBUCKS CORP,Consumer Discretionary,0.14779
FTNT,FORTINET,Information Technology,0.14488
ADP,AUTOMATIC DATA PROCESSING INC,Industrials,0.14259
LOW,LOWES COMPANIES INC,Consumer Discretionary,0.14208
LMT,LOCKHEED MARTIN CORP,Industrials,0.14137
MCK,MCKESSON CORP,Health Care,0.13791
FCX,FREEPORT MCMORAN INC,Materials,0.13754
PSX,PHILLIPS 66,Energy,0.13733
TT,TRANE TECHNOLOGIES PLC,Industrials,0.13674
EQIX,EQUINIX REIT,Real Estate,0.13581
BNY,BANK OF NEW YORK MELLON CORP,Financials,0.13558
PWR,QUANTA SERVICES INC,Industrials,0.1324
SYK,STRYKER,Health Care,0.13167
SO,SOUTHERN,Utilities,0.13073
VRT,VERTIV HOLDINGS CLASS A,Industrials,0.13002
CME,CME GROUP CLASS A,Financials,0.12995
ADBE,ADOBE INC,Information Technology,0.12603
HWM,HOWMET AEROSPACE,Industrials,0.12489
SPCX,SPACE EXPLORATION TECHNOLOGIES COR,Communication,0.12396
USB,US BANCORP,Financials,0.12386
JCI,JOHNSON CONTROLS INTERNATIONAL PLC,Industrials,0.12366
DUK,DUKE ENERGY CORP,Utilities,0.12155
CDNS,CADENCE DESIGN SYSTEMS,Information Technology,0.12144
HOOD,ROBINHOOD MARKETS CLASS A,Financials,0.12139
PNC,PNC FINANCIAL SERVICES GROUP,Financials,0.12093
EMR,EMERSON ELECTRIC,Industrials,0.12002
DDOG,DATADOG INC CLASS A,Information Technology,0.11985
CSX,CSX,Industrials,0.1184
MMM,3M,Industrials,0.11834
ICE,INTERCONTINENTAL EXCHANGE INC,Financials,0.11619
BX,BLACKSTONE,Financials,0.116
CEG,CONSTELLATION ENERGY CORP,Utilities,0.11597
ELV,ELEVANCE HEALTH INC,Health Care,0.11584
GD,GENERAL DYNAMICS CORP,Industrials,0.11563
WMB,WILLIAMS,Energy,0.1135
MRSH,MARSH,Financials,0.11166
HPE,HEWLETT PACKARD ENTERPRISE,Information Technology,0.11062
BE,BLOOM ENERGY CLASS A,Industrials,0.11011
TMUS,T MOBILE US INC,Communication,0.10789
MAR,MARRIOTT INTERNATIONAL CLASS A,Consumer Discretionary,0.10715
AMT,AMERICAN TOWER REIT,Real Estate,0.10596
SPOT,SPOTIFY TECHNOLOGY,Communication,0.1059
SNPS,SYNOPSYS,Information Technology,0.10506
WM,WASTE MANAGEMENT INC,Industrials,0.10482
ITW,ILLINOIS TOOL INC,Industrials,0.10438
CMCSA,COMCAST CLASS A,Communication,0.10403
MDLZ,MONDELEZ INTERNATIONAL CLASS A,Consumer Staples,0.10345
TRV,TRAVELERS COMPANIES,Financials,0.10274
LITE,LUMENTUM HOLDINGS,Information Technology,0.10253
SHW,SHERWIN WILLIAMS,Materials,0.10247
MRNA,MODERNA,Health Care,0.1019
EOG,EOG RESOURCES,Energy,0.10159
REGN,REGENERON PHARMACEUTICALS,Health Care,0.1013
SLB,SLB,Energy,0.10129
MSI,MOTOROLA SOLUTIONS INC,Information Technology,0.1011
WBD,WARNER BROS. DISCOVERY SERIES A,Communication,0.10083
ROST,ROSS STORES INC,Consumer Discretionary,0.10061
APP,APPLOVIN CLASS A,Communication,0.0992
HLT,HILTON WORLDWIDE HOLDINGS,Consumer Discretionary,0.09807
CMI,CUMMINS INC,Industrials,0.09792
CI,CIGNA,Health Care,0.09765
INTU,INTUIT,Information Technology,0.0976
TGT,TARGET CORP,Consumer Staples,0.09645
GM,GENERAL MOTORS,Consumer Discretionary,0.09605
NSC,NORFOLK SOUTHERN CORP,Industrials,0.09605
ORLY,OREILLY AUTOMOTIVE INC,Consumer Discretionary,0.09529
UPS,UNITED PARCEL SERVICE INC CLASS B,Industrials,0.09529
DASH,DOORDASH CLASS A,Other,0.09525
ECL,ECOLAB,Materials,0.09349
CL,COLGATE-PALMOLIVE,Consumer Staples,0.09344
MCO,MOODYS CORP,Financials,0.09275
NOC,NORTHROP GRUMMAN CORP,Industrials,0.09197
CTAS,CINTAS,Industrials,0.0916
HON,HONEYWELL INTERNATIONAL INC,Industrials,0.09058
DLR,DIGITAL REALTY TRUST REIT,Real Estate,0.08904
RCL,ROYAL CARIBBEAN GROUP,Consumer Discretionary,0.08904
SPG,SIMON PROPERTY GROUP REIT INC,Real Estate,0.0887
BSX,BOSTON SCIENTIFIC CORP,Health Care,0.08848
AEP,AMERICAN ELECTRIC POWER INC,Utilities,0.08829
ABNB,AIRBNB CLASS A,Consumer Discretionary,0.08819
MPWR,MONOLITHIC POWER SYSTEMS INC,Information Technology,0.08711
KKR,KKR AND CO INC,Financials,0.08657
URI,UNITED RENTALS,Industrials,0.08598
TER,TERADYNE,Information Technology,0.0859
HCA,HCA HEALTHCARE,Health Care,0.08558
FDX,FEDEX CORP,Industrials,0.08549
TDG,TRANSDIGM GROUP,Industrials,0.084
KEYS,KEYSIGHT TECHNOLOGIES,Information Technology,0.08366
APD,AIR PRODUCTS AND CHEMICALS,Materials,0.08305
KMI,KINDER MORGAN,Energy,0.08102
MNST,MONSTER BEVERAGE,Consumer Staples,0.08007
FIX,COMFORT SYSTEMS USA,Industrials,0.07962
AJG,ARTHUR J GALLAGHER,Financials,0.0793
TRGP,TARGA RESOURCES,Energy,0.07911
ALL,ALLSTATE CORP,Financials,0.07838
PCAR,PACCAR INC,Industrials,0.0783
COR,CENCORA,Health Care,0.07826
FAST,FASTENAL,Industrials,0.07823
AON,AON PLC CLASS A,Financials,0.078
AME,AMETEK INC,Industrials,0.07791
TFC,TRUIST FINANCIAL,Financials,0.07721
NTRA,NATERA,Health Care,0.07689
CRH,CRH PUBLIC LIMITED PLC,Materials,0.07604
BKR,BAKER HUGHES CLASS A,Energy,0.07603
LNG,CHENIERE ENERGY,Energy,0.07602
OKE,ONEOK,Energy,0.07511
ALAB,ASTERA LABS,Information Technology,0.07442
COHR,COHERENT,Information Technology,0.07427
MSTR,STRATEGY INC CLASS A,Information Technology,0.07407
GWW,WW GRAINGER INC,Industrials,0.07375
D,DOMINION ENERGY,Utilities,0.07249
DVN,DEVON ENERGY,Energy,0.07135
CAH,CARDINAL HEALTH,Health Care,0.07122
DAL,DELTA AIR LINES,Industrials,0.07103
CTVA,CORTEVA,Materials,0.0709
NUE,NUCOR,Materials,0.07075
O,REALTY INCOME REIT,Real Estate,0.07053
AFL,AFLAC,Financials,0.07031
SRE,SEMPRA,Utilities,0.07002
MET,METLIFE,Financials,0.06989
EW,EDWARDS LIFESCIENCES,Health Care,0.0682
BDX,BECTON DICKINSON,Health Care,0.06809
CIEN,CIENA,Information Technology,0.06781
APO,APOLLO GLOBAL MANAGEMENT,Financials,0.06731
A,AGILENT TECHNOLOGIES INC,Health Care,0.06716
HONA,HONEYWELL AEROSPACE INC,Industrials,0.06701
WAB,WESTINGHOUSE AIR BRAKE TECHNOLOGIE,Industrials,0.06659
ROK,ROCKWELL AUTOMATION INC,Industrials,0.0663
PSA,PUBLIC STORAGE REIT,Real Estate,0.06544
AU,ANGLOGOLD ASHANTI PLC,Materials,0.06535
F,FORD MOTOR CO,Consumer Discretionary,0.06499
STT,STATE STREET,Financials,0.06462
AZO,AUTOZONE,Consumer Discretionary,0.06432
GRMN,GARMIN,Consumer Discretionary,0.06417
VST,VISTRA,Utilities,0.06409
VMRK,VIVMARK RESIDENTIAL,Real Estate,0.06348
HUM,HUMANA,Health Care,0.06332
ETR,ENTERGY CORP,Utilities,0.06328
FITB,FIFTH THIRD BANCORP,Financials,0.06276
PYPL,PAYPAL HOLDINGS,Financials,0.06244
VTR,VENTAS REIT,Real Estate,0.06042
XEL,XCEL ENERGY INC,Utilities,0.05995
CVNA,CARVANA CLASS A,Consumer Discretionary,0.05991
AMP,AMERIPRISE FINANCE INC,Financials,0.05982
IQV,IQVIA HOLDINGS,Health Care,0.0597
LHX,L3HARRIS TECHNOLOGIES,Industrials,0.05951
WAT,WATERS CORP,Health Care,0.05897
FERG,FERGUSON ENTERPRISES INC,Industrials,0.0588
CARR,CARRIER GLOBAL,Industrials,0.05874
TWLO,TWILIO CLASS A,Information Technology,0.05839
ADSK,AUTODESK,Information Technology,0.05827
NU,NU HOLDINGS CLASS A,Financials,0.05818
IDXX,IDEXX LABORATORIES,Health Care,0.05785
COIN,COINBASE GLOBAL INC CLASS A,Financials,0.05741
EBAY,EBAY,Consumer Discretionary,0.05737
RSG,REPUBLIC SERVICES INC,Industrials,0.05727
NKE,NIKE CLASS B,Consumer Discretionary,0.05718
MCHP,MICROCHIP TECHNOLOGY INC,Information Technology,0.05707
FLEX,FLEX LTD,Information Technology,0.05663
ILMN,ILLUMINA INC,Health Care,0.05656
EXC,EXELON CORP,Utilities,0.05644
VEEV,VEEVA SYSTEMS CLASS A,Health Care,0.05624
NTAP,NETAPP INC,Information Technology,0.05584
NDAQ,NASDAQ INC,Financials,0.05554
CMG,CHIPOTLE MEXICAN GRILL,Consumer Discretionary,0.0553
P,EVERPURE INC CLASS A,Information Technology,0.05502
KDP,KEURIG DR PEPPER INC,Consumer Staples,0.05451
PRU,PRUDENTIAL FINANCIAL INC,Financials,0.05438
AIG,AMERICAN INTERNATIONAL GROUP,Financials,0.05438
OXY,OCCIDENTAL PETROLEUM CORP,Energy,0.05412
RVMD,REVOLUTION MEDICINES,Health Care,0.05313
RKLB,ROCKET LAB CORP,Industrials,0.05291
XYZ,BLOCK CLASS A,Financials,0.05238
CBRE,CBRE GROUP CLASS A,Real Estate,0.05185
ED,CONSOLIDATED EDISON,Utilities,0.05174
YUM,YUM BRANDS,Consumer Discretionary,0.05171
ADM,ARCHER DANIELS MIDLAND,Consumer Staples,0.05163
MSCI,MSCI,Financials,0.05155
FANG,DIAMONDBACK ENERGY,Energy,0.05147
IBKR,INTERACTIVE BROKERS GROUP INC CLAS,Financials,0.0511
SYY,SYSCO,Consumer Staples,0.05071
WDAY,WORKDAY CLASS A,Information Technology,0.05062
TTWO,TAKE TWO INTERACTIVE SOFTWARE,Communication,0.05034
UAL,UNITED AIRLINES HOLDINGS,Industrials,0.04995
DHI,D R HORTON,Consumer Discretionary,0.0476
OKTA,OKTA CLASS A,Information Technology,0.04702
ROP,ROPER TECHNOLOGIES,Information Technology,0.04695
HIG,HARTFORD INSURANCE GROUP,Financials,0.04679
KVUE,KENVUE,Consumer Staples,0.04657
KR,KROGER,Consumer Staples,0.04603
ALNY,ALNYLAM PHARMACEUTICALS,Health Care,0.046
PEG,PUBLIC SERVICE ENTERPRISE GROUP,Utilities,0.04581
EME,EMCOR GROUP,Industrials,0.04572
WEC,WEC ENERGY GROUP,Utilities,0.04546
BIIB,BIOGEN,Health Care,0.0453
JBL,JABIL,Information Technology,0.04512
ODFL,OLD DOMINION FREIGHT LINE,Industrials,0.045
DXCM,DEXCOM INC,Health Care,0.04483
KMB,KIMBERLY CLARK,Consumer Staples,0.04459
IRM,IRON MOUNTAIN INC,Real Estate,0.04456
RMD,RESMED,Health Care,0.0444
AXON,AXON ENTERPRISE,Industrials,0.04408
CCL,CARNIVAL CORP LTD,Consumer Discretionary,0.0438
PAYX,PAYCHEX,Industrials,0.04336
MTB,M&T BANK,Financials,0.04336
ACGL,ARCH CAPITAL GROUP,Financials,0.04305
CRDO,CREDO TECHNOLOGY GROUP HOLDING LTD,Information Technology,0.04303
VMC,VULCAN MATERIALS,Materials,0.04274
NTRS,NORTHERN TRUST,Financials,0.04271
CNC,CENTENE CORP,Health Care,0.04236
MTD,METTLER TOLEDO,Health Care,0.04187
HBAN,HUNTINGTON BANCSHARES INC,Financials,0.04176
EXPE,EXPEDIA GROUP,Consumer Discretionary,0.0413
SUNB,SUNBELT RENTALS HOLDINGS INC,Industrials,0.04112
GEHC,GE HEALTHCARE TECHNOLOGIES,Health Care,0.04111
IR,INGERSOLL RAND INC,Industrials,0.04058
ON,ON SEMICONDUCTOR CORP,Information Technology,0.04054
STLD,STEEL DYNAMICS INC,Materials,0.04041
ZTS,ZOETIS INC CLASS A,Health Care,0.0402
EQT,EQT,Energy,0.04015
CCI,CROWN CASTLE INC,Real Estate,0.03958
MLM,MARTIN MARIETTA MATERIALS,Materials,0.039
EXR,EXTRA SPACE STORAGE REIT,Real Estate,0.03819
TDY,TELEDYNE TECHNOLOGIES INC,Information Technology,0.03817
TEAM,ATLASSIAN CORP CLASS A,Information Technology,0.03804
HPQ,HP INC,Information Technology,0.03786
AEE,AMEREN,Utilities,0.03764
LYV,LIVE NATION ENTERTAINMENT,Communication,0.03747
RJF,RAYMOND JAMES,Financials,0.03746
WSM,WILLIAMS SONOMA INC,Consumer Discretionary,0.03687
DG,DOLLAR GENERAL CORP,Consumer Staples,0.03682
WTW,WILLIS TOWERS WATSON,Financials,0.03668
CFG,CITIZENS FINANCIAL GROUP INC,Financials,0.03667
CRWV,COREWEAVE CLASS A,Information Technology,0.03649
FTI,TECHNIPFMC PLC,Energy,0.03639
CBOE,CBOE GLOBAL MARKETS,Financials,0.03628
PCG,PG&E CORP,Utilities,0.03615
MDB,MONGODB CLASS A,Information Technology,0.03606
WST,WEST PHARMACEUTICAL SERVICES,Health Care,0.0358
HAL,HALLIBURTON,Energy,0.03565
Q,QNITY ELECTRONICS,Information Technology,0.03565
RBLX,ROBLOX CLASS A,Communication,0.03556
ATO,ATMOS ENERGY,Utilities,0.0353
NVT,NVENT ELECTRIC PLC,Industrials,0.0351
CTSH,COGNIZANT TECHNOLOGY SOLUTIONS CLA,Information Technology,0.03487
DGX,QUEST DIAGNOSTICS INC,Health Care,0.03475
DTE,DTE ENERGY,Utilities,0.03473
ATI,ATI,Industrials,0.03467
VICI,VICI PPTYS INC,Real Estate,0.03455
LH,LABCORP HOLDINGS,Health Care,0.03441
AWK,AMERICAN WATER WORKS,Utilities,0.0344
DOV,DOVER CORP,Industrials,0.03434
EXPD,EXPEDITORS INTERNATIONAL OF WASHIN,Industrials,0.03432
CPAY,CORPAY,Financials,0.03403
INSM,INSMED,Health Care,0.03401
OTIS,OTIS WORLDWIDE,Industrials,0.03399
FFIV,F5,Information Technology,0.03388
CINF,CINCINNATI FINANCIAL,Financials,0.03347
QSR,RESTAURANTS BRANDS INTERNATIONAL,Consumer Discretionary,0.03338
LPLA,LPL FINANCIAL HOLDINGS,Financials,0.03319
PFG,PRINCIPAL FINANCIAL GROUP INC,Financials,0.03314
ES,EVERSOURCE ENERGY,Utilities,0.03305
PPL,PPL CORP,Utilities,0.03303
CNP,CENTERPOINT ENERGY,Utilities,0.03292
HUBB,HUBBELL INC,Industrials,0.03282
RPRX,ROYALTY PHARMA PLC CLASS A,Health Care,0.03272
VLTO,VERALTO CORP,Industrials,0.03265
XYL,XYLEM INC,Industrials,0.03253
FE,FIRSTENERGY CORP,Utilities,0.03248
ENTG,ENTEGRIS INC,Information Technology,0.03244
FISV,FISERV INC,Financials,0.03243
ULTA,ULTA BEAUTY INC,Consumer Discretionary,0.03217
PPG,PPG INDUSTRIES,Materials,0.03214
ZM,ZOOM COMMUNICATIONS CLASS A,Information Technology,0.03181
ARES,ARES MANAGEMENT CLASS A,Financials,0.03181
RF,REGIONS FINANCIAL,Financials,0.0318
SYF,SYNCHRONY FINANCIAL,Financials,0.0317
HSY,HERSHEY FOODS,Consumer Staples,0.03166
EL,ESTEE LAUDER INC CLASS A,Consumer Staples,0.03137
CPRT,COPART INC,Industrials,0.03129
SW,SMURFIT WESTROCK PLC,Materials,0.03128
TPR,TAPESTRY,Consumer Discretionary,0.03125
SMCI,SUPER MICRO COMPUTER INC,Information Technology,0.03105
VRSN,VERISIGN,Information Technology,0.03097
CHD,CHURCH AND DWIGHT INC,Consumer Staples,0.03088
GH,GUARDANT HEALTH,Health Care,0.03072
CASY,CASEYS GENERAL STORES INC,Consumer Staples,0.03055
PHM,PULTEGROUP,Consumer Discretionary,0.03045
DRI,DARDEN RESTAURANTS INC,Consumer Discretionary,0.03008
TROW,T ROWE PRICE GROUP,Financials,0.0299
IFF,INTERNATIONAL FLAVORS & FRAGRANCES,Materials,0.02963
VRSK,VERISK ANALYTICS,Industrials,0.0295
MKL,MARKEL GROUP,Financials,0.02942
DLTR,DOLLAR TREE INC,Consumer Staples,0.02875
USFD,US FOODS HOLDING,Consumer Staples,0.02832
VTRS,VIATRIS,Health Care,0.02831
ZS,ZSCALER,Information Technology,0.02816
THC,TENET HEALTHCARE CORP,Health Care,0.02797
UTHR,UNITED THERAPEUTICS,Health Care,0.02786
EIX,EDISON INTERNATIONAL,Utilities,0.02784
FWONK,LIBERTY MEDIA SERIES C,Communication,0.02781
INCY,INCYTE CORP,Health Care,0.02778
RGLD,ROYAL GOLD,Materials,0.02749
OMC,OMNICOM GROUP INC,Communication,0.02748
PKG,PACKAGING CORP OF AMERICA,Materials,0.02747
RS,RELIANCE STEEL & ALUMINUM,Materials,0.02743
DOW,DOW,Materials,0.02742
CW,CURTISS WRIGHT,Industrials,0.02732
SOFI,SOFI TECHNOLOGIES,Financials,0.02728
XPO,XPO,Industrials,0.02722
KHC,KRAFT HEINZ,Consumer Staples,0.02715
STE,STERIS,Health Care,0.0271
ROKU,ROKU CLASS A,Communication,0.02709
WWD,WOODWARD,Industrials,0.02694
SNX,TD SYNNEX,Information Technology,0.02693
NRG,NRG ENERGY INC,Utilities,0.02685
AFRM,AFFIRM HOLDINGS CLASS A,Financials,0.02654
CMS,CMS ENERGY,Utilities,0.02643
RDDT,REDDIT CLASS A,Communication,0.02639
AMCR,AMCOR PLC,Materials,0.02635
TPL,TEXAS PACIFIC LAND,Energy,0.02614
LUV,SOUTHWEST AIRLINES,Industrials,0.02614
EXE,EXPAND ENERGY,Energy,0.02606
GPN,GLOBAL PAYMENTS INC,Financials,0.02604
CRS,CARPENTER TECHNOLOGY,Industrials,0.02587
SNA,SNAP ON INC,Industrials,0.02583
NI,NISOURCE,Utilities,0.02575
MTSI,MACOM TECHNOLOGY SOLUTIONS,Information Technology,0.0257
SCCO,SOUTHERN COPPER CORP,Materials,0.02563
ROIV,ROIVANT SCIENCES LTD,Health Care,0.02557
NTNX,NUTANIX CLASS A,Information Technology,0.02509
KEY,KEYCORP,Financials,0.02508
ITT,ITT INC,Industrials,0.02477
EVRG,EVERGY,Utilities,0.02477
BR,BROADRIDGE FINANCIAL SOLUTIONS INC,Industrials,0.02475
BRO,BROWN & BROWN INC,Financials,0.02469
ZBH,ZIMMER BIOMET HOLDINGS,Health Care,0.02464
DD,DUPONT DE NEMOURS,Industrials,0.02463
CDE,COEUR MINING,Materials,0.02462
GIS,GENERAL MILLS INC,Consumer Staples,0.02456
L,LOEWS,Financials,0.02455
ZBRA,ZEBRA TECHNOLOGIES CORP CLASS A,Information Technology,0.02452
LSCC,LATTICE SEMICONDUCTOR,Information Technology,0.02448
FSLR,FIRST SOLAR,Information Technology,0.02437
CHRW,CH ROBINSON WORLDWIDE,Industrials,0.02425
RBRK,RUBRIK CLASS A,Information Technology,0.02423
CF,CF INDUSTRIES HOLDINGS INC,Materials,0.02417
NDSN,NORDSON,Industrials,0.0241
MKSI,MKS,Information Technology,0.02406
ESS,ESSEX PROPERTY TRUST REIT,Real Estate,0.02398
GPC,GENUINE PARTS,Consumer Discretionary,0.02391
EWBC,EAST WEST BANCORP,Financials,0.02379
IP,INTERNATIONAL PAPER,Materials,0.02377
WCC,WESCO INTERNATIONAL,Industrials,0.02375
FIS,FIDELITY NATIONAL INFORMATION SERV,Financials,0.02358
SBAC,SBA COMMUNICATIONS REIT CORP CLASS,Real Estate,0.02356
IEX,IDEX,Industrials,0.02355
FTAI,FTAI AVIATION,Industrials,0.02347
CPNG,COUPANG CLASS A,Consumer Discretionary,0.02344
JBHT,JB HUNT TRANSPORT SERVICES,Industrials,0.02341
SMTC,SEMTECH,Information Technology,0.02332
BBY,BEST BUY,Consumer Discretionary,0.02327
BAM,BROOKFIELD ASSET MANAGEMENT VOTING,Financials,0.02322
LEN,LENNAR A CLASS A,Consumer Discretionary,0.02318
RVTY,REVVITY,Health Care,0.02317
DT,DYNATRACE INC,Information Technology,0.02313
STZ,CONSTELLATION BRANDS CLASS A,Consumer Staples,0.02305
LNT,ALLIANT ENERGY CORP,Utilities,0.023
IONQ,IONQ,Information Technology,0.02293
FTV,FORTIVE,Industrials,0.0229
CDW,CDW,Information Technology,0.02285
PR,PERMIAN RESOURCES CLASS A,Energy,0.02275
TSCO,TRACTOR SUPPLY,Consumer Discretionary,0.02274
EFX,EQUIFAX,Industrials,0.02267
RGA,REINSURANCE GROUP OF AMERICA,Financials,0.0226
BURL,BURLINGTON STORES,Consumer Discretionary,0.02257
FCNCA,FIRST CITIZENS BANCSHARES CLASS A,Financials,0.02246
J,JACOBS SOLUTIONS INC,Industrials,0.02237
NVR,NVR,Consumer Discretionary,0.02226
INVH,INVITATION HOMES,Real Estate,0.02207
DINO,HF SINCLAIR,Energy,0.02205
OVV,OVINTIV,Energy,0.022
BMNR,BITMINE IMMERSION TECHNOLOGIES,Information Technology,0.02176
SSNC,SS AND C TECHNOLOGIES HOLDINGS,Industrials,0.02152
CLH,CLEAN HARBORS INC,Industrials,0.02138
HST,HOST HOTELS & RESORTS REIT,Real Estate,0.02135
MDLN,MEDLINE CLASS A,Health Care,0.02132
LDOS,LEIDOS HOLDINGS,Industrials,0.02128
RBC,RBC BEARINGS,Industrials,0.02109
FN,FABRINET,Information Technology,0.02096
WRB,WR BERKLEY,Financials,0.02091
FDXF,FEDEX FREIGHT HOLDING COMPANY INC,Industrials,0.02091
BALL,BALL CORP,Materials,0.02091
AKAM,AKAMAI TECHNOLOGIES INC,Information Technology,0.02079
ONTO,ONTO INNOVATION,Information Technology,0.02076
ASTS,AST SPACEMOBILE CLASS A,Communication,0.02065
NLY,ANNALY CAPITAL MANAGEMENT REIT,Financials,0.02064
RBA,RB GLOBAL,Industrials,0.02063
LYB,LYONDELLBASELL INDUSTRIES CLASS A,Materials,0.02054
KIM,KIMCO REALTY REIT CORP,Real Estate,0.02054
WPC,W. P. CAREY REIT,Real Estate,0.02053
SN,SHARKNINJA,Consumer Discretionary,0.02052
LECO,LINCOLN ELECTRIC HOLDINGS,Industrials,0.02052
STRL,STERLING INFRASTRUCTURE,Industrials,0.02038
CRCL,CIRCLE INTERNET GROUP INC CLASS A,Information Technology,0.02034
APG,API GROUP,Industrials,0.0203
PTC,PTC,Information Technology,0.02029
APA,APA,Energy,0.02016
JLL,JONES LANG LASALLE,Real Estate,0.02011
SITM,SITIME,Information Technology,0.02011
EQH,EQUITABLE HOLDINGS,Financials,0.01995
TOST,TOAST CLASS A,Financials,0.01994
EXEL,EXELIXIS INC,Health Care,0.01986
EG,EVEREST GROUP,Financials,0.01984
RIVN,RIVIAN AUTOMOTIVE INC CLASS A,Consumer Discretionary,0.01968
CRL,CHARLES RIVER LABORATORIES INTERNA,Health Care,0.01966
IREN,IREN,Information Technology,0.01955
BG,BUNGE GLOBAL SA,Consumer Staples,0.01951
TSN,TYSON FOODS INC CLASS A,Consumer Staples,0.01949
WY,WEYERHAEUSER REIT,Real Estate,0.01948
U,UNITY SOFTWARE,Information Technology,0.01945
TLN,TALEN ENERGY,Utilities,0.01935
ARMK,ARAMARK,Consumer Discretionary,0.01933
MEDP,MEDPACE HOLDINGS,Health Care,0.0193
DOC,HEALTHPEAK PROPERTIES INC,Real Estate,0.01926
GFL,GFL ENVIRONMENTAL SUBORDINATE VOTI,Industrials,0.01918
OHI,OMEGA HEALTHCARE INVESTORS REIT,Real Estate,0.0191
PNFP,PINNACLE FINANCIAL PARTNERS,Financials,0.01904
UNM,UNUM,Financials,0.01899
TXT,TEXTRON INC,Industrials,0.01895
TRMB,TRIMBLE INC,Information Technology,0.01885
CACI,CACI INTERNATIONAL INC CLASS A,Industrials,0.01878
HALO,HALOZYME THERAPEUTICS,Health Care,0.01875
SGI,SOMNIGROUP INTERNATIONAL,Consumer Discretionary,0.01874
MAS,MASCO,Industrials,0.01873
PFGC,PERFORMANCE FOOD GROUP,Consumer Staples,0.0187
MAA,MID AMERICA APARTMENT COMMUNITIES,Real Estate,0.0187
SUI,SUN COMMUNITIES REIT INC,Real Estate,0.01865
VIK,VIKING HOLDINGS LTD,Consumer Discretionary,0.01864
NBIX,NEUROCRINE BIOSCIENCES,Health Care,0.01848
JAZZ,JAZZ PHARMACEUTICALS PLC,Health Care,0.01847
SWK,STANLEY BLACK & DECKER,Industrials,0.0184
SWKS,SKYWORKS SOLUTIONS,Information Technology,0.0183
DOCU,DOCUSIGN,Information Technology,0.01829
ALLE,ALLEGION PLC,Industrials,0.01823
RNR,RENAISSANCERE HOLDING,Financials,0.01814
MLI,MUELLER INDUSTRIES INC,Industrials,0.01798
AIZ,ASSURANT INC,Financials,0.01794
SOLV,SOLVENTUM,Health Care,0.01792
MTZ,MASTEC INC,Industrials,0.0179
AVY,AVERY DENNISON CORP,Materials,0.01788
DOCN,DIGITALOCEAN HOLDINGS,Information Technology,0.01788
REG,REGENCY CENTERS REIT CORP,Real Estate,0.01781
BWA,BORGWARNER,Consumer Discretionary,0.01776
CSL,CARLISLE COMPANIES,Industrials,0.01775
IOT,SAMSARA CLASS A,Information Technology,0.01773
TOL,TOLL BROTHERS INC,Consumer Discretionary,0.01773
FICO,FAIR ISAAC,Information Technology,0.01767
HEI,HEICO,Industrials,0.01765
GL,GLOBE LIFE,Financials,0.01761
RPM,RPM INTERNATIONAL INC,Materials,0.01759
GGG,GRACO,Industrials,0.01758
TYL,TYLER TECHNOLOGIES,Information Technology,0.01757
RL,RALPH LAUREN CLASS A,Consumer Discretionary,0.01756
ALB,ALBEMARLE CORP,Materials,0.01744
LAMR,LAMAR ADVERTISING COMPANY CLAS,Real Estate,0.0173
EHC,ENCOMPASS HEALTH,Health Care,0.01709
BJ,BJS WHOLESALE CLUB HOLDINGS,Consumer Staples,0.01702
AIT,APPLIED INDUSTRIAL TECHNOLOGIES,Industrials,0.017
TTMI,TTM TECHNOLOGIES INC,Information Technology,0.01699
BWXT,BWX TECHNOLOGIES INC,Industrials,0.01697
TRU,TRANSUNION,Industrials,0.01697
ARW,ARROW ELECTRONICS,Information Technology,0.0168
SJM,JM SMUCKER,Consumer Staples,0.01678
HAS,HASBRO,Consumer Discretionary,0.01677
GNRC,GENERAC HOLDINGS,Industrials,0.01676
ECHO,ECHOSTAR CLASS A,Communication,0.01674
PEN,PENUMBRA,Health Care,0.0167
MKC,MCCORMICK & CO NON-VOTING,Consumer Staples,0.0167
FOXA,FOX CLASS A,Communication,0.01667
ASND,ASCENDIS PHARMA,Health Care,0.0165
FIVE,FIVE BELOW,Consumer Discretionary,0.0165
IT,GARTNER,Information Technology,0.01649
NXT,NEXTPOWER INC,Industrials,0.01648
DTM,DT MIDSTREAM,Energy,0.01639
GWRE,GUIDEWIRE SOFTWARE,Information Technology,0.01628
BAX,BAXTER INTERNATIONAL,Health Care,0.01625
TW,TRADEWEB MARKETS INC CLASS A,Financials,0.01613
GDDY,GODADDY CLASS A,Information Technology,0.01611
CHTR,CHARTER COMMUNICATIONS CLASS A,Communication,0.01611
TWST,TWIST BIOSCIENCE,Health Care,0.01593
SANM,SANMINA,Information Technology,0.01587
MANH,MANHATTAN ASSOCIATES,Information Technology,0.01579
COO,COOPER,Health Care,0.01565
CCK,CROWN HOLDINGS INC,Materials,0.01562
GEN,GEN DIGITAL,Information Technology,0.01551
CSGP,COSTAR GROUP,Real Estate,0.01549
CNH,CNH INDUSTRIAL N.V.,Industrials,0.01548
IVZ,INVESCO LTD,Financials,0.01548
TECH,BIO TECHNE,Health Care,0.01542
PNW,PINNACLE WEST,Utilities,0.01541
LII,LENNOX INTERNATIONAL,Industrials,0.01538
ELS,EQUITY LIFESTYLE PROPERTIES REIT I,Real Estate,0.01538
RMBS,RAMBUS,Information Technology,0.01533
UDR,UDR REIT,Real Estate,0.01523
AGNC,AGNC INVESTMENT REIT,Financials,0.01519
BMRN,BIOMARIN PHARMACEUTICAL,Health Care,0.01517
RKT,ROCKET COMPANIES INC CLASS A,Financials,0.01515
BBIO,BRIDGEBIO PHARMA,Health Care,0.01515
NWSA,NEWS CLASS A,Communication,0.01503
ELAN,ELANCO ANIMAL HEALTH,Health Care,0.01493
TKO,TKO GROUP HOLDINGS INC CLASS A,Communication,0.01492
AA,ALCOA CORP,Materials,0.01489
JKHY,JACK HENRY AND ASSOCIATES INC,Financials,0.01482
FHN,FIRST HORIZON,Financials,0.01478
QXO,QXO INC,Industrials,0.01473
COKE,COCA COLA CONSOLIDATED INC,Consumer Staples,0.01472
WTRG,ESSENTIAL UTILITIES INC,Utilities,0.01467
LFUS,LITTELFUSE,Information Technology,0.01465
CORT,CORCEPT THERAPEUTICS,Health Care,0.01463
HL,HECLA MINING,Materials,0.01459
TXRH,TEXAS ROADHOUSE INC,Consumer Discretionary,0.01457
SF,STIFEL FINANCIAL,Financials,0.01457
W,WAYFAIR CLASS A,Consumer Discretionary,0.01456
DCI,DONALDSON,Industrials,0.01449
AEIS,ADVANCED ENERGY INDUSTRIES,Information Technology,0.01448
RGEN,REPLIGEN,Health Care,0.01448
EGP,EASTGROUP PROPERTIES REIT,Real Estate,0.01441
CR,CRANE,Industrials,0.01438
LVS,LAS VEGAS SANDS,Consumer Discretionary,0.01436
FLUT,FLUTTER ENTERTAINMENT PLC,Consumer Discretionary,0.01433
DECK,DECKERS OUTDOOR,Consumer Discretionary,0.0143
FNF,FIDELITY NATIONAL FINANCIAL INC,Financials,0.01423
BPOP,POPULAR,Financials,0.01416
SEIC,SEI INVESTMENTS,Financials,0.01413
WSO,WATSCO,Industrials,0.01412
FORM,FORMFACTOR INC,Information Technology,0.01412
AES,AES,Utilities,0.01409
CG,CARLYLE GROUP INC,Financials,0.01408
SCI,SERVICE,Consumer Discretionary,0.01401
GLPI,GAMING AND LEISURE PROPERTIES REIT,Real Estate,0.01396
AVTR,AVANTOR,Health Care,0.01386
LULU,LULULEMON ATHLETICA,Consumer Discretionary,0.01383
TXG,10X GENOMICS CLASS A,Health Care,0.01382
MOH,MOLINA HEALTHCARE INC,Health Care,0.01378
AMH,AMERICAN HOMES RENT REIT CLASS A,Real Estate,0.01377
RRX,REGAL REXNORD,Industrials,0.01376
CGNX,COGNEX,Information Technology,0.01376
KNX,KNIGHT-SWIFT TRANSPORTATION HOLDIN,Industrials,0.01372
HII,HUNTINGTON INGALLS INDUSTRIES,Industrials,0.01371
AHR,AMERICAN HEALTHCARE REIT,Real Estate,0.01369
CLX,CLOROX,Consumer Staples,0.01369
HUBS,HUBSPOT,Information Technology,0.01367
ALLY,ALLY FINANCIAL INC,Financials,0.01366
SSB,SOUTHSTATE BANK CORP,Financials,0.01352
QRVO,QORVO,Information Technology,0.01346
AYI,ACUITY,Industrials,0.01341
ALGN,ALIGN TECHNOLOGY,Health Care,0.01339
ALSN,ALLISON TRANSMISSION HOLDINGS,Industrials,0.01334
FLS,FLOWSERVE,Industrials,0.01333
MOD,MODINE MANUFACTURING,Industrials,0.01332
ENSG,ENSIGN GROUP,Health Care,0.01332
VIAV,VIAVI SOLUTIONS,Information Technology,0.01327
CPT,CAMDEN PROPERTY TRUST REIT,Real Estate,0.01318
AR,ANTERO RESOURCES,Energy,0.01316
GME,GAMESTOP CLASS A,Consumer Discretionary,0.01313
UMBF,UMB FINANCIAL,Financials,0.01309
BXP,BXP,Real Estate,0.01308
FROG,JFROG,Information Technology,0.01307
DAR,DARLING INGREDIENTS,Consumer Staples,0.01301
DPZ,DOMINOS PIZZA,Consumer Discretionary,0.01299
TTC,TORO,Industrials,0.01296
MTCH,MATCH GROUP INC,Communication,0.01287
PODD,INSULET,Health Care,0.01283
AMG,AFFILIATED MANAGERS GROUP,Financials,0.01282
UHS,UNIVERSAL HEALTH SERVICES CLASS B,Health Care,0.01281
OC,OWENS CORNING,Industrials,0.0128
WTS,WATTS WATER TECHNOLOGIES CLASS A,Industrials,0.01277
DKNG,DRAFTKINGS CLASS A,Consumer Discretionary,0.01277
APTV,APTIV PLC,Consumer Discretionary,0.01276
EVR,EVERCORE CLASS A,Financials,0.01273
OGE,OGE ENERGY,Utilities,0.01272
MDGL,MADRIGAL PHARMACEUTICALS,Health Care,0.01269
CFR,CULLEN FROST BANKERS,Financials,0.01269
VOYA,VOYA FINANCIAL,Financials,0.01259
FDS,FACTSET RESEARCH SYSTEMS,Financials,0.0125
WMS,ADVANCED DRAINAGE SYSTEMS INC,Industrials,0.0125
WTFC,WINTRUST FINANCIAL,Financials,0.01249
FRT,FEDERAL REALTY INVESTMENT TRUST RE,Real Estate,0.01247
PRI,PRIMERICA,Financials,0.01247
ROL,ROLLINS INC,Industrials,0.01246
QGEN,QIAGEN,Health Care,0.01242
AFG,AMERICAN FINANCIAL GROUP,Financials,0.01241
PINS,PINTEREST CLASS A,Communication,0.01233
ZION,ZIONS BANCORPORATION,Financials,0.01229
TEM,TEMPUS AI CLASS A,Health Care,0.01226
NYT,NEW YORK TIMES CLASS A,Communication,0.0122
TTEK,TETRA TECH,Industrials,0.01219
EAT,BRINKER INTERNATIONAL INC,Consumer Discretionary,0.01218
HUT,HUT CORP,Information Technology,0.01216
PAYC,PAYCOM SOFTWARE,Industrials,0.01216
ORI,OLD REPUBLIC INTERNATIONAL,Financials,0.01214
SAIA,SAIA INC,Industrials,0.01213
SOLS,SOLSTICE ADVANCED MATERIALS INC,Materials,0.0121
AAL,AMERICAN AIRLINES GROUP,Industrials,0.01207
BTSG,BRIGHTSPRING HEALTH SERVICES INC,Health Care,0.01205
VMI,VALMONT INDS,Industrials,0.01205
REXR,REXFORD INDUSTRIAL REALTY REIT,Real Estate,0.01202
DKS,DICKS SPORTING,Consumer Discretionary,0.01201
PNR,PENTAIR,Industrials,0.012
BEN,FRANKLIN TEMPLETON,Financials,0.01195
GKOS,GLAUKOS,Health Care,0.01195
ARWR,ARROWHEAD PHARMACEUTICALS,Health Care,0.01184
VSAT,VIASAT INC,Information Technology,0.0118
R,RYDER SYSTEM,Industrials,0.01177
MUSA,MURPHY USA,Consumer Discretionary,0.01172
CYTK,CYTOKINETICS,Health Care,0.01171
RRC,RANGE RESOURCES,Energy,0.0117
ONB,OLD NATIONAL BANCORP,Financials,0.0117
FCFS,FIRSTCASH HOLDINGS INC,Financials,0.01169
ESTC,ELASTIC,Information Technology,0.01158
IDCC,INTERDIGITAL INC,Information Technology,0.01157
JXN,JACKSON FINANCIAL CLASS A,Financials,0.01156
BAH,BOOZ ALLEN HAMILTON HOLDING CLASS,Industrials,0.01152
GMED,GLOBUS MEDICAL CLASS A,Health Care,0.0115
TGTX,TG THERAPEUTICS,Health Care,0.01145
HSIC,HENRY SCHEIN,Health Care,0.01138
KMX,CARMAX INC,Consumer Discretionary,0.01138
CTRE,CARETRUST REIT,Real Estate,0.01136
BRX,BRIXMOR PROPERTY GROUP REIT INC,Real Estate,0.01136
PTGX,PROTAGONIST THERAPEUTICS,Health Care,0.01133
CUBE,CUBESMART REIT,Real Estate,0.0113
CRBG,COREBRIDGE FINANCIAL INC,Financials,0.01129
KRYS,KRYSTAL BIOTECH,Health Care,0.01128
TIGO,MILLICOM INTERNATIONAL CELLULAR,Communication,0.01127
XP,XP CLASS A INC,Financials,0.01123
AVT,AVNET INC,Information Technology,0.01121
ARE,ALEXANDRIA REAL ESTATE EQUITIES RE,Real Estate,0.01119
OSK,OSHKOSH CORP,Industrials,0.01119
SPXC,SPX TECHNOLOGIES INC,Industrials,0.01106
RHP,RYMAN HOSPITALITY PROPERTIES REIT,Real Estate,0.01101
ADC,AGREE REALTY REIT,Real Estate,0.011
COLB,COLUMBIA BANKING SYSTEM INC,Financials,0.01097
CNM,CORE & MAIN INC CLASS A,Industrials,0.0109
ATR,APTARGROUP,Materials,0.01088
WAL,WESTERN ALLIANCE,Financials,0.01088
ESI,ELEMENT SOLUTIONS INC,Materials,0.01077
DY,DYCOM INDUSTRIES INC,Industrials,0.01073
SM,SM ENERGY,Energy,0.01072
FR,FIRST INDUSTRIAL REALTY TRUST,Real Estate,0.0107
RAL,RALLIANT,Information Technology,0.01067
ACM,AECOM,Industrials,0.01066
EMN,EASTMAN CHEMICAL,Materials,0.01063
AAOI,APPLIED OPTOELECTRONICS,Information Technology,0.01056
AXSM,AXSOME THERAPEUTICS,Health Care,0.01054
IDA,IDACORP,Utilities,0.01052
KTOS,KRATOS DEFENSE AND SECURITY SOLUTI,Industrials,0.01051
CHRD,CHORD ENERGY,Energy,0.0105
THG,HANOVER INSURANCE GROUP,Financials,0.01043
UGI,UGI,Utilities,0.01036
IONS,IONIS PHARMACEUTICALS,Health Care,0.01034
SSRM,SSR MINING,Materials,0.01032
SSD,SIMPSON MANUFACTURING,Industrials,0.01027
NNN,NNN REIT,Real Estate,0.01025
MXL,MAXLINEAR,Information Technology,0.01024
HQY,HEALTHEQUITY,Health Care,0.0102
VNOM,VIPER ENERGY INC CLASS A,Energy,0.01018
PB,PROSPERITY BANCSHARES,Financials,0.01017
S,SENTINELONE INC CLASS A,Information Technology,0.01014
FOX,FOX CLASS B,Communication,0.0101
PLXS,PLEXUS CORP,Information Technology,0.01009
AXTA,AXALTA COATING SYSTEMS,Materials,0.01007
AWI,ARMSTRONG WORLD INDUSTRIES,Industrials,0.01004
CMC,COMMERCIAL METALS,Materials,0.01
BIO,BIO RAD LABORATORIES CLASS A,Health Care,0.00996
SNEX,STONEX GROUP INC,Financials,0.00993
TKR,TIMKEN,Industrials,0.00993
RIOT,RIOT PLATFORMS,Information Technology,0.00991
PBF,PBF ENERGY CLASS A,Energy,0.00987
CBSH,COMMERCE BANCSHARES,Financials,0.00987
AXS,AXIS CAPITAL HOLDINGS,Financials,0.00984
FSS,FEDERAL SIGNAL CORP,Industrials,0.00976
AUR,AURORA INNOVATION CLASS A,Information Technology,0.0097
AGCO,AGCO,Industrials,0.00966
PCVX,VAXCYTE,Health Care,0.00965
PRAX,PRAXIS PRECISION MEDICINES,Health Care,0.00965
NFG,NATIONAL FUEL GAS,Utilities,0.00962
BRKR,BRUKER,Health Care,0.0096
FPS,FORGENT POWER SOLUTIONS CLASS A,Industrials,0.0096
KEX,KIRBY CORP,Industrials,0.00956
HLI,HOULIHAN LOKEY CLASS A,Financials,0.00952
OSCR,OSCAR HEALTH CLASS A,Financials,0.00951
MATX,MATSON INC,Industrials,0.0095
FLR,FLUOR CORP,Industrials,0.00949
KNSL,KINSALE CAPITAL GROUP INC,Financials,0.00949
MOS,MOSAIC,Materials,0.00949
ACA,ARCOSA,Industrials,0.00949
NPO,ENPRO,Industrials,0.00946
TRNO,TERRENO REALTY REIT,Real Estate,0.00945
ENS,ENERSYS,Industrials,0.00942
SLAB,SILICON LABORATORIES,Information Technology,0.0094
AOS,A O SMITH,Industrials,0.00938
STAG,STAG INDUSTRIAL REIT,Real Estate,0.00937
CHYM,CHIME FINANCIAL CLASS A,Financials,0.00936
KYMR,KYMERA THERAPEUTICS,Health Care,0.00934
GTLB,GITLAB CLASS A,Information Technology,0.00931
VICR,VICOR,Industrials,0.00926
ZWS,ZURN ELKAY WATER SOLUTIONS CORP,Industrials,0.00926
NOV,NOV,Energy,0.00922
OMF,ONEMAIN HOLDINGS,Financials,0.00922
AMKR,AMKOR TECHNOLOGY,Information Technology,0.00918
AM,ANTERO MIDSTREAM,Energy,0.00917
LNC,LINCOLN NATIONAL CORP,Financials,0.00907
CHE,CHEMED,Health Care,0.00907
CAG,CONAGRA BRANDS,Consumer Staples,0.00907
QLYS,QUALYS,Information Technology,0.00906
MSGS,MADISON SQUARE GARDEN SPORTS CLASS,Communication,0.00906
CART,MAPLEBEAR,Consumer Staples,0.00905
HXL,HEXCEL,Industrials,0.00902
DOX,AMDOCS,Information Technology,0.00899
FAF,FIRST AMERICAN FINANCIAL CORP,Financials,0.00896
ESE,ESCO TECHNOLOGIES,Industrials,0.00893
JHX,JAMES HARDIE INDUSTRIES PLC,Materials,0.00888
MSA,MSA SAFETY INC,Industrials,0.00885
ONON,ON HOLDING AG CLASS A,Consumer Discretionary,0.00883
CRUS,CIRRUS LOGIC,Information Technology,0.00881
MP,MP MATERIALS CLASS A,Materials,0.00881
ALKS,ALKERMES,Health Care,0.00881
MHK,MOHAWK INDUSTRIES,Consumer Discretionary,0.0088
INGR,INGREDION INC,Consumer Staples,0.00879
APLD,APPLIED DIGITAL,Information Technology,0.00879
LEA,LEAR,Consumer Discretionary,0.00874
H,HYATT HOTELS CORP CLASS A,Consumer Discretionary,0.00874
M,MACYS INC,Consumer Discretionary,0.00873
CZR,CAESARS ENTERTAINMENT INC,Consumer Discretionary,0.00873
ETSY,ETSY,Consumer Discretionary,0.00873
PCTY,PAYLOCITY HOLDING CORP,Industrials,0.0087
NCLH,NORWEGIAN CRUISE LINE HOLDINGS,Consumer Discretionary,0.00868
HWC,HANCOCK WHITNEY,Financials,0.00867
SFM,SPROUTS FARMERS MARKET INC,Consumer Staples,0.00867
LNTH,LANTHEUS HOLDINGS,Health Care,0.00862
TXNM,TXNM ENERGY INC,Utilities,0.00862
JEF,JEFFERIES FINANCIAL GROUP INC,Financials,0.00862
BLDR,BUILDERS FIRSTSOURCE INC,Industrials,0.00862
COMP,COMPASS INC CLASS A,Real Estate,0.00862
TPG,TPG INC CLASS A,Financials,0.00861
ST,SENSATA TECHNOLOGIES HOLDING PLC,Industrials,0.0086
GTES,GATES INDUSTRIAL PLC,Industrials,0.00858
LW,LAMB WESTON HOLDINGS,Consumer Staples,0.00853
LAD,LITHIA MOTORS INC CLASS A,Consumer Discretionary,0.00851
CVLT,COMMVAULT SYSTEMS,Information Technology,0.0085
OWL,BLUE OWL CAPITAL CLASS A,Financials,0.00849
PCOR,PROCORE TECHNOLOGIES INC,Information Technology,0.00846
MTDR,MATADOR RESOURCES,Energy,0.00846
ZETA,ZETA GLOBAL HOLDINGS CLASS A,Information Technology,0.00843
SYRE,SPYRE THERAPEUTICS INC,Health Care,0.00841
LGND,LIGAND PHARMACEUTICALS,Health Care,0.00835
VSXY,VICTORIA S SECRET,Consumer Discretionary,0.00835
CLF,CLEVELAND CLIFFS INC,Materials,0.00835
LTH,LIFE TIME GROUP HOLDINGS,Consumer Discretionary,0.00834
IESC,IES INC,Industrials,0.00833
LKQ,LKQ CORP,Consumer Discretionary,0.0083
FNB,FNB CORP,Financials,0.00827
QBTS,D WAVE QUANTUM,Information Technology,0.00827
TFX,TELEFLEX,Health Care,0.00823
VNO,VORNADO REALTY TRUST REIT,Real Estate,0.00816
MAC,MACERICH REIT,Real Estate,0.00815
UBSI,UNITED BANKSHARES,Financials,0.00815
EPAM,EPAM SYSTEMS,Information Technology,0.00814
WYNN,WYNN RESORTS,Consumer Discretionary,0.00812
SWX,SOUTHWEST GAS HOLDINGS,Utilities,0.00807
GATX,GATX,Industrials,0.00807
HIMS,HIMS HERS HEALTH CLASS A,Health Care,0.00806
TEX,TEREX,Industrials,0.00806
CROX,CROCS,Consumer Discretionary,0.00805
VLY,VALLEY NATIONAL,Financials,0.00803
GFS,GLOBALFOUNDRIES,Information Technology,0.00801
MKTX,MARKETAXESS HOLDINGS,Financials,0.008
GRAL,GRAIL INC,Health Care,0.00799
MTG,MGIC INVESTMENT,Financials,0.00798
HR,HEALTHCARE REALTY TRUST INC CLASS,Real Estate,0.00798
MGM,MGM RESORTS INTERNATIONAL,Consumer Discretionary,0.00797
EXP,EAGLE MATERIALS INC,Materials,0.00795
WFRD,WEATHERFORD INTERNATIONAL PLC,Energy,0.00794
ANF,ABERCROMBIE AND FITCH CLASS A,Consumer Discretionary,0.00792
LSTR,LANDSTAR SYSTEM,Industrials,0.0079
HRL,HORMEL FOODS CORP,Consumer Staples,0.0079
WEX,WEX,Financials,0.00789
EPRT,ESSENTIAL PROPERTIES REALTY TRUST,Real Estate,0.00788
MSM,MSC INDUSTRIAL CLASS A,Industrials,0.00783
ECG,EVERUS CONSTRUCTION GROUP,Industrials,0.0078
LYFT,LYFT CLASS A,Industrials,0.0078
AUB,ATLANTIC UNION BANKSHARES,Financials,0.00777
JBTM,JBT MAREL,Industrials,0.00774
GBCI,GLACIER BANCORP INC,Financials,0.00771
RYTM,RHYTHM PHARMACEUTICALS,Health Care,0.00768
DVA,DAVITA INC,Health Care,0.00766
IOVA,IOVANCE BIOTHERAPEUTICS INC,Health Care,0.00764
AAON,AAON,Industrials,0.00759
HOMB,HOME BANCSHARES INC,Financials,0.00758
RYN,RAYONIER REIT,Real Estate,0.00758
LUMN,LUMEN TECHNOLOGIES,Communication,0.00756
HRB,H&R BLOCK INC,Consumer Discretionary,0.00755
FTDR,FRONTDOOR INC,Consumer Discretionary,0.00752
ESNT,ESSENT GROUP,Financials,0.00751
OLLI,OLLIES BARGAIN OUTLET HOLDINGS,Consumer Discretionary,0.0075
TAP,MOLSON COORS BREWING CLASS B,Consumer Staples,0.00749
ORA,ORMAT TECH INC,Utilities,0.00749
SXT,SENSIENT TECHNOLOGIES,Materials,0.00748
SAIC,SCIENCE APPLICATIONS INTERNATIONAL,Industrials,0.00747
RNG,RINGCENTRAL INC CLASS A,Information Technology,0.00745
ELF,ELF BEAUTY,Consumer Staples,0.00741
HAE,HAEMONETICS CORP,Health Care,0.00737
WH,WYNDHAM HOTELS RESORTS,Consumer Discretionary,0.00735
GAP,GAP,Consumer Discretionary,0.00734
TTD,TRADE DESK INC CLASS A,Communication,0.00733
POOL,POOL,Consumer Discretionary,0.0073
AVAV,AEROVIRONMENT,Industrials,0.0073
PTCT,PTC THERAPEUTICS,Health Care,0.00729
MTN,VAIL RESORTS,Consumer Discretionary,0.00729
MGY,MAGNOLIA OIL GAS CORP CLASS A,Energy,0.00729
KGS,KODIAK GAS SERVICES INC,Energy,0.00729
CNO,CNO FINANCIAL GROUP,Financials,0.00725
NEU,NEWMARKET,Materials,0.00724
VRNS,VARONIS SYSTEMS,Information Technology,0.00723
CIFR,CIPHER DIGITAL INC,Information Technology,0.00722
POWL,POWELL INDUSTRIES INC,Industrials,0.00719
CAVA,CAVA GROUP,Consumer Discretionary,0.00719
SIGI,SELECTIVE INSURANCE GROUP,Financials,0.00718
BKH,BLACK HILLS CORP,Utilities,0.00717
DUOL,DUOLINGO CLASS A,Consumer Discretionary,0.00717
AROC,ARCHROCK,Energy,0.00716
NE,NOBLE CORPORATION PLC,Energy,0.00714
CRSP,CRISPR THERAPEUTICS AG,Health Care,0.00713
EXLS,EXLSERVICE HOLDINGS,Industrials,0.00712
MBGL,MOBILITY GLOBAL INC,Industrials,0.00712
OKLO,OKLO CLASS A,Utilities,0.00708
SRRK,SCHOLAR ROCK HOLDING,Health Care,0.00707
GNTX,GENTEX,Consumer Discretionary,0.00706
GXO,GXO LOGISTICS,Industrials,0.00706
CWST,CASELLA WASTE SYSTEMS CLASS A,Industrials,0.00705
NOVT,NOVANTA,Information Technology,0.00705
G,GENPACT,Industrials,0.00704
WULF,TERAWULF,Information Technology,0.00703
COGT,COGENT BIOSCIENCES,Health Care,0.00701
RITM,RITHM CAPITAL,Financials,0.00701
POR,PORTLAND GENERAL ELECTRIC,Utilities,0.00696
MUR,MURPHY OIL CORP,Energy,0.00695
KRG,KITE REALTY GROUP TRUST REIT,Real Estate,0.00695
MMSI,MERIT MEDICAL SYSTEMS INC,Health Care,0.00694
BCPC,BALCHEM,Materials,0.00693
LAUR,LAUREATE EDUCATION,Consumer Discretionary,0.00689
CGON,CG ONCOLOGY,Health Care,0.00689
MTRN,MATERION,Materials,0.00686
VNT,VONTIER,Information Technology,0.00686
VFC,VF CORP,Consumer Discretionary,0.00682
NJR,NEW JERSEY RESOURCES CORP,Utilities,0.00682
ACIW,ACI WORLDWIDE,Information Technology,0.00681
AGX,ARGAN,Industrials,0.00681
CORZ,CORE SCIENTIFIC INC,Information Technology,0.00679
AS,AMER SPORTS INC,Consumer Discretionary,0.00679
SARO,STANDARDAERO,Industrials,0.00678
CE,CELANESE CORP,Materials,0.00678
OZK,BANK OZK,Financials,0.00677
ULS,UL SOLUTIONS INC CLASS A,Industrials,0.00677
WTM,WHITE MOUNTAINS INSURANCE GROUP,Financials,0.00676
RGTI,RIGETTI COMPUTING,Information Technology,0.00676
DBX,DROPBOX INC CLASS A,Information Technology,0.00675
PATH,UIPATH INC CLASS A,Information Technology,0.00674
CHDN,CHURCHILL DOWNS,Consumer Discretionary,0.00672
NXST,NEXSTAR MEDIA GROUP INC,Communication,0.00672
STWD,STARWOOD PROPERTY TRUST REIT INC,Financials,0.00671
TVTX,TRAVERE THERAPEUTICS,Health Care,0.00668
ABCB,AMERIS BANCORP,Financials,0.00667
FND,FLOOR DECOR HOLDINGS CLASS A,Consumer Discretionary,0.00666
SKY,CHAMPION HOMES INC,Consumer Discretionary,0.00665
BSY,BENTLEY SYSTEMS INC CLASS B,Information Technology,0.00664
BIPC,BROOKFIELD INFRASTRUCTURE CORP CLA,Utilities,0.00663
SIRI,SIRIUSXM HOLDINGS,Communication,0.00663
RLI,RLI CORP,Financials,0.00662
ALK,ALASKA AIR GROUP INC,Industrials,0.00662
DFTX,DEFINIUM THERAPEUTICS INC,Health Care,0.00659
CSW,CSW INDUSTRIALS,Industrials,0.00658
RDN,RADIAN GROUP,Financials,0.00657
SON,SONOCO PRODUCTS,Materials,0.00657
XMTR,XOMETRY CLASS A,Industrials,0.00655
UFPI,UFP INDUSTRIES,Industrials,0.00654
KOD,KODIAK SCIENCES,Health Care,0.00654
GVA,GRANITE CONSTRUCTION,Industrials,0.00653
KBR,KBR INC,Industrials,0.00651
HCC,WARRIOR MET COAL INC,Materials,0.00651
RDNT,RADNET,Health Care,0.00648
CNR,CORE NATURAL RESOURCES,Energy,0.00647
AXTI,AXT,Information Technology,0.00647
SHC,SOTERA HEALTH COMPANY,Health Care,0.00646
PECO,PHILLIPS EDISON AND COMPANY,Real Estate,0.00643
PI,IMPINJ,Information Technology,0.00638
FBIN,FORTUNE BRANDS INNOVATIONS,Industrials,0.00638
TREX,TREX,Industrials,0.00638
PRMB,PRIMO BRANDS CLASS A CORP,Consumer Staples,0.00638
MTH,MERITAGE CORP,Consumer Discretionary,0.00637
PSMT,PRICESMART,Consumer Staples,0.00637
URBN,URBAN OUTFITTERS,Consumer Discretionary,0.00637
KLIC,KULICKE AND SOFFA INDUSTRIES INC,Information Technology,0.00637
SBRA,SABRA HEALTH CARE REIT,Real Estate,0.00635
CAKE,CHEESECAKE FACTORY INC,Consumer Discretionary,0.00635
VSNT,VERSANT MEDIA GROUP INC CLASS A,Communication,0.00633
RIG,TRANSOCEAN,Energy,0.00631
MRX,MAREX GROUP LTD,Financials,0.0063
SLM,SLM CORP,Financials,0.0063
GTX,GARRETT MOTION,Consumer Discretionary,0.00629
EBC,EASTERN BANKSHARES INC,Financials,0.00627
ASB,ASSOCIATED BANCORP,Financials,0.00626
VAL,VALARIS LTD,Energy,0.00626
BC,BRUNSWICK CORP,Consumer Discretionary,0.00625
LQDA,LIQUIDIA,Health Care,0.00625
BROS,DUTCH BROS CLASS A,Consumer Discretionary,0.00624
MRCY,MERCURY SYSTEMS INC,Industrials,0.00624
VSEC,VSE CORP,Industrials,0.00623
BOX,BOX INC CLASS A,Information Technology,0.00623
SIG,SIGNET JEWELERS,Consumer Discretionary,0.00623
BDC,BELDEN,Information Technology,0.00622
ADPT,ADAPTIVE BIOTECHNOLOGIES,Health Care,0.00622
GLNG,GOLAR LNG,Energy,0.0062
Z,ZILLOW GROUP CLASS C,Real Estate,0.0062
MIDD,MIDDLEBY,Industrials,0.00619
TCBI,TEXAS CAPITAL BANCSHARES,Financials,0.00618
CELH,CELSIUS HOLDINGS,Consumer Staples,0.00618
LLYVK,LIBERTY LIVE HOLDINGS INC SERIES C,Communication,0.00617
ALGM,ALLEGRO MICROSYSTEMS INC,Information Technology,0.00613
VCTR,VICTORY CAPITAL HOLDINGS CLASS A,Financials,0.00612
SR,SPIRE INC,Utilities,0.00612
BCO,BRINKS,Industrials,0.00611
MARA,MARA HOLDINGS,Information Technology,0.00611
OGS,ONE GAS,Utilities,0.0061
LOPE,GRAND CANYON EDUCATION INC,Consumer Discretionary,0.00605
CUZ,COUSINS PROPERTIES REIT INC,Real Estate,0.00605
AX,AXOS FINANCIAL,Financials,0.00604
APPF,APPFOLIO CLASS A,Information Technology,0.00602
EPR,EPR PROPERTIES REIT,Real Estate,0.00601
INSW,INTERNATIONAL SEAWAYS,Energy,0.006
FIG,FIGMA CLASS A,Information Technology,0.006
PL,PLANET LABS CLASS A,Industrials,0.00599
DIOD,DIODES,Information Technology,0.00599
IRDM,IRIDIUM COMMUNICATIONS,Communication,0.00599
INDV,INDIVIOR PHARMACEUTICALS INC,Health Care,0.00597
UEC,URANIUM ENERGY,Energy,0.00597
CHEF,CHEFS WAREHOUSE INC,Consumer Staples,0.00596
IBP,INSTALLED BUILDING PRODUCTS,Consumer Discretionary,0.00595
MAT,MATTEL INC,Consumer Discretionary,0.00595
MYRG,MYR GROUP INC,Industrials,0.00595
VIRT,VIRTU FINANCIAL INC CLASS A,Financials,0.00594
CVCO,CAVCO INDUSTRIES,Consumer Discretionary,0.00592
WSFS,WSFS FINANCIAL,Financials,0.00592
GSAT,GLOBALSTAR VOTING,Communication,0.00588
GLXY,GALAXY DIGITAL INC CLASS A,Financials,0.00586
PIPR,PIPER SANDLER COMPANIES,Financials,0.00586
ITGR,INTEGER HOLDINGS CORP,Health Care,0.00584
AIR,AAR,Industrials,0.00583
CHWY,CHEWY INC CLASS A,Consumer Discretionary,0.00583
ENPH,ENPHASE ENERGY,Information Technology,0.00582
NSIT,INSIGHT ENTERPRISES INC,Information Technology,0.00582
ACLS,AXCELIS TECHNOLOGIES,Information Technology,0.00578
AZZ,AZZ INC,Industrials,0.00577
HASI,HA SUSTAINABLE INFRASTRUCTURE CAPI,Financials,0.00572
SKYW,SKYWEST,Industrials,0.0057
CNK,CINEMARK HOLDINGS INC,Communication,0.00569
TPC,TUTOR PERINI,Industrials,0.00569
BEPC,BROOKFIELD RENEWABLE SUBORDINATE V,Utilities,0.00566
WHD,CACTUS CLASS A,Energy,0.00564
FIGR,FIGURE TECHNOLOGY SOLUTIONS CLASS,Financials,0.00563
LPX,LOUISIANA PACIFIC,Industrials,0.00563
COLD,AMERICOLD REALTY INC TRUST,Real Estate,0.00562
ACI,ALBERTSONS COMPANY CLASS A,Consumer Staples,0.0056
SITE,SITEONE LANDSCAPE SUPPLY INC,Industrials,0.00559
FBP,FIRST BANCORP,Financials,0.00558
CBT,CABOT CORP,Materials,0.00558
OII,OCEANEERING INTERNATIONAL INC,Energy,0.00557
DK,DELEK US HOLDINGS INC,Energy,0.00557
TENB,TENABLE HOLDINGS,Information Technology,0.00557
SFBS,SERVISFIRST BANCSHARES INC,Financials,0.00557
FFIN,FIRST FINANCIAL BANKSHARES INC,Financials,0.00556
INDB,INDEPENDENT BANK CORP,Financials,0.00555
CAI,CARIS LIFE SCIENCES,Health Care,0.00555
MRP,MILLROSE PROPERTIES INC CLASS A,Real Estate,0.00553
OUT,OUTFRONT MEDIA,Real Estate,0.00552
MIRM,MIRUM PHARMACEUTICALS,Health Care,0.00551
ORKA,ORUKA THERAPEUTICS INC,Health Care,0.0055
JOBY,JOBY AVIATION CLASS A,Industrials,0.0055
CVSA,COVISTA,Consumer Discretionary,0.0055
FULT,FULTON FINANCIAL,Financials,0.0055
AN,AUTONATION,Consumer Discretionary,0.00549
ROAD,CONSTRUCTION PARTNERS CLASS A,Industrials,0.00548
HRI,HERC HOLDINGS,Industrials,0.00548
CNX,CNX RESOURCES,Energy,0.00548
PAG,PENSKE AUTOMOTIVE GROUP VOTING INC,Consumer Discretionary,0.00547
DNTH,DIANTHUS THERAPEUTICS INC,Health Care,0.00547
CRC,CALIFORNIA RESOURCES,Energy,0.00547
RUSHA,RUSH ENTERPRISES CLASS A,Industrials,0.00546
STNG,SCORPIO TANKERS,Energy,0.00544
NWE,NORTHWESTERN ENERGY GROUP,Utilities,0.00542
ENVA,ENOVA INTERNATIONAL,Financials,0.00542
FCN,FTI CONSULTING,Industrials,0.00541
LIVN,LIVANOVA PLC,Health Care,0.0054
TDW,TIDEWATER,Energy,0.00539
UNF,UNIFIRST,Industrials,0.00534
VSH,VISHAY INTERTECHNOLOGY INC,Information Technology,0.00534
TNL,TRAVEL LEISURE,Consumer Discretionary,0.00534
KRC,KILROY REALTY REIT,Real Estate,0.00534
YOU,CLEAR SECURE CLASS A,Information Technology,0.00533
GFF,GRIFFON,Industrials,0.00532
HTFL,HEARTFLOW INC,Health Care,0.00531
RHI,ROBERT HALF,Industrials,0.00531
PRM,PERIMETER SOLUTIONS,Materials,0.00527
HNGE,HINGE HEALTH CLASS A,Health Care,0.00527
APLE,APPLE HOSPITALITY REIT INC,Real Estate,0.00527
ACMR,ACM RESEARCH CLASS A,Information Technology,0.00525
SYNA,SYNAPTICS,Information Technology,0.00525
ITRI,ITRON,Information Technology,0.00524
CPB,CAMPBELL SOUP,Consumer Staples,0.00522
CECO,CECO ENVIRONMENTAL,Industrials,0.00521
GEO,GEO GROUP,Industrials,0.00521
ESAB,ESAB CORP,Industrials,0.0052
UCB,UNITED COMMUNITY BANKS INC,Financials,0.00519
CDP,COPT DEFENSE PROPERTIES,Real Estate,0.00519
KFY,KORN FERRY,Industrials,0.00518
PARR,PAR PACIFIC HOLDINGS,Energy,0.00517
TTAN,SERVICETITAN CLASS A,Information Technology,0.00517
BMI,BADGER METER,Information Technology,0.00517
PRIM,PRIMORIS SERVICES,Industrials,0.00515
BGC,BGC GROUP INC CLASS A,Financials,0.00515
IRTC,IRHYTHM HOLDINGS INC,Health Care,0.00515
RYAN,RYAN SPECIALTY HOLDINGS CLASS A,Financials,0.00515
VVV,VALVOLINE,Consumer Discretionary,0.00514
IBOC,INTERNATIONAL BANCSHARES CORP,Financials,0.00513
NVST,ENVISTA HOLDINGS,Health Care,0.00512
OPCH,OPTION CARE HEALTH INC,Health Care,0.00512
FSLY,FASTLY CLASS A,Information Technology,0.0051
RNST,RENASANT CORP,Financials,0.00509
BFH,BREAD FINANCIAL HOLDINGS,Financials,0.00508
CXW,CORECIVIC REIT,Industrials,0.00508
BOOT,BOOT BARN HOLDINGS,Consumer Discretionary,0.00507
JBS,JBS N V NV CLASS A,Consumer Staples,0.00504
NWS,NEWS CLASS B,Communication,0.00504
CATY,CATHAY GENERAL BANCORP,Financials,0.00503
MHO,M I HOMES INC,Consumer Discretionary,0.00503
HP,HELMERICH & PAYNE,Energy,0.00503
BYD,BOYD GAMING,Consumer Discretionary,0.00502
OPLN,OPENLANE,Industrials,0.00501
ATMU,ATMUS FILTRATION TECHNOLOGIES,Industrials,0.005
XENE,XENON PHARMACEUTICALS,Health Care,0.00499
BBWI,BATH AND BODY WORKS,Consumer Discretionary,0.00498
ICUI,ICU MEDICAL,Health Care,0.00497
SKT,TANGER,Real Estate,0.00496
MDU,MDU RESOURCES GROUP,Utilities,0.00495
KN,KNOWLES,Information Technology,0.00495
NATL,NCR ATLEOS,Financials,0.00495
CON,CONCENTRA GROUP HOLDINGS PARENT IN,Health Care,0.00494
CLMT,CALUMET,Energy,0.00493
MORN,MORNINGSTAR,Financials,0.00493
FELE,FRANKLIN ELECTRIC,Industrials,0.00491
AMRX,AMNEAL PHARMACEUTICALS INC CLASS A,Health Care,0.00491
CVBF,CVB FINANCIAL CORP,Financials,0.00491
YETI,YETI HOLDINGS,Consumer Discretionary,0.0049
OLED,UNIVERSAL DISPLAY CORP,Information Technology,0.00489
CCC,CCC INTELLIGENT SOLUTIONS HOLDINGS,Information Technology,0.00489
GHC,GRAHAM HOLDINGS COMPANY CLASS B,Consumer Discretionary,0.00486
WT,WISDOMTREE,Financials,0.00485
BFAM,BRIGHT HORIZONS FAMILY SOLUTIONS,Consumer Discretionary,0.00485
TNGX,TANGO THERAPEUTICS,Health Care,0.00485
DAVE,DAVE CLASS A,Financials,0.00485
PTEN,PATTERSON UTI ENERGY INC,Energy,0.00485
RLAY,RELAY THERAPEUTICS,Health Care,0.00484
ONDS,ONDAS INC,Information Technology,0.00484
SEI,SOLARIS ENERGY INFRASTRUCTURE INC,Energy,0.00484
DOCS,DOXIMITY CLASS A,Health Care,0.00483
FLG,FLAGSTAR BANK NATIONAL ASSOCIATION,Financials,0.00483
OTTR,OTTER TAIL,Utilities,0.0048
ATKR,ATKORE,Industrials,0.0048
TDS,TELEPHONE AND DATA SYSTEMS,Communication,0.00479
ABG,ASBURY AUTOMOTIVE GROUP INC,Consumer Discretionary,0.00479
DHT,DHT HOLDINGS,Energy,0.00477
OGN,ORGANON,Health Care,0.00477
AVNT,AVIENT CORP,Materials,0.00477
ASH,ASHLAND,Materials,0.00476
RELY,REMITLY GLOBAL,Financials,0.00475
THO,THOR INDUSTRIES,Consumer Discretionary,0.00475
DAN,DANA INCORPORATED INC,Consumer Discretionary,0.00474
UCTT,ULTRA CLEAN HOLDINGS INC,Information Technology,0.00471
SPHR,SPHERE ENTERTAINMENT CLASS A,Communication,0.00471
MSGE,MADISON SQUARE GARDEN ENTERTAINMEN,Communication,0.00471
PK,PARK HOTELS RESORTS INC,Real Estate,0.0047
PVH,PVH,Consumer Discretionary,0.00469
PLNT,PLANET FITNESS INC CLASS A,Consumer Discretionary,0.00468
GNW,GENWORTH FINANCIAL INC,Financials,0.00467
MC,MOELIS CLASS A,Financials,0.00466
MIR,MIRION TECHNOLOGIES CLASS A,Information Technology,0.00466
SLG,SL GREEN REALTY REIT CORP,Real Estate,0.00466
VCYT,VERACYTE,Health Care,0.00466
DORM,DORMAN PRODUCTS,Consumer Discretionary,0.00466
AEHR,AEHR TEST SYSTEMS,Information Technology,0.00465
CWEN,CLEARWAY ENERGY INC CLASS C,Utilities,0.00464
KTB,KONTOOR BRANDS,Consumer Discretionary,0.00463
PJT,PJT PARTNERS CLASS A,Financials,0.00463
HLNE,HAMILTON LANE CLASS A,Financials,0.00463
IBRX,IMMUNITYBIO,Health Care,0.00462
LXP,LXP INDUSTRIAL TRUST,Real Estate,0.00461
CRGY,CRESCENT ENERGY CLASS A,Energy,0.0046
NMIH,NMI HOLDINGS,Financials,0.00459
BILL,BILL HOLDINGS,Information Technology,0.00459
DLB,DOLBY LABORATORIES CLASS A,Information Technology,0.00456
CLSK,CLEANSPARK,Information Technology,0.00455
AGO,ASSURED GUARANTY LTD,Financials,0.00455
QTWO,Q2 HOLDINGS INC,Information Technology,0.00455
PLMR,PALOMAR HOLDINGS,Financials,0.00454
KAI,KADANT INC,Industrials,0.00452
BHE,BENCHMARK ELECTRONICS INC,Information Technology,0.00452
BNL,BROADSTONE NET LEASE,Real Estate,0.00451
WSBC,WESBANCO,Financials,0.0045
AEO,AMERICAN EAGLE OUTFITTERS,Consumer Discretionary,0.00448
SDRL,SEADRILL,Energy,0.00447
VGNT,VERSIGENT PLC,Consumer Discretionary,0.00446
OSIS,OSI SYSTEMS,Information Technology,0.00446
RXO,RXO INC,Industrials,0.00446
FHB,FIRST HAWAIIAN,Financials,0.00446
MGNI,MAGNITE,Communication,0.00443
SHOO,STEVEN MADDEN,Consumer Discretionary,0.00442
VKTX,VIKING THERAPEUTICS,Health Care,0.00442
EXPO,EXPONENT,Industrials,0.0044
MWA,MUELLER WATER PRODUCTS SERIES A,Industrials,0.00439
AUGO,AURA MINERALS INC,Materials,0.00438
HNI,HNI,Industrials,0.00437
IRT,INDEPENDENCE REALTY,Real Estate,0.00437
UUUU,ENERGY FUELS,Energy,0.00437
WSC,WILLSCOT HOLDINGS CLASS A,Industrials,0.00437
KBH,KB HOME,Consumer Discretionary,0.00437
CURB,CURBLINE PROPERTIES,Real Estate,0.00436
LAZ,LAZARD,Financials,0.00435
ABM,ABM INDUSTRIES INC,Industrials,0.00433
WK,WORKIVA CLASS A,Information Technology,0.00432
WING,WINGSTOP,Consumer Discretionary,0.00431
DNLI,DENALI THERAPEUTICS,Health Care,0.00431
FIBK,FIRST INTERSTATE BANCSYSTEM,Financials,0.0043
SXI,STANDEX INTERNATIONAL CORP,Industrials,0.00429
LRN,STRIDE INC,Consumer Discretionary,0.00428
ADT,ADT INC,Consumer Discretionary,0.00426
AWR,AMERICAN STATES WATER,Utilities,0.00425
KNSA,KINIKSA PHARMACEUTICALS INTERNATIO,Health Care,0.00425
ACHR,ARCHER AVIATION CLASS A,Industrials,0.00424
BCC,BOISE CASCADE,Industrials,0.00423
PEGA,PEGASYSTEMS,Information Technology,0.00423
PPLI,PEOPLE,Communication,0.00422
BKU,BANKUNITED,Financials,0.00421
ARQT,ARCUTIS BIOTHERAPEUTICS,Health Care,0.00419
CDNA,CAREDX,Health Care,0.00419
NIC,NICOLET BANKSHARES INC,Financials,0.00419
IDYA,IDEAYA BIOSCIENCES,Health Care,0.00418
ASO,ACADEMY SPORTS AND OUTDOORS,Consumer Discretionary,0.00417
SFNC,SIMMONS FIRST NATIONAL CLASS A,Financials,0.00417
CBU,COMMUNITY FINANCIAL SYSTEM INC,Financials,0.00417
ERAS,ERASCA,Health Care,0.00416
GPI,GROUP AUTOMOTIVE INC,Consumer Discretionary,0.00414
SPSC,SPS COMMERCE,Information Technology,0.0041
BWIN,BALDWIN INSURANCE GROUP CLASS A,Financials,0.0041
KNF,KNIFE RIVER CORP,Materials,0.00409
EWTX,EDGEWISE THERAPEUTICS,Health Care,0.00409
CALM,CAL MAINE FOODS,Consumer Staples,0.00407
AMBA,AMBARELLA,Information Technology,0.00406
POWI,POWER INTEGRATIONS,Information Technology,0.00406
FRHC,FREEDOM HOLDING CORP,Financials,0.00406
ARCB,ARCBEST,Industrials,0.00405
POST,POST HOLDINGS,Consumer Staples,0.00405
AAMI,ACADIAN ASSET MANAGEMENT,Financials,0.00401
TOWN,TOWNEBANK,Financials,0.00401
NHC,NATIONAL HEALTHCARE CORP,Health Care,0.004
PFS,PROVIDENT FINANCIAL SERVICES INC,Financials,0.004
CHH,CHOICE HOTELS INTERNATIONAL,Consumer Discretionary,0.00399
PENG,PENGUIN SOLUTIONS INC,Information Technology,0.00399
STEP,STEPSTONE GROUP CLASS A,Financials,0.00398
DNOW,DNOW,Industrials,0.00398
VECO,VEECO INSTRUMENTS,Information Technology,0.00397
IMVT,IMMUNOVANT,Health Care,0.00397
BOKF,BOK FINANCIAL CORP,Financials,0.00396
HIW,HIGHWOODS PROPERTIES REIT,Real Estate,0.00395
JOE,ST JOE,Real Estate,0.00394
LFST,LIFESTANCE HEALTH GROUP,Health Care,0.00394
SLGN,SILGAN HOLDINGS,Materials,0.00393
VAC,MARRIOTT VACATIONS WORLDWIDE,Consumer Discretionary,0.00392
ALM,ALMONTY INDUSTRIES,Materials,0.00389
PII,POLARIS INC,Consumer Discretionary,0.00389
BHF,BRIGHTHOUSE FINANCIAL,Financials,0.00389
CLBK,COLUMBIA FINANCIAL INC,Financials,0.00388
AVA,AVISTA,Utilities,0.00388
LBRT,LIBERTY ENERGY CLASS A,Energy,0.00387
AMTM,AMENTUM HOLDINGS,Industrials,0.00386
NHI,NATIONAL HEALTH INVESTORS REIT,Real Estate,0.00386
MMS,MAXIMUS,Industrials,0.00385
FFBC,FIRST FINANCIAL BANCORP,Financials,0.00384
HOG,HARLEY DAVIDSON,Consumer Discretionary,0.00383
TDC,TERADATA,Information Technology,0.00383
CPK,CHESAPEAKE UTILITIES,Utilities,0.00381
CSTM,CONSTELLIUM SE CLASS A,Materials,0.00381
FUL,HB FULLER,Materials,0.0038
BTU,PEABODY ENERGY CORP,Energy,0.00379
FBNC,FIRST BANCORP,Financials,0.00379
TARS,TARSUS PHARMACEUTICALS,Health Care,0.00379
TRMK,TRUSTMARK,Financials,0.00378
CBZ,CBIZ,Industrials,0.00377
EXTR,EXTREME NETWORKS,Information Technology,0.00376
TMDX,TRANSMEDICS GROUP,Health Care,0.00375
HURN,HURON CONSULTING GROUP,Industrials,0.00373
ELVN,ENLIVEN THERAPEUTICS,Health Care,0.00373
COHU,COHU,Information Technology,0.00372
LOAR,LOAR HOLDINGS,Industrials,0.00372
AMC,AMC ENTERTAINMENT HOLDINGS INC CLA,Communication,0.00371
LGN,LEGENCE CLASS A,Industrials,0.00371
WAY,WAYSTAR HOLDING,Health Care,0.00371
NEOG,NEOGEN,Health Care,0.0037
CELC,CELCUITY,Health Care,0.0037
WDFC,WD-40,Consumer Staples,0.0037
BATRK,ATLANTA BRAVES HOLDINGS SERIES C,Communication,0.00369
CWK,CUSHMAN AND WAKEFIELD LTD,Real Estate,0.00368
LMND,LEMONADE INC,Financials,0.00367
BKD,BROOKDALE SENIOR LIVING INC,Health Care,0.00365
BOH,BANK OF HAWAII,Financials,0.00365
GPK,GRAPHIC PACKAGING HOLDING,Materials,0.00364
DRS,LEONARDO DRS INC,Industrials,0.00364
WRBY,WARBY PARKER CLASS A,Consumer Discretionary,0.00361
CWT,CALIFORNIA WATER SERVICE GROUP,Utilities,0.00361
DRH,DIAMONDROCK HOSPITALITY,Real Estate,0.0036
KD,KYNDRYL HOLDINGS,Information Technology,0.0036
HWKN,HAWKINS INC,Materials,0.00359
MGRC,MCGRATH RENT,Industrials,0.00358
EEFT,EURONET WORLDWIDE INC,Financials,0.00358
SBCF,SEACOAST BANKING OF FLORIDA,Financials,0.00358
CENX,CENTURY ALUMINUM,Materials,0.00357
MCY,MERCURY GENERAL,Financials,0.00357
ACAD,ACADIA PHARMACEUTICALS,Health Care,0.00355
ATRC,ATRICURE,Health Care,0.00355
CLDX,CELLDEX THERAPEUTICS,Health Care,0.00354
ROG,ROGERS,Information Technology,0.00353
FRPT,FRESHPET,Consumer Staples,0.00353
PLUG,PLUG POWER,Industrials,0.00353
NGVT,INGEVITY,Materials,0.00352
ADEA,ADEIA,Information Technology,0.00352
BETA,BETA TECHNOLOGIES CLASS A,Industrials,0.00351
USAR,USA RARE EARTH CLASS A,Materials,0.0035
AMLX,AMYLYX PHARMACEUTICALS,Health Care,0.0035
ACHC,ACADIA HEALTHCARE COMPANY,Health Care,0.0035
KMT,KENNAMETAL,Industrials,0.00349
PLUS,EPLUS,Information Technology,0.00347
PRLB,PROTO LABS,Industrials,0.00346
DCO,DUCOMMUN,Industrials,0.00345
FRSH,FRESHWORKS CLASS A,Information Technology,0.00345
MIAX,MIAMI INTERNATIONAL HOLDINGS,Financials,0.00344
BELFB,BEL FUSE CLASS B,Information Technology,0.00343
DBRG,DIGITALBRIDGE GROUP INC CLASS A,Financials,0.00342
MAN,MANPOWER,Industrials,0.00342
COCO,THE VITA COCO COMPANY,Consumer Staples,0.00341
IMNM,IMMUNOME,Health Care,0.00341
BULL,WEBULL CORP CLASS A,Financials,0.00339
KNTK,KINETIK HOLDINGS CLASS A,Energy,0.00339
MANE,VERADERMICS,Health Care,0.00339
BUSE,FIRST BUSEY,Financials,0.00337
DGII,DIGI INTERNATIONAL,Information Technology,0.00337
VVX,V2X,Industrials,0.00336
KALU,KAISER ALUMINIUM,Materials,0.00335
SMR,NUSCALE POWER CORP CLASS A,Industrials,0.00335
FIVN,FIVE9,Information Technology,0.00335
MGEE,MGE ENERGY,Utilities,0.00334
ALRM,ALARM.COM HOLDINGS,Information Technology,0.00334
BANR,BANNER CORP,Financials,0.00332
HAYW,HAYWARD HOLDINGS,Industrials,0.00332
ANDE,ANDERSONS INC,Consumer Staples,0.00331
NEO,NEOGENOMICS,Health Care,0.00328
NTCT,NETSCOUT SYSTEMS,Information Technology,0.00328
ADMA,ADMA BIOLOGICS,Health Care,0.00327
DX,DYNEX CAPITAL REIT,Financials,0.00326
PRK,PARK NATIONAL CORP,Financials,0.00325
UNFI,UNITED NATURAL FOODS INC,Consumer Staples,0.00325
PBH,PRESTIGE CONSUMER HEALTHCARE,Health Care,0.00324
NRIX,NURIX THERAPEUTICS,Health Care,0.00324
NVTS,NAVITAS SEMICONDUCTOR,Information Technology,0.00323
CACC,CREDIT ACCEPTANCE CORP,Financials,0.00323
BANF,BANCFIRST CORP,Financials,0.00323
OSW,ONESPAWORLD HOLDINGS LTD,Consumer Discretionary,0.00321
IOSP,INNOSPEC INC,Materials,0.0032
WKC,WORLD KINECT,Energy,0.0032
RXRX,RECURSION PHARMACEUTICALS CLASS A,Health Care,0.00319
RAMP,LIVERAMP HOLDINGS INC,Information Technology,0.00319
PEB,PEBBLEBROOK HOTEL TRUST REIT,Real Estate,0.00319
RRR,RED ROCK RESORTS ORS CLASS A,Consumer Discretionary,0.00319
SKWD,SKYWARD SPECIALTY INSURANCE GROUP,Financials,0.00318
PSN,PARSONS CORP,Industrials,0.00316
AAP,ADVANCE AUTO PARTS INC,Consumer Discretionary,0.00315
DYN,DYNE THERAPEUTICS,Health Care,0.00315
LTC,LTC PROPERTIES REIT,Real Estate,0.00315
ECPG,ENCORE CAPITAL GROUP,Financials,0.00315
NTB,BANK OF NT BUTTERFIELD & SON LTD,Financials,0.00314
TNK,TEEKAY TANKERS LTD CLASS A,Energy,0.00314
SHO,SUNSTONE HOTEL INVESTORS REIT INC,Real Estate,0.00314
AUPH,AURINIA PHARMACEUTICALS,Health Care,0.00314
CARG,CARGURUS CLASS A,Communication,0.00312
NWL,NEWELL BRANDS INC,Consumer Discretionary,0.00312
PHIN,PHINIA,Consumer Discretionary,0.00311
UE,URBAN EDGE PROPERTIES,Real Estate,0.00311
FCPT,FOUR CORNERS PROPERTY INC TRUST,Real Estate,0.00311
WTTR,SELECT WATER SOLUTIONS CLASS A,Energy,0.0031
PATK,PATRICK INDUSTRIES,Consumer Discretionary,0.0031
FBK,FB FINANCIAL,Financials,0.00309
VC,VISTEON,Consumer Discretionary,0.00309
AGYS,AGILYSYS INC,Information Technology,0.00308
URGN,UROGEN PHARMA,Health Care,0.00308
PRDO,PERDOCEO EDUCATION,Consumer Discretionary,0.00306
AKR,ACADIA REALTY TRUST REIT,Real Estate,0.00306
PURR,HYPERLIQUID STRATEGIES INC,Health Care,0.00304
BEAM,BEAM THERAPEUTICS,Health Care,0.00304
CXT,CRANE NXT,Information Technology,0.00302
REZI,RESIDEO TECHNOLOGIES,Industrials,0.00302
NG,NOVAGOLD RESOURCES INC,Materials,0.00302
LCII,LCI INDUSTRIES,Consumer Discretionary,0.00302
ATEN,A10 NETWORKS,Information Technology,0.00301
UI,UBIQUITI,Information Technology,0.003
BCRX,BIOCRYST PHARMACEUTICALS,Health Care,0.00299
GOLF,ACUSHNET HOLDINGS CORP,Consumer Discretionary,0.00299
SYBT,STOCK YARDS BANCORP INC,Financials,0.00298
LEU,CENTRUS ENERGY CLASS A,Energy,0.00298
BXMT,BLACKSTONE MORTGAGE TRUST REIT CLA,Financials,0.00298
UFPT,UFP TECHNOLOGIES INC,Health Care,0.00298
NBTB,NBT BANCORP,Financials,0.00298
JAN,JANUS LIVING INC CLASS A,Real Estate,0.00297
BANC,BANC OF CALIFORNIA,Financials,0.00297
TALO,TALOS ENERGY,Energy,0.00296
OPEN,OPENDOOR TECHNOLOGIES CLASS A,Real Estate,0.00296
HHH,HOWARD HUGHES HOLDINGS INC,Real Estate,0.00296
LINE,LINEAGE,Real Estate,0.00295
CNS,COHEN & STEERS INC,Financials,0.00295
VCEL,VERICEL,Health Care,0.00295
IPAR,INTERPARFUMS INC,Consumer Staples,0.00295
HGV,HILTON GRAND VACATIONS,Consumer Discretionary,0.00294
WLY,JOHN WILEY AND SONS CLASS A,Communication,0.00293
SUPN,SUPERNUS PHARMACEUTICALS,Health Care,0.00293
SONO,SONOS,Consumer Discretionary,0.00293
OUST,OUSTER,Information Technology,0.00293
WAFD,WAFD INC,Financials,0.00293
SOUN,SOUNDHOUND AI CLASS A,Information Technology,0.00293
FRME,FIRST MERCHANTS,Financials,0.00292
PRVA,PRIVIA HEALTH GROUP INC,Health Care,0.00291
KRMN,KARMAN HOLDINGS INC,Industrials,0.00291
WLK,WESTLAKE CORP,Materials,0.00291
INOD,INNODATA,Industrials,0.0029
GPOR,GULFPORT ENERGY,Energy,0.00289
LASR,NLIGHT,Information Technology,0.00289
CRVL,CORVEL,Health Care,0.00289
KVYO,KLAVIYO SERIES A,Information Technology,0.00288
XHR,XENIA HOTELS RESORTS REIT,Real Estate,0.00288
NAVN,NAVAN CLASS A,Consumer Discretionary,0.00286
INSP,INSPIRE MEDICAL SYSTEMS,Health Care,0.00286
NWN,NORTHWEST NATURAL HOLDING COMPANY,Utilities,0.00285
FWONA,LIBERTY MEDIA SERIES A,Communication,0.00285
KWR,QUAKER HOUGHTON CORP,Materials,0.00285
ARR,ARMOUR RESIDENTIAL REIT,Financials,0.00284
HLIO,HELIOS TECHNOLOGIES INC,Industrials,0.00284
EPAC,ENERPAC TOOL GROUP CLASS A,Industrials,0.00284
GPGI,GPGI INC CLASS A,Information Technology,0.00283
CUBI,CUSTOMERS BANCORP,Financials,0.00283
LION,LIONSGATE STUDIOS,Communication,0.00283
BLBD,BLUE BIRD,Industrials,0.00283
WERN,WERNER ENTERPRISES,Industrials,0.00283
GRBK,GREEN BRICK PARTNERS,Consumer Discretionary,0.00283
VRDN,VIRIDIAN THERAPEUTICS ORS,Health Care,0.00282
EFSC,ENTERPRISE FINANCIAL SERVICES CORP,Financials,0.00282
PRGO,PERRIGO PLC,Health Care,0.00282
NWBI,NORTHWEST BANCSHARES INC,Financials,0.00282
NOG,NORTHERN OIL AND GAS,Energy,0.00282
MPT,MEDICAL PROPERTIES TRUST REIT,Real Estate,0.00281
KEEL,KEEL INFRASTRUCTURE CORP,Information Technology,0.0028
IVT,INVENTRUST PROPERTIES,Real Estate,0.00279
SHAK,SHAKE SHACK INC CLASS A,Consumer Discretionary,0.00278
RDW,REDWIRE,Industrials,0.00278
APAM,ARTISAN PARTNERS ASSET MANAGEMENT,Financials,0.00277
IRON,DISC MEDICINE,Health Care,0.00276
AGIO,AGIOS PHARMACEUTICALS,Health Care,0.00275
TRN,TRINITY INDUSTRIES INC,Industrials,0.00274
MD,PEDIATRIX MEDICAL GROUP INC,Health Care,0.00274
CALY,CALLAWAY GOLF COMPANY,Consumer Discretionary,0.00274
AGM,FEDERAL AGRICULTURAL MORTGAGE NON,Financials,0.00273
KSS,KOHLS CORP,Consumer Discretionary,0.00273
MTX,MINERALS TECHNOLOGIES,Materials,0.00272
OFG,OFG BANCORP,Financials,0.00272
BRZE,BRAZE CLASS A,Information Technology,0.00271
AVPT,AVEPOINT CLASS A,Information Technology,0.00271
NKTR,NEKTAR THERAPEUTICS,Health Care,0.00271
RCUS,ARCUS BIOSCIENCES,Health Care,0.00271
TNET,TRINET GROUPINARY,Industrials,0.00271
BBT,BEACON FINANCIAL,Financials,0.00271
ETON,ETON PHARMACEUTCIALS INC,Health Care,0.0027
PFSI,PENNYMAC FINANCIAL SERVICES,Financials,0.0027
SMG,SCOTTS MIRACLE GRO,Materials,0.0027
IMAX,IMAX,Communication,0.0027
CC,CHEMOURS,Materials,0.0027
BAND,BANDWIDTH CLASS A,Communication,0.00269
FLYW,FLYWIRE,Financials,0.00268
HUBG,HUB GROUP CLASS A,Industrials,0.00267
FOUR,SHIFT4 PAYMENTS CLASS A,Financials,0.00266
PGNY,PROGYNY,Health Care,0.00265
RSI,RUSH STREET INTERACTIVE CLASS A,Consumer Discretionary,0.00265
UPST,UPSTART HOLDINGS,Financials,0.00265
ATRO,ASTRONICS,Industrials,0.00264
HTH,HILLTOP HOLDINGS,Financials,0.00264
IPGP,IPG PHOTONICS CORP,Information Technology,0.00264
NMRK,NEWMARK GROUP INC CLASS A,Real Estate,0.00264
GABC,GERMAN AMERICAN BANCORP INC,Financials,0.00263
DXPE,DXP ENTERPRISES,Industrials,0.00263
RLJ,RLJ LODGING TRUST REIT,Real Estate,0.00263
PAYO,PAYONEER GLOBAL INC,Financials,0.00262
OLN,OLIN CORP,Materials,0.00262
DDS,DILLARDS CLASS A,Consumer Discretionary,0.00262
TBBK,BANCORP INC,Financials,0.00261
CHCO,CITY HOLDING,Financials,0.00261
CENTA,CENTRAL GARDEN AND PET CLASS A,Consumer Staples,0.00261
SMMT,SUMMIT THERAPEUTICS,Health Care,0.0026
RH,RH,Consumer Discretionary,0.0026
ZD,ZIFF DAVIS INC,Communication,0.0026
LPG,DORIAN LPG,Energy,0.0026
GEF,GREIF INC CLASS A,Materials,0.00259
INIO,INNIO N V NV,Industrials,0.00259
PPTA,PERPETUA RESOURCES,Materials,0.00259
NCNO,NCINO,Information Technology,0.00259
QS,QUANTUMSCAPE CLASS A,Consumer Discretionary,0.00257
MZTI,MARZETTI,Consumer Staples,0.00257
STNE,STONECO CLASS A,Financials,0.00256
TILE,INTERFACE,Industrials,0.00256
PLAB,PHOTRONICS,Information Technology,0.00256
ADUS,ADDUS HOMECARE CORP,Health Care,0.00255
PTON,PELOTON INTERACTIVE CLASS A,Consumer Discretionary,0.00255
HMN,HORACE MANN EDUCATORS CORP,Financials,0.00255
QCRH,QCR HOLDINGS INC,Financials,0.00255
INTA,INTAPP,Information Technology,0.00254
AMR,ALPHA METALLURGICAL RESOURCE,Materials,0.00254
SLS,SELLAS LIFE SCIENCES GROUP INC,Health Care,0.00253
ASST,STRIVE INC CLASS A,Health Care,0.00253
DV,DOUBLEVERIFY HOLDINGS,Communication,0.00252
DXC,DXC TECHNOLOGY,Information Technology,0.00252
PENN,PENN ENTERTAINMENT,Consumer Discretionary,0.0025
CTS,CTS CORP,Information Technology,0.00249
PGEN,PRECIGEN,Health Care,0.00248
CALX,CALIX NETWORKS,Information Technology,0.00248
LLYVA,LIBERTY LIVE HOLDINGS INC SERIES A,Communication,0.00247
FCF,FIRST COMMONWEALTH FINANCIAL CORP,Financials,0.00245
SMA,SMARTSTOP SELF STORAGE REIT INC,Real Estate,0.00243
BHVN,BIOHAVEN,Health Care,0.00243
VERA,VERA THERAPEUTICS CLASS A,Health Care,0.00242
AIN,ALBANY INTERNATIONAL CORP CLASS A,Industrials,0.00242
FLY,FIREFLY AEROSPACE,Industrials,0.00242
COLM,COLUMBIA SPORTSWEAR,Consumer Discretionary,0.00242
XRAY,DENTSPLY SIRONA,Health Care,0.00241
SDGR,SCHRODINGER INC,Health Care,0.00241
HTO,H2O AMERICA,Utilities,0.0024
BFLY,BUTTERFLY NETWORK CLASS A,Health Care,0.0024
SNDR,SCHNEIDER NATIONAL CLASS B,Industrials,0.0024
SPB,SPECTRUM BRANDS HOLDINGS,Consumer Staples,0.00239
MFP,MIDERA FOOD PROCESSING INC,Industrials,0.00239
BLKB,BLACKBAUD,Information Technology,0.00238
WOR,WORTHINGTON ENTERPRISES,Industrials,0.00238
AXGN,AXOGEN,Health Care,0.00237
PAY,PAYMENTUS HOLDINGS INC CLASS A,Financials,0.00237
PRCH,PORCH GROUP,Financials,0.00237
SRPT,SAREPTA THERAPEUTICS,Health Care,0.00236
SBET,SHARPLINK INC,Financials,0.00236
DHC,DIVERSIFIED HEALTHCARE TRUST,Real Estate,0.00235
BIRK,BIRKENSTOCK HOLDING PLC,Consumer Discretionary,0.00235
FTRE,FORTREA HOLDINGS INC,Health Care,0.00235
PVLA,PALVELLA THERAPEUTICS INC,Health Care,0.00235
PRGS,PROGRESS SOFTWARE CORP,Information Technology,0.00235
CLOV,CLOVER HEALTH INVESTMENTS CLASS A,Health Care,0.00234
BBUC,BROOKFIELD BUSINESS CORP CLASS A,Industrials,0.00234
XERS,XERIS BIOPHARMA HOLDINGS,Health Care,0.00233
GNL,GLOBAL NET LEASE INC,Real Estate,0.00233
SFL,SFL,Energy,0.00233
SBH,SALLY BEAUTY HOLDINGS,Consumer Discretionary,0.00232
QUBT,QUANTUM COMPUTING,Information Technology,0.0023
BXDC,BLACKSTONE DIGITAL INFRASTRUCTURE,Real Estate,0.0023
HRMY,HARMONY BIOSCIENCES HLDG,Health Care,0.0023
ESTA,ESTABLISHMENT LABS INC,Health Care,0.00229
CAR,AVIS BUDGET GROUP INC,Industrials,0.00228
CPRI,CAPRI HOLDINGS LTD,Consumer Discretionary,0.00227
STRA,STRATEGIC EDUCATION,Consumer Discretionary,0.00227
PACS,PACS GROUP,Health Care,0.00226
NVAX,NOVAVAX,Health Care,0.00225
ASTH,ASTRANA HEALTH,Health Care,0.00224
CASH,PATHWARD FINANCIAL INC,Financials,0.00224
WABC,WESTAMERICA BANCORPORATION,Financials,0.00224
WHR,WHIRLPOOL,Consumer Discretionary,0.00223
NTST,NETSTREIT,Real Estate,0.00223
BFC,BANK FIRST CORP,Financials,0.00223
SLDE,SLIDE INSURANCE HOLDINGS,Financials,0.00223
MBX,MBX BIOSCIENCES,Health Care,0.00222
CTRI,CENTURI HOLDINGS INC,Industrials,0.00222
NSP,INSPERITY,Industrials,0.00222
ICHR,ICHOR HOLDINGS,Information Technology,0.00222
CCS,CENTURY COMMUNITIES INC,Consumer Discretionary,0.00221
WWW,WOLVERINE WORLD WIDE,Consumer Discretionary,0.00221
MQ,MARQETA CLASS A,Financials,0.0022
AMBQ,AMBIQ MICRO,Information Technology,0.0022
HCI,HCI GROUP INC,Financials,0.0022
BLX,BLADEX INC CLASS E,Financials,0.00219
NVCR,NOVOCURE,Health Care,0.00219
VIR,VIR BIOTECHNOLOGY,Health Care,0.00219
ACVA,ACV AUCTIONS CLASS A,Industrials,0.00219
ALGT,ALLEGIANT TRAVEL,Industrials,0.00218
NESR,NATIONAL ENERGY SERVICES REUNITED,Energy,0.00218
STBA,S AND T BANCORP INC,Financials,0.00217
ADNT,ADIENT PLC,Consumer Discretionary,0.00217
INFQ,INFLEQTION INC,Information Technology,0.00216
SPNT,SIRIUSPOINT,Financials,0.00216
IIPR,INNOVATIVE INDUSTRIAL PROPERTIES I,Real Estate,0.00216
MLYS,MINERALYS THERAPEUTICS,Health Care,0.00215
MCRI,MONARCH CASINO AND RESORT,Consumer Discretionary,0.00215
DOLE,DOLE PLC,Consumer Staples,0.00215
HCSG,HEALTHCARE SERVICES GROUP,Industrials,0.00215
NTLA,INTELLIA THERAPEUTICS,Health Care,0.00215
LUNR,INTUITIVE MACHINES INC CLASS A,Industrials,0.00214
ENR,ENERGIZER HOLDINGS INC,Consumer Staples,0.00214
CNOB,CONNECTONE BANCORP,Financials,0.00213
MLKN,MILLERKNOLL,Industrials,0.00213
EPC,EDGEWELL PERSONAL CARE,Consumer Staples,0.00212
RUN,SUNRUN INC,Industrials,0.00211
SGHC,SUPER GROUP,Consumer Discretionary,0.00211
LBTYK,LIBERTY GLOBAL LTD CLASS C,Communication,0.0021
DEI,DOUGLAS EMMETT REIT,Real Estate,0.0021
LBTYA,LIBERTY GLOBAL LTD CLASS A,Communication,0.00209
NAT,NORDIC AMERICAN TANKERS LTD,Energy,0.00209
MBC,MASTERBRAND,Industrials,0.00208
EFC,ELLINGTON FINANCIAL,Financials,0.00208
KMPR,KEMPER,Financials,0.00207
INGM,INGRAM MICRO HOLDING,Information Technology,0.00207
XPRO,EXPRO LTD,Energy,0.00207
WU,WESTERN UNION,Financials,0.00206
VIA,VIA TRANSPORTATION CLASS A,Information Technology,0.00205
ICFI,ICF INTERNATIONAL,Industrials,0.00205
NNI,NELNET CLASS A,Financials,0.00205
DBD,DIEBOLD NIXDORF INC,Information Technology,0.00205
PD,PAGERDUTY,Information Technology,0.00203
HE,HAWAIIAN ELECTRIC INDUSTRIES,Utilities,0.00203
IDT,IDT CLASS B,Communication,0.00202
OMCL,OMNICELL INC,Health Care,0.00202
LMAT,LEMAITRE VASCULAR,Health Care,0.00201
EFOR,EVERFORTH,Information Technology,0.00201
STC,STEWART INFO SERVICES CORP,Financials,0.00201
ALHC,ALIGNMENT HEALTHCARE,Health Care,0.00201
SCSC,SCANSOURCE,Information Technology,0.00201
ALNT,ALLIENT INC,Industrials,0.002
ACT,ENACT HOLDINGS INC,Financials,0.002
SAM,BOSTON BEER CLASS A,Consumer Staples,0.002
LIND,LINDBLAD EXPEDITIONS HOLDINGS,Consumer Discretionary,0.00199
VOYG,VOYAGER TECHNOLOGIES CLASS A,Industrials,0.00199
INVA,INNOVIVA,Health Care,0.00199
REX,REX AMERICAN RESOURCES,Energy,0.00199
BL,BLACKLINE,Information Technology,0.00199
UVE,UNIVERSAL INSURANCE HOLDINGS INC,Financials,0.00198
DJT,TRUMP MEDIA TECHNOLOGY GROUP,Communication,0.00198
SAFT,SAFETY INSURANCE GROUP INC,Financials,0.00198
TRS,TRIMAS,Materials,0.00197
ANIP,ANI PHARMACEUTICALS,Health Care,0.00197
NUVB,NUVATION BIO CLASS A,Health Care,0.00196
BTDR,BITDEER TECHNOLOGIES GROUP CLASS A,Information Technology,0.00196
HAPN,HAPPEN,Financials,0.00195
RARE,ULTRAGENYX PHARMACEUTICAL,Health Care,0.00195
CVI,CVR ENERGY INC,Energy,0.00194
ZYME,ZYMEWORKS,Health Care,0.00194
ALG,ALAMO GROUP,Industrials,0.00194
HOPE,HOPE BANCORP INC,Financials,0.00194
LZB,LA-Z-BOY INC,Consumer Discretionary,0.00193
USLM,UNITED STATES LIME AND MINERALS IN,Materials,0.00193
SEZL,SEZZLE INC,Financials,0.00193
SCL,STEPAN,Materials,0.00193
HUN,HUNTSMAN CORP,Materials,0.00192
TIC,TIC SOLUTIONS INC,Industrials,0.00191
PDFS,PDF SOLUTIONS,Information Technology,0.00191
PEBO,PEOPLES BANCORP INC,Financials,0.00191
TCBK,TRICO BANCSHARES,Financials,0.00191
GT,GOODYEAR TIRE & RUBBER,Consumer Discretionary,0.00191
DEC,DIVERSIFIED ENERGY COMPANY,Energy,0.0019
XNCR,XENCOR,Health Care,0.0019
BLFS,BIOLIFE SOLUTIONS,Health Care,0.0019
OCFC,OCEANFIRST FINANCIAL,Financials,0.0019
OMER,OMEROS,Health Care,0.0019
DCOM,DIME COMMERCIAL BANCSHARES,Financials,0.00188
GLOB,GLOBANT,Information Technology,0.00188
OBK,ORIGIN BANCORP INC,Financials,0.00188
ANAB,ANAPTYSBIO,Health Care,0.00186
CNMD,CONMED CORP,Health Care,0.00186
NSSC,NAPCO SECURITY TECHNOLOGIES,Information Technology,0.00185
APPN,APPIAN CORP CLASS A,Information Technology,0.00185
PLPC,PREFORMED LINE PRODUCTS,Industrials,0.00185
VISN,VISTANCE NETWORKS INC,Information Technology,0.00184
BJRI,BJS RESTAURANTS INC,Consumer Discretionary,0.00183
LILAK,LIBERTY LATIN AMERICA CLASS C,Communication,0.00183
AZTA,AZENTA,Health Care,0.00183
IMKTA,INGLES MARKETS CLASS A,Consumer Staples,0.00183
GENI,GENIUS SPORTS LTD,Consumer Discretionary,0.00183
SNDX,SYNDAX PHARMACEUTICALS,Health Care,0.00182
GRC,GORMAN-RUPP,Industrials,0.00181
OCUL,OCULAR THERAPEUTIX,Health Care,0.00179
HG,HAMILTON INSURANCE GROUP CLASS B,Financials,0.00179
ZG,ZILLOW GROUP CLASS A,Real Estate,0.00179
NBHC,NATIONAL BANK HOLDINGS CORP CLASS,Financials,0.00179
HLF,HERBALIFE LTD,Consumer Staples,0.00179
ODC,OIL DRI CORPORATION OF AMERICA,Consumer Staples,0.00179
ABSI,ABSCI CORP,Health Care,0.00179
PNTG,PENNANT GROUP,Health Care,0.00177
QNT,QUANTINUUM INC CLASS A,Information Technology,0.00177
CMPR,CIMPRESS PLC,Industrials,0.00177
TFIN,TRIUMPH FINANCIAL,Financials,0.00177
LNN,LINDSAY,Industrials,0.00177
STOK,STOKE THERAPEUTICS,Health Care,0.00176
AMSC,AMERICAN SUPERCONDUCTOR CORP,Industrials,0.00176
PUMP,PROPETRO HOLDING,Energy,0.00176
TRVI,TREVI THERAPEUTICS,Health Care,0.00176
TSHA,TAYSHA GENE THERAPIES,Health Care,0.00175
GBX,GREENBRIER,Industrials,0.00175
JBLU,JETBLUE AIRWAYS,Industrials,0.00175
WMK,WEIS MARKETS,Consumer Staples,0.00175
ATEC,ALPHATEC HOLDNGS,Health Care,0.00175
SRCE,1ST SOURCE,Financials,0.00174
WD,WALKER & DUNLOP INC,Financials,0.00174
YELP,YELP,Communication,0.00174
FMBH,FIRST MID BANCSHARES INC,Financials,0.00173
RUM,RUM GROUP CLASS A,Communication,0.00173
EYE,NATIONAL VISION HOLDINGS,Consumer Discretionary,0.00172
HLIT,HARMONIC,Information Technology,0.00172
GTY,GETTY REALTY REIT,Real Estate,0.00172
PRG,PROG HOLDINGS INC,Financials,0.00171
AMN,AMN HEALTHCARE,Health Care,0.00171
EVTC,EVERTEC INC,Financials,0.00171
FMNB,FARMERS NATIONAL BANC CORP,Financials,0.00171
FA,FIRST ADVANTAGE,Industrials,0.0017
CFFN,CAPITOL FEDERAL FINANCIAL INC,Financials,0.00169
SAIL,SAILPOINT,Information Technology,0.00169
LKFN,LAKELAND FINANCIAL CORP,Financials,0.00169
TMP,TOMPKINS FINANCIAL CORP,Financials,0.00169
SHLS,SHOALS TECHNOLOGIES GROUP CLASS A,Industrials,0.00169
CNXC,CONCENTRIX,Industrials,0.00168
PBLS,PARABILIS MEDICINES INC,Health Care,0.00168
HLMN,HILLMAN SOLUTIONS,Industrials,0.00168
WGS,GENEDX HOLDINGS CLASS A,Health Care,0.00168
VSTS,VESTIS,Industrials,0.00167
BZH,BEAZER HOMES,Consumer Discretionary,0.00167
FIGS,FIGS CLASS A,Consumer Discretionary,0.00166
DLO,DLOCAL CLASS A,Financials,0.00165
ROCK,GIBRALTAR INDUSTRIES,Industrials,0.00165
DCH,DAUCH CORPORATION,Consumer Discretionary,0.00164
PAX,PATRIA INVESTMENTS LTD CLASS A,Financials,0.00163
KOS,KOSMOS ENERGY,Energy,0.00163
UFCS,UNITED FIRE GROUP INC,Financials,0.00163
IART,INTEGRA LIFESCIENCES HOLDINGS,Health Care,0.00163
UNIT,UNITI GROUP INC,Communication,0.00162
NN,NEXTNAV,Information Technology,0.00162
SMBK,SMARTFINANCIAL INC,Financials,0.00162
RYZ,RYERSON HOLDING,Materials,0.00162
JJSF,J AND J SNACK FOODS CORP,Consumer Staples,0.00162
SLVM,SYLVAMO CORP,Materials,0.00162
REYN,REYNOLDS CONSUMER PRODUCTS INC,Consumer Staples,0.00161
BLSH,BULLISH,Financials,0.00161
ARX,ACCELERANT HOLDINGS CLASS A,Financials,0.0016
WEN,WENDYS,Consumer Discretionary,0.00159
GCT,GIGACLOUD TECHNOLOGY INC CLASS A,Consumer Discretionary,0.00159
LOB,LIVE OAK BANCSHARES,Financials,0.00158
ORC,ORCHID ISLAND CAPITAL INC,Financials,0.00158
AMPX,AMPRIUS TECHNOLOGIES INC,Industrials,0.00158
TNC,TENNANT,Industrials,0.00158
ADIG,ADI GLOBAL DISTRIBUTION,Information Technology,0.00158
RIGL,RIGEL PHARMACEUTICALS,Health Care,0.00158
CRI,CARTERS,Consumer Discretionary,0.00157
STUB,STUBHUB HOLDINGS INC CLASS A,Communication,0.00157
GIII,G III APPAREL GROUP LTD,Consumer Discretionary,0.00156
RCAT,RED CAT HOLDINGS INC,Industrials,0.00156
WLDN,WILLDAN GROUP,Industrials,0.00156
AI,C3 AI CLASS A,Information Technology,0.00155
USPH,US PHYSICAL THERAPY INC,Health Care,0.00155
BBAI,BIGBEAR.AI HOLDINGS,Information Technology,0.00155
DFIN,DONNELLEY FINANCIAL SOLUTIONS,Financials,0.00154
PDM,PIEDMONT REALTY TRUST CLASS A,Real Estate,0.00154
PCRX,PACIRA BIOSCIENCES,Health Care,0.00154
CBRL,CRACKER BARREL OLD COUNTRY STORE I,Consumer Discretionary,0.00154
MYE,MYERS INDUSTRIES INC,Materials,0.00154
FMC,FMC CORP,Materials,0.00153
NPKI,NPK INTERNATIONAL,Industrials,0.00153
GTM,ZOOMINFO TECHNOLOGIES,Communication,0.00153
GPRE,GREEN PLAINS,Energy,0.00152
HRTG,HERITAGE INSURANCE HOLDINGS INC,Financials,0.00152
UVSP,UNIVEST FINANCIAL CORP,Financials,0.00151
UMAC,UNUSUAL MACHINES INC,Information Technology,0.00151
SEB,SEABOARD,Consumer Staples,0.0015
HFWA,HERITAGE FINANCIAL CORP,Financials,0.0015
XPEL,XPEL,Consumer Discretionary,0.00149
VYX,NCR VOYIX,Information Technology,0.00149
REPL,REPLIMUNE GROUP,Health Care,0.00149
BKE,BUCKLE,Consumer Discretionary,0.00149
OSBC,OLD SECOND BANCORP INC,Financials,0.00149
IE,IVANHOE ELECTRIC,Materials,0.00148
LQDT,LIQUIDITY SERVICES INC,Industrials,0.00148
PAGS,PAGSEGURO DIGITAL LTD CLASS A,Financials,0.00148
RBCAA,REPUBLIC BANCORP INC CLASS A,Financials,0.00147
SBSI,SOUTHSIDE BANCSHARES INC,Financials,0.00147
PSNL,PERSONALIS,Health Care,0.00147
THRM,GENTHERM,Consumer Discretionary,0.00146
SGRY,SURGERY PARTNERS,Health Care,0.00146
GO,GROCERY OUTLET HOLDING,Consumer Staples,0.00146
DMRA,DAMORA THERAPEUTICS INC,Health Care,0.00146
CRAI,CRA INTERNATIONAL INC,Industrials,0.00146
DPC,DPC HOLDINGS PLC,Industrials,0.00145
ZBIO,ZENAS BIOPHARMA,Health Care,0.00145
KOPN,KOPIN CORP,Information Technology,0.00145
LGIH,LGI HOMES,Consumer Discretionary,0.00145
CTBI,COMMUNITY TRUST BANCORP,Financials,0.00145
BRSL,BRIGHTSTAR LOTTERY PLC,Consumer Discretionary,0.00145
TRST,TRUSTCO BANK CORP,Financials,0.00144
HZO,MARINEMAX INC,Consumer Discretionary,0.00144
STAA,STAAR SURGICAL,Health Care,0.00144
CPF,CENTRAL PACIFIC FINANCIAL CORP,Financials,0.00144
FRVO,FERVO ENERGY CLASS A,Utilities,0.00144
PPC,PILGRIMS PRIDE CORP,Consumer Staples,0.00144
CRK,COMSTOCK RESOURCES,Energy,0.00143
FLO,FLOWERS FOODS INC,Consumer Staples,0.00143
SNDA,SONIDA SENIOR LIVING,Health Care,0.00143
WS,WORTHINGTON STEEL INC,Materials,0.00142
MSEX,MIDDLESEX WATER,Utilities,0.00142
GSHD,GOOSEHEAD INSURANCE CLASS A,Financials,0.00142
AMPH,AMPHASTAR PHARMACEUTICALS,Health Care,0.00142
MBWM,MERCANTILE BANK CORP,Financials,0.00142
UVV,UNIVERSAL,Consumer Staples,0.00141
STGW,STAGWELL CLASS A,Communication,0.00141
HOS,HORNBECK OFFSHORE SERVICES,Other,0.0014
BRBR,BELLRING BRANDS,Consumer Staples,0.0014
RUSHB,RUSH ENTERPRISES CLASS B,Industrials,0.0014
NP,NEPTUNE INSURANCE HOLDINGS CLASS A,Financials,0.0014
HYMC,HYCROFT MINING HOLDING CORP CLASS,Materials,0.0014
INVX,INNOVEX INTERNATIONAL INC,Energy,0.00139
MNKD,MANNKIND,Health Care,0.00139
DMC,DEL MONTE,Consumer Staples,0.00139
ESQ,ESQUIRE FINANCIAL HOLDINGS INC,Financials,0.00138
BY,BYLINE BANCORP INC,Financials,0.00138
TNDM,TANDEM DIABETES CARE,Health Care,0.00138
ARLO,ARLO TECHNOLOGIES,Information Technology,0.00137
CNXN,PC CONNECTION INC,Information Technology,0.00136
BHRB,BURKE HERBERT FINANCIAL SERVICES C,Financials,0.00136
FUN,SIX FLAGS ENTERTAINMENT CORP,Consumer Discretionary,0.00136
GLUE,MONTE ROSA THERAPEUTICS,Health Care,0.00135
SFD,SMITHFIELD FOODS INC,Consumer Staples,0.00135
ORRF,ORRSTOWN FINANCIAL SERVICES INC,Financials,0.00135
COTY,COTY INC CLASS A,Consumer Staples,0.00135
AAT,AMERICAN ASSETS TRUST REIT,Real Estate,0.00135
KFRC,KFORCE,Industrials,0.00134
APPS,DIGITAL TURBINE,Information Technology,0.00134
CERT,CERTARA,Health Care,0.00134
SIBN,SI BONE,Health Care,0.00134
SEPN,SEPTERNA,Health Care,0.00134
TRAX,FIRST TRACKS BIOTHERAPEUTICS INC,Health Care,0.00133
PWP,PERELLA WEINBERG PARTNERS CLASS A,Financials,0.00133
CRVS,CORVUS PHARMACEUTICALS,Health Care,0.00132
CNNE,CANNAE HOLDINGS INC,Financials,0.00132
DNA,GINKGO BIOWORKS HOLDINGS CLASS A,Health Care,0.00132
MCBS,METROCITY BANKSHARES INC,Financials,0.00132
EOSE,EOS ENERGY ENTERPRISES CLASS A,Industrials,0.00132
CSR,CENTERSPACE,Real Estate,0.00131
UTI,UNIVERSAL TECHNICAL INSTITUTE,Consumer Discretionary,0.00131
NWPX,NWPX INFRASTRUCTURE,Industrials,0.00131
ENOV,ENOVIS CORP,Health Care,0.00131
MBIN,MERCHANTS BANCORP,Financials,0.00131
CBL,CBL ASSOCIATES PROPERTIES,Real Estate,0.00131
AGL,AGILON HEALTH,Health Care,0.0013
UPBD,UPBOUND GROUP,Consumer Discretionary,0.0013
TDOC,TELADOC HEALTH INC,Health Care,0.0013
DLX,DELUXE,Industrials,0.0013
HAFC,HANMI FINANCIAL CORP,Financials,0.0013
LADR,LADDER CAPITAL CORP CLASS A,Financials,0.00129
PRSU,PURSUIT ATTRACTIONS AND HOSPITALIT,Consumer Discretionary,0.00129
ATEX,ANTERIX,Communication,0.00129
VTOL,BRISTOW GROUP,Energy,0.00129
ECVT,ECOVYST,Materials,0.00128
DJCO,DAILY JOURNAL,Information Technology,0.00128
ALH,ALLIANCE LAUNDRY HOLDINGS,Industrials,0.00128
CGEM,CULLINAN THERAPEUTICS,Health Care,0.00128
PRCT,PROCEPT BIOROBOTICS,Health Care,0.00128
MCHB,MECHANICS BANCORP CLASS A,Financials,0.00128
RAPP,RAPPORT THERAPEUTICS,Health Care,0.00127
CARE,CARTER BANKSHARES INC,Financials,0.00127
APOG,APOGEE ENTERPRISES INC,Industrials,0.00127
MWH,SOLV ENERGY CLASS A INC,Industrials,0.00127
TTI,TETRA TECHNOLOGIES,Energy,0.00126
AVAH,AVEANNA HEALTHCARE HOLDINGS INC,Health Care,0.00126
TFSL,TFS FINANCIAL CORP,Financials,0.00126
ELE,ELEMENTAL ROYALTY CORP,Materials,0.00126
HTB,HOMETRUST BANCSHARES INC,Financials,0.00126
MUX,MCEWEN INC,Materials,0.00125
TCBX,THIRD COAST BANCSHARES INC,Financials,0.00125
SXC,SUNCOKE ENERGY INC,Materials,0.00125
ASC,ARDMORE SHIPPING CORP,Energy,0.00125
BORR,BORR DRILLING,Energy,0.00125
OI,O I GLASS,Materials,0.00125
COUR,COURSERA,Consumer Discretionary,0.00125
CVLG,COVENANT LOGISTICS GROUP INC CLASS,Industrials,0.00125
PLSE,PULSE BIOSCIENCES INC,Health Care,0.00125
UPWK,UPWORK,Industrials,0.00125
WLTH,WEALTHFRONT,Financials,0.00125
LINC,LINCOLN EDUCATIONAL SERVICES CORP,Consumer Discretionary,0.00125
GRDN,GUARDIAN PHARMACY SERVICES CLASS A,Health Care,0.00124
ALKT,ALKAMI TECHNOLOGY,Information Technology,0.00124
EIG,EMPLOYERS HOLDINGS,Financials,0.00124
ASTE,ASTEC INDUSTRIES,Industrials,0.00124
FSUN,FIRSTSUN CAPITAL BANCORP,Financials,0.00124
KOP,KOPPERS HOLDINGS INC,Materials,0.00123
AORT,ARTIVION,Health Care,0.00123
NRIM,NORTHRIM BANCORP INC,Financials,0.00123
FET,FORUM ENERGY TECHNOLOGIES INC,Energy,0.00123
TPB,TURNING POINT BRANDS,Consumer Staples,0.00123
SCHL,SCHOLASTIC,Communication,0.00123
VSTM,VERASTEM INC,Health Care,0.00123
NPK,NATIONAL PRESTO INDUSTRIES INC,Industrials,0.00123
HSHP,HIMALAYA SHIPPING LTD,Industrials,0.00122
FCEL,FUELCELL ENERGY INC,Industrials,0.00122
GHM,GRAHAM CORP,Industrials,0.00122
UMH,UMH PROPERTIES INC,Real Estate,0.00122
DEA,EASTERLY GOVERNMENT PROPERTIES INC,Real Estate,0.00122
ACHV,ACHIEVE LIFE SCIENCES,Health Care,0.00121
AMAL,AMALGAMATED FINANCIAL CORP,Financials,0.00121
IRMD,IRADIMED,Health Care,0.00121
WINA,WINMARK,Consumer Discretionary,0.00121
DAKT,DAKTRONICS INC,Information Technology,0.00121
CCO,CLEAR CHANNEL OUTDOOR HOLDINGS INC,Communication,0.00121
MFA,MFA FINANCIAL,Financials,0.00121
VOR,VOR BIOPHARMA,Health Care,0.00119
OMDA,OMADA HEALTH,Health Care,0.00119
CSQR,CSQUARE INC,Information Technology,0.00119
VPG,VISHAY PRECISION GROUP,Information Technology,0.00119
FRMI,FERMI INC,Real Estate,0.00119
AMPL,AMPLITUDE CLASS A,Information Technology,0.00119
CNA,CNA FINANCIAL CORP,Financials,0.00119
REAL,THE REALREAL,Consumer Discretionary,0.00119
GNK,GENCO SHIPPING AND TRADING,Industrials,0.00119
TRIP,TRIPADVISOR,Communication,0.00118
TRNS,TRANSCAT,Industrials,0.00117
NBBK,NB BANCORP INC,Financials,0.00117
NAVI,NAVIENT,Financials,0.00117
VRTS,VIRTUS INVESTMENT PARTNERS,Financials,0.00117
ORIC,ORIC PHARMACEUTICALS,Health Care,0.00117
TRUP,TRUPANION,Financials,0.00116
WVE,WAVE LIFE SCIENCES INC,Health Care,0.00116
MRVI,MARAVAI LIFESCIENCES HOLDINGS INC,Health Care,0.00116
SGMT,SAGIMET BIOSCIENCES SERIES A,Health Care,0.00116
NUTX,NUTEX HEALTH INC,Health Care,0.00116
FBIZ,FIRST BUSINESS FINANCIAL SERVICES,Financials,0.00116
LBRX,LB PHARMACEUTICALS INC,Health Care,0.00116
JANX,JANUX THERAPEUTICS,Health Care,0.00115
AMTB,AMERANT BANCORP CLASS A,Financials,0.00115
ABUS,ARBUTUS BIOPHARMA CORP,Health Care,0.00115
PFIS,PEOPLES FINANCIAL SERVICES CORP,Financials,0.00114
CODI,COMPASS DIVERSIFIED,Financials,0.00114
FLNG,FLEX LNG,Energy,0.00114
NX,QUANEX BUILDING PRODUCTS CORP,Industrials,0.00114
AVBP,ARRIVENT BIOPHARMA,Health Care,0.00113
NIQ,NIQ GLOBAL INTELLIGENCE PLC,Communication,0.00113
UTZ,UTZ BRANDS CLASS A,Consumer Staples,0.00113
NVGS,NAVIGATOR HOLDINGS,Energy,0.00113
CCBG,CAPITAL CITY BANK INC,Financials,0.00113
PFBC,PREFERRED BANK,Financials,0.00112
SMPL,THE SIMPLY GOOD FOODS COMPANY,Consumer Staples,0.00112
SATL,SATELLOGIC CLASS A,Industrials,0.00112
ANNX,ANNEXON,Health Care,0.00112
TE,T1 ENERGY,Information Technology,0.00112
GOLD,GOLD INC,Consumer Discretionary,0.00112
PLOW,DOUGLAS DYNAMICS INC,Industrials,0.00111
CADL,CANDEL THERAPEUTICS INC,Health Care,0.00111
EGBN,EAGLE BANCORP,Financials,0.00111
HYLN,HYLIION HOLDINGS CORP,Industrials,0.00111
SG,SWEETGREEN CLASS A,Consumer Discretionary,0.00111
UA,UNDER ARMOUR INC CLASS C,Consumer Discretionary,0.0011
STTK,SHATTUCK LABS INC,Health Care,0.0011
MCB,METROPOLITAN BANK HOLDING CORP,Financials,0.0011
LWLG,LIGHTWAVE LOGIC,Information Technology,0.0011
UAA,UNDER ARMOUR INC CLASS A,Consumer Discretionary,0.00109
HROW,HARROW,Health Care,0.00109
WOLF,WOLFSPEED INC,Information Technology,0.00108
PGC,PEAPACK GLADSTONE FINANCIAL CORP,Financials,0.00108
SVRA,SAVARA,Health Care,0.00108
PUBM,PUBMATIC CLASS A,Communication,0.00108
BBSI,BARRETT BUSINESS SERVICES INC,Industrials,0.00108
FOXF,FOX FACTORY HOLDING,Consumer Discretionary,0.00107
AESI,ATLAS ENERGY SOLUTIONS,Energy,0.00107
ZVRA,ZEVRA THERAPEUTICS INC,Health Care,0.00107
AFRI,FORAFRIC GLOBAL PLC,Consumer Staples,0.00107
VERX,VERTEX CLASS A,Information Technology,0.00107
BBNX,BETA BIONICS,Health Care,0.00107
SWBI,SMITH WESSON BRANDS INC,Consumer Discretionary,0.00107
JBIO,JADE BIOSCIENCES,Health Care,0.00106
FCBC,FIRST COMMUNITY BANKSHARES INC,Financials,0.00106
YSS,YORK SPACE SYSTEMS INC,Industrials,0.00106
CAC,CAMDEN NATIONAL CORP,Financials,0.00106
WGO,WINNEBAGO INDUSTRIES,Consumer Discretionary,0.00106
MCS,THE MARCUS CORP,Communication,0.00106
CLVT,CLARIVATE PLC,Industrials,0.00106
TK,TEEKAY CORPORATION CORP LTD,Energy,0.00106
NHP,NATIONAL HEALTHCARE PROPERTIES CLA,Real Estate,0.00106
ILPT,INDUSTRIAL LOGISTICS PROPERTIES TR,Real Estate,0.00105
BUR,BURFORD CAPITAL LTD,Financials,0.00105
RVLV,REVOLVE GROUP CLASS A,Consumer Discretionary,0.00105
TGLS,TECNOGLASS HOLDINGS,Industrials,0.00105
THFF,FIRST FINANCIAL CORPORATION CORP,Financials,0.00105
CIM,CHIMERA INVESTMENT,Financials,0.00104
ACRS,ACLARIS THERAPEUTICS,Health Care,0.00104
BLZE,BACKBLAZE INC CLASS A,Information Technology,0.00104
GERN,GERON,Health Care,0.00104
BVS,BIOVENTUS CLASS A,Health Care,0.00104
RRBI,RED RIVER BANCSHARES INC,Financials,0.00104
HSTM,HEALTHSTREAM,Health Care,0.00104
COLL,COLLEGIUM PHARMACEUTICAL,Health Care,0.00103
PBYI,PUMA BIOTECHNOLOGY INC,Health Care,0.00103
BW,BABCOCK AND WILCOX ENTERPRISES,Industrials,0.00103
MTW,MANITOWOC INC,Industrials,0.00103
LZ,LEGALZOOM COM,Industrials,0.00102
NEXT,NEXTDECADE,Energy,0.00102
MPB,MID PENN BANCORP INC,Financials,0.00102
INBX,INHIBRX BIOSCIENCES INC,Health Care,0.00102
NEXN,NEXXEN INTERNATIONAL LTD,Communication,0.00102
SVC,SERVICE PROPERTIES TRUST,Real Estate,0.00102
SAH,SONIC AUTOMOTIVE INC CLASS A,Consumer Discretionary,0.00102
DRVN,DRIVEN BRANDS HOLDINGS,Consumer Discretionary,0.00102
GSBC,GREAT SOUTHERN BANCORP INC,Financials,0.00102
ACNB,ACNB CORP,Financials,0.00102
CBLL,CERIBELL,Health Care,0.00102
MSBI,MIDLAND STATES BANCORP INC,Financials,0.00102
HIPO,HIPPO HOLDINGS,Financials,0.00101
CMP,COMPASS MINERALS INTERNATIONAL,Materials,0.00101
BFST,BUSINESS FIRST BANCSHARES INC,Financials,0.00101
FIZZ,NATIONAL BEVERAGE,Consumer Staples,0.00101
HBNC,HORIZON BANCORP INC,Financials,0.00101
ANRO,ALTO NEUROSCIENCE INC,Health Care,0.00101
OSPN,ONESPAN,Information Technology,0.001
IMMX,IMMIX BIOPHARMA,Health Care,0.001
RDVT,RED VIOLET INC,Information Technology,0.001
CARS,CARS.COM INC,Communication,0.001
CCSI,CONSENSUS CLOUD SOLUTIONS INC,Information Technology,0.001
ADAM,ADAMAS,Financials,0.00099
NRGV,ENERGY VAULT HOLDINGS,Industrials,0.00099
CEVA,CEVA,Information Technology,0.00099
LIF,LIFE360,Information Technology,0.00099
AVO,MISSION PRODUCE INC,Consumer Staples,0.00098
AIP,ARTERIS INC,Information Technology,0.00098
KODK,EASTMAN KODAK,Information Technology,0.00098
OBT,ORANGE COUNTY BANCORP INC,Financials,0.00098
SENEA,SENECA FOODS CLASS A,Consumer Staples,0.00098
HBCP,HOME BANCORP INC,Financials,0.00098
NTGR,NETGEAR,Information Technology,0.00098
FEIM,FREQUENCY ELECTRONICS INC,Information Technology,0.00098
STLN,STARLING ONCOLOGY,Health Care,0.00098
PLGO,PELAGOS INSURANCE CAPITAL LTD,Financials,0.00098
PMT,PENNYMAC MORTGAGE INVESTMENT TRUST,Financials,0.00097
MGTX,MEIRAGTX HOLDINGS PLC,Health Care,0.00097
FLNC,FLUENCE ENERGY INC CLASS A,Industrials,0.00097
SMP,STANDARD MOTOR PRODUCTS INC,Consumer Discretionary,0.00097
UNTY,UNITY BANCORP INC,Financials,0.00097
CBC,CENTRAL BANCOMPANY CLASS A,Financials,0.00097
GLIBK,LIBERTY CAPITAL SERIES C,Communication,0.00097
FG,F&G ANNUITIES AND LIFE INC,Financials,0.00097
BCML,BAYCOM CORP,Financials,0.00097
BCAL,CALIFORNIA BANCORP,Financials,0.00097
DC,DAKOTA GOLD CORP,Materials,0.00097
LXU,LSB INDUSTRIES,Materials,0.00096
ITIC,INVESTORS TITLE,Financials,0.00096
PKE,PARK AEROSPACE CORP,Industrials,0.00096
MTUS,METALLUS INC,Materials,0.00096
PDLB,PONCE FINANCIAL GROUP INC,Financials,0.00096
APEI,AMERICAN PUBLIC EDUCATION,Consumer Discretionary,0.00096
ARDX,ARDELYX,Health Care,0.00096
ZGN,ERMENEGILDO ZEGNA NV,Consumer Discretionary,0.00095
PRAA,PRA GROUP INC,Financials,0.00095
BHB,BAR HARBOR BANKSHARES,Financials,0.00095
BLMN,BLOOMIN BRANDS INC,Consumer Discretionary,0.00095
NECB,NORTHEAST COMMUNITY BANCORP INC,Financials,0.00095
LYTS,LSI INDUSTRIES INC,Industrials,0.00095
JMKE,JERSEY MIKES SUBS INC CLASS A,Consumer Discretionary,0.00095
CSTL,CASTLE BIOSCIENCES,Health Care,0.00095
CWBC,COMMUNITY WEST BANCSHARES,Financials,0.00095
EQBK,EQUITY BANCSHARES INC CLASS A,Financials,0.00095
MRTN,MARTEN TRANSPORT,Industrials,0.00094
OIS,OIL STATES INTERNATIONAL,Energy,0.00094
TH,TARGET HOSPITALITY,Consumer Discretionary,0.00094
AROW,ARROW FINANCIAL CORP,Financials,0.00094
BATRA,ATLANTA BRAVES HOLDINGS SERIES A,Communication,0.00094
NVCT,NUVECTIS PHARMA INC,Health Care,0.00093
SABR,SABRE,Consumer Discretionary,0.00093
JBGS,JBG SMITH PROPERTIES,Real Estate,0.00093
MLAB,MESA LABORATORIES,Health Care,0.00093
CASS,CASS INFORMATION SYSTEMS INC,Financials,0.00093
BALY,BALLY S,Consumer Discretionary,0.00093
HBT,HBT FINANCIAL INC,Financials,0.00093
AKTS,AKTIS ONCOLOGY INC,Health Care,0.00093
KMTS,KESTRA MEDICAL TECHNOLOGIES,Health Care,0.00093
OVID,OVID THERAPEUTICS,Health Care,0.00093
KURA,KURA ONCOLOGY,Health Care,0.00092
HELE,HELEN OF TROY LTD,Consumer Discretionary,0.00092
BKSY,BLACKSKY TECHNOLOGY CLASS A,Industrials,0.00092
FDMT,4D MOLECULAR THERAPEUTICS INC,Health Care,0.00092
FWRG,FIRST WATCH RESTAURANT GROUP,Consumer Discretionary,0.00092
LZM,LIFEZONE METALS LTD,Materials,0.00092
VREX,VAREX IMAGING,Health Care,0.00092
FISI,FINANCIAL INSTITUTIONS INC,Financials,0.00092
MITK,MITEK SYSTEMS INC,Information Technology,0.00092
SMBC,SOUTHERN MISSOURI BANCORP INC,Financials,0.00092
QNST,QUINSTREET INC,Communication,0.00091
WLFC,WILLIS LEASE FINANCE,Industrials,0.00091
MDWD,MEDIWOUND LTD,Health Care,0.00091
AOSL,ALPHA AND OMEGA SEMICONDUCTOR,Information Technology,0.00090
QDEL,QUIDELORTHO CORP,Health Care,0.00090
ALRS,ALERUS FINANCIAL CORP,Financials,0.00090
RPD,RAPID7,Information Technology,0.00090
AVLN,AVALYN PHARMA INC,Health Care,0.00090
PZZA,PAPA JOHNS INTERNATIONAL INC,Consumer Discretionary,0.00090
CRMD,CORMEDIX,Health Care,0.00090
COFS,CHOICEONE FINANCIAL SERVICES INC,Financials,0.00090
IBCP,INDEPENDENT BANK CORP,Financials,0.00089
CYRX,CRYOPORT,Health Care,0.00089
UTL,UNITIL CORP,Utilities,0.00089
GDOT,GREEN DOT CLASS A,Financials,0.00089
RGR,STURM RUGER,Consumer Discretionary,0.00089
AMBP,ARDAGH METAL PACKAGING SA,Materials,0.00089
HOV,HOVNANIAN ENTERPRISES CLASS A,Consumer Discretionary,0.00088
NBR,NABORS INDUSTRIES,Energy,0.00088
SFST,SOUTHERN FIRST BANCSHARES INC,Financials,0.00088
MMED,MINIMED INC,Health Care,0.00088
SAFE,SAFEHOLD INC,Real Estate,0.00088
TSBK,TIMBERLAND BANCORP INC,Financials,0.00087
CLDT,CHATHAM LODGING TRUST REIT,Real Estate,0.00087
MMI,MARCUS & MILLICHAP INC,Real Estate,0.00087
CDRE,CADRE HOLDINGS INC,Industrials,0.00087
INN,SUMMIT HOTEL PROPERTIES REIT,Real Estate,0.00087
SLDB,SOLID BIOSCIENCES INC,Health Care,0.00087
LCLN,LINCOLN INTERNATIONAL INC CLASS A,Financials,0.00087
FOR,FORESTAR GROUP INC,Real Estate,0.00087
BXC,BLUELINX HOLDINGS,Industrials,0.00087
IBTA,IBOTTA CLASS A,Communication,0.00087
EVC,ENTRAVISION COMMUNICATIONS CORP CL,Communication,0.00087
BCAX,BICARA THERAPEUTICS INC,Health Care,0.00087
COAG,HEMAB THERAPEUTICS HOLDINGS INC,Health Care,0.00086
WRLD,WORLD ACCEPTANCE CORP,Financials,0.00086
AVTX,AVALO THERAPEUTICS,Health Care,0.00086
CCNE,CNB FINANCIAL CORP,Financials,0.00086
GCMG,GCM GROSVENOR CLASS A,Financials,0.00085
CBIO,CRESCENT BIOPHARMA,Health Care,0.00085
LPTH,LIGHTPATH TECHNOLOGIES INC CLASS A,Information Technology,0.00085
GIC,GLOBAL INDUSTRIAL,Industrials,0.00085
KE,KIMBALL ELECTRONICS INC,Information Technology,0.00085
IRWD,IRONWOOD PHARMA CLASS A,Health Care,0.00085
AMRC,AMERESCO INC CLASS A,Industrials,0.00085
ALMS,ALUMIS,Health Care,0.00084
MVBF,MVB FINANCIAL CORP,Financials,0.00084
TDAY,USA TODAY INC,Communication,0.00084
HPP,HUDSON PACIFIC PROPERTIES REIT,Real Estate,0.00084
KELYA,KELLY SERVICES INC CLASS A,Industrials,0.00084
WSBF,WATERSTONE FINANCIAL INC,Financials,0.00084
BWB,BRIDGEWATER BANCSHARES INC,Financials,0.00084
FSBC,FIVE STAR BANCORP,Financials,0.00084
PRKS,UNITED PARKS AND RESORTS,Consumer Discretionary,0.00084
MLR,MILLER INDUSTRIES INC,Industrials,0.00083
CLYM,CLIMB BIO INC,Health Care,0.00083
TCMD,TACTILE SYSTEMS TECHNOLOGY,Health Care,0.00083
OPK,OPKO HEALTH,Health Care,0.00083
YEXT,YEXT,Information Technology,0.00083
WTBA,WEST BANCORPORATION INC,Financials,0.00083
FRBA,FIRST BANK,Financials,0.00083
LOCO,EL POLLO LOCO INC,Consumer Discretionary,0.00083
BRSP,BRIGHTSPIRE CAPITAL CLASS A,Financials,0.00083
ARRY,ARRAY TECHNOLOGIES INC,Industrials,0.00082
CTKB,CYTEK BIOSCIENCES,Health Care,0.00082
XE,X-ENERGY INC CLASS A,Industrials,0.00082
EVLV,EVOLV TECHNOLOGIES HOLDINGS CLASS,Information Technology,0.00082
GLRE,GREENLIGHT CAPITAL LTD CLASS A,Financials,0.00082
AVR,ANTERIS TECHNOLOGIES GLOBAL CORP,Health Care,0.00082
MATV,MATIV HOLDINGS,Materials,0.00082
ASAN,ASANA CLASS A,Information Technology,0.00082
CTOS,CUSTOM TRUCK ONE SOURCE,Industrials,0.00081
MAMA,MAMAS CREATIONS INC,Consumer Staples,0.00081
USGO,US GOLDMINING INC,Materials,0.00081
WNC,WABASH NATIONAL,Industrials,0.00081
ANGO,ANGIODYNAMICS,Health Care,0.00081
CTMX,CYTOMX THERAPEUTICS,Health Care,0.00081
CIVB,CIVISTA BANCSHARES INC,Financials,0.00081
EE,EXCELERATE ENERGY CLASS A,Energy,0.00080
EGY,VAALCO ENERGY INC,Energy,0.00080
JBI,JANUS INTERNATIONAL GROUP,Industrials,0.00080
AQST,AQUESTIVE THERAPEUTICS,Health Care,0.00079
NBN,NORTHEAST BANK,Financials,0.00079
ESRT,EMPIRE STATE REALTY REIT CLASS A,Real Estate,0.00079
MDXG,MIMEDX GROUP,Health Care,0.00079
LXRX,LEXICON PHARMACEUTICALS,Health Care,0.00079
SHBI,SHORE BANCSHARES INC,Financials,0.00078
MAZE,MAZE THERAPEUTICS,Health Care,0.00078
TATT,TAT TECHNOLOGIES LTD,Industrials,0.00078
MATW,MATTHEWS INTERNATIONAL CORP CLASS,Consumer Discretionary,0.00078
ABR,ARBOR REALTY TRUST REIT,Financials,0.00078
NPCE,NEUROPACE,Health Care,0.00078
SHEN,SHENANDOAH TELECOMMUNICATIONS,Communication,0.00077
FMAO,FARMERS AND MERCHANTS BANCORP INC,Financials,0.00077
OOMA,OOMA,Information Technology,0.00077
SBGI,SINCLAIR CLASS A,Communication,0.00077
PAYS,PAYSIGN INC,Financials,0.00076
BOW,BOWHEAD SPECIALTY HOLDINGS,Financials,0.00076
OCGN,OCUGEN,Health Care,0.00076
FRST,PRIMIS FINANCIAL CORP,Financials,0.00076
NVRI,ENVIRI CORP,Industrials,0.00076
EVER,EVERQUOTE CLASS A,Communication,0.00075
CSIQ,CANADIAN SOLAR,Information Technology,0.00075
IDR,IDAHO STRATEGIC RESOURCES INC,Materials,0.00075
FBRT,FRANKLIN BSP REALTY TRUST,Financials,0.00075
CXM,SPRINKLR CLASS A,Information Technology,0.00075
SPFI,SOUTH PLAINS FINANCIAL INC,Financials,0.00075
OLMA,OLEMA PHARMACEUTICALS,Health Care,0.00074
EBF,ENNIS INC,Industrials,0.00074
MOV,MOVADO GROUP INC,Consumer Discretionary,0.00074
CZNC,CITIZENS AND NORTHERN CORP,Financials,0.00074
TYRA,TYRA BIOSCIENCES,Health Care,0.00073
KRNY,KEARNY FINANCIAL CORP,Financials,0.00073
PTRN,PATTERN GROUP SERIES A,Consumer Discretionary,0.00073
IIIN,INSTEEL INDUSTRIES INC,Industrials,0.00073
CRML,CRITICAL METALS CORP,Materials,0.00073
MNPR,MONOPAR THERAPEUTICS,Health Care,0.00073
ACEL,ACCEL ENTERTAINMENT CLASS A,Consumer Discretionary,0.00072
UHAL,U HAUL HOLDING,Industrials,0.00072
FSBW,FS BANCORP INC,Financials,0.00072
SANA,SANA BIOTECHNOLOGY,Health Care,0.00072
BWMN,BOWMAN CONSULTING GROUP,Industrials,0.00072
HNRG,HALLADOR ENERGY,Utilities,0.00072
BTBT,BIT DIGITAL,Information Technology,0.00071
DSGR,DISTRIBUTION SOLUTIONS GROUP,Industrials,0.00071
BDN,BRANDYWINE REALTY TRUST REIT,Real Estate,0.00071
BV,BRIGHTVIEW HOLDINGS,Industrials,0.00071
ALX,ALEXANDERS REIT INC,Real Estate,0.00071
CPS,COOPER STANDARD HOLDINGS,Consumer Discretionary,0.00071
LCID,LUCID GROUP,Consumer Discretionary,0.00070
CRSR,CORSAIR GAMING INC,Information Technology,0.00070
NVEC,NVE CORP,Information Technology,0.00070
TRC,TEJON RANCH,Real Estate,0.00070
CTO,CTO REALTY GROWTH INC,Real Estate,0.00070
HIFS,HINGHAM INSTITUTION FOR SAVINGS,Financials,0.00070
HTLD,HEARTLAND EXPRESS INC,Industrials,0.00070
JMSB,JOHN MARSHALL BANCORP INC,Financials,0.00069
PAHC,PHIBRO ANIMAL HEALTH CORP CLASS A,Health Care,0.00069
PAR,PAR TECHNOLOGY,Information Technology,0.00069
TROX,TRONOX HOLDINGS PLC,Materials,0.00069
TTAM,TITAN AMERICA SA,Materials,0.00069
PANL,PANGAEA LOGISTICS SOLUTIONS,Industrials,0.00069
WASH,WASHINGTON TRUST BANCORP INC,Financials,0.00069
CAL,CALERES INC,Consumer Discretionary,0.00068
MEI,METHODE ELECTRONICS,Information Technology,0.00068
ACTG,ACACIA RESEARCH,Financials,0.00068
TITN,TITAN MACHINERY INC,Industrials,0.00068
SD,SANDRIDGE ENERGY INC,Energy,0.00068
VRRM,VERRA MOBILITY CLASS A,Industrials,0.00068
BKV,BKV,Energy,0.00068
CWCO,CONSOLIDATED WATER LTD,Utilities,0.00067
GRPN,GROUPON,Consumer Discretionary,0.00067
REPX,RILEY EXPLORATION PERMIAN INC,Energy,0.00067
KLRA,KAILERA THERAPEUTICS INC,Health Care,0.00067
JBSS,JOHN B SANFILIPPO AND SON,Consumer Staples,0.00067
RYAM,RAYONIER ADVANCED MATERIALS,Materials,0.00066
FLOC,FLOWCO HOLDINGS CLASS A,Energy,0.00066
PSIX,POWER SOLUTIONS INTERNATIONAL,Industrials,0.00066
ETD,ETHAN ALLEN INTERIORS,Consumer Discretionary,0.00065
ADTN,ADTRAN HOLDINGS INC,Information Technology,0.00065
RBB,RBB BANCORP,Financials,0.00065
FNLC,FIRST BANCORP INC,Financials,0.00065
PHR,PHREESIA,Health Care,0.00065
DIN,DINE BRANDS GLOBAL,Consumer Discretionary,0.00065
ARHS,ARHAUS CLASS A,Consumer Discretionary,0.00065
FDBC,FIDELITY D AND D BANCORP INC,Financials,0.00065
SPT,SPROUT SOCIAL CLASS A,Information Technology,0.00065
CLPT,CLEARPOINT NEURO INC,Health Care,0.00064
LXFR,LUXFER HOLDINGS PLC,Industrials,0.00064
HVT,HAVERTY FURNITURE COMPANIES INC,Consumer Discretionary,0.00064
DGICA,DONEGAL GROUP INC CLASS A,Financials,0.00064
ASIX,ADVANSIX,Materials,0.00064
ONT,ONTERRIS,Industrials,0.00064
PCT,PURECYCLE TECHNOLOGIES,Materials,0.00063
PRTH,PRIORITY TECHNOLOGY HOLDINGS INC,Financials,0.00063
GOOD,GLADSTONE COMMERCIAL REIT CORP,Real Estate,0.00063
TECX,TECTONIC THERAPEUTIC,Health Care,0.00063
UHT,UNIVERSAL HEALTH REALTY INCOME TRU,Real Estate,0.00063
PACB,PACIFIC BIOSCIENCES OF CALIFORNIA,Health Care,0.00063
NGNE,NEUROGENE,Health Care,0.00063
RWT,REDWOOD TRUST REIT,Financials,0.00062
LMB,LIMBACH HOLDINGS INC,Industrials,0.00062
BMRC,BANK OF MARIN BANCORP,Financials,0.00062
MBUU,MALIBU BOATS CLASS A INC,Consumer Discretionary,0.00061
CYH,COMMUNITY HEALTH SYSTEMS INC,Health Care,0.00061
SRTA,STRATA CRITICAL MEDICAL CLASS A,Health Care,0.00061
NXRT,NEXPOINT RESIDENTIAL TRUST INC,Real Estate,0.00061
CLB,CORE LABORATORIES,Energy,0.00061
ANIK,ANIKA THERAPEUTICS INC,Health Care,0.00061
ARCT,ARCTURUS THERAPEUTICS HOLDINGS INC,Health Care,0.00061
CSV,CARRIAGE SERVICES INC,Consumer Discretionary,0.00061
RES,RPC INC,Energy,0.00060
ACCO,ACCO BRANDS CORP,Industrials,0.00060
TIPT,TIPTREE INC,Financials,0.00060
VEL,VELOCITY FINANCIAL INC,Financials,0.00060
ALOY,REALLOYS INC,Materials,0.00060
WTI,W AND T OFFSHORE,Energy,0.00059
FLGT,FULGENT GENETICS,Health Care,0.00059
MNRO,MONRO,Consumer Discretionary,0.00059
AMSF,AMERISAFE INC,Financials,0.00059
FPI,FARMLAND PARTNERS INC,Real Estate,0.00058
SB,SAFE BULKERS,Industrials,0.00058
AHCO,ADAPTHEALTH,Health Care,0.00058
NB,NIOCORP DEVELOPMENTS,Materials,0.00058
OXM,OXFORD INDUSTRIES INC,Consumer Discretionary,0.00058
IMXI,INTERNATIONAL MONEY EXPRESS INC,Financials,0.00057
CCB,COASTAL FINANCIAL CORP,Financials,0.00057
DBI,DESIGNER BRANDS CLASS A,Consumer Discretionary,0.00057
CZFS,CITIZENS FINANCIAL SERVICES INC,Financials,0.00057
SOC,SABLE OFFSHORE CLASS A,Energy,0.00057
DSGN,DESIGN THERAPEUTICS,Health Care,0.00057
AEVA,AEVA TECHNOLOGIES,Information Technology,0.00057
DDD,3D SYSTEMS CORP,Industrials,0.00056
ACIC,AMERICAN COASTAL INSURANCE CORP,Financials,0.00056
RLMD,RELMADA THERAPEUTICS INC,Health Care,0.00056
FWRD,FORWARD AIR CORP,Industrials,0.00056
CAPR,CAPRICOR THERAPEUTICS,Health Care,0.00056
GCO,GENESCO INC,Consumer Discretionary,0.00056
CMCO,COLUMBUS MCKINNON CORP,Industrials,0.00055
VMD,VIEMED HEALTHCARE INC,Health Care,0.00055
NGVC,NATURAL GROCERS BY VITAMIN COTTAGE,Consumer Staples,0.00055
RHLD,RESOLUTE HOLDINGS MANAGEMENT INC,Industrials,0.00055
TBCH,TURTLE BEACH,Information Technology,0.00055
BBW,BUILD A BEAR WORKSHOP,Consumer Discretionary,0.00055
ARVN,ARVINAS,Health Care,0.00055
MCFT,MASTERCRAFT BOAT HOLDINGS INC,Consumer Discretionary,0.00054
XRX,XEROX HOLDINGS CORP,Information Technology,0.00054
VTS,VITESSE ENERGY INC,Energy,0.00054
FRPH,FRP HOLDINGS INC,Real Estate,0.00054
ONIT,ONITY GROUP INC,Financials,0.00053
RM,REGIONAL MANAGEMENT CORP,Financials,0.00053
CLFD,CLEARFIELD INC,Information Technology,0.00053
INBK,FIRST INTERNET BANCORP,Financials,0.00053
GRND,GRINDR INC,Communication,0.00053
RMNI,RIMINI STREET INC,Information Technology,0.00053
ENVX,ENOVIX,Industrials,0.00053
CLMB,CLIMB GLOBAL SOLUTIONS INC,Information Technology,0.00052
YORW,YORK WATER,Utilities,0.00052
CENT,CENTRAL GARDEN AND PET,Consumer Staples,0.00052
OLP,ONE LIBERTY PROPERTIES REIT INC,Real Estate,0.00052
EVH,EVOLENT HEALTH CLASS A,Health Care,0.00052
KREF,KKR REAL ESTATE FINANCE INC TRUST,Financials,0.00052
NNE,NANO NUCLEAR ENERGY,Industrials,0.00052
CMCL,CALEDONIA MINING PLC,Materials,0.00052
AEBI,AEBI SCHMIDT HOLDING AG,Industrials,0.00051
ERII,ENERGY RECOVERY,Industrials,0.00051
LILA,LIBERTY LATIN AMERICA CLASS A,Communication,0.00051
DRUG,BRIGHT MINDS BIOSCIENCES,Health Care,0.00050
EBS,EMERGENT BIOSOLUTIONS,Health Care,0.00050
UAMY,UNITED STATES ANTIMONY CORP,Materials,0.00050
GEVO,GEVO,Energy,0.00050
WEAV,WEAVE COMMUNICATIONS INC,Information Technology,0.00050
WYFI,WHITEFIBER INC,Information Technology,0.00049
NXDR,NEXTDOOR HOLDINGS CLASS A,Communication,0.00049
MYGN,MYRIAD GENETICS,Health Care,0.00049
BFS,SAUL CENTERS REIT INC,Real Estate,0.00049
GTN,GRAY MEDIA INC,Communication,0.00049
INDI,INDIE SEMICONDUCTOR INC CLASS A,Information Technology,0.00049
CDNL,CARDINAL INFRASTRUCTURE GROUP INC,Industrials,0.00049
ROOT,ROOT INC CLASS A,Financials,0.00048
MASS,908 DEVICES,Information Technology,0.00048
TREE,LENDINGTREE,Financials,0.00048
AVIR,ATEA PHARMACEUTICALS,Health Care,0.00048
TRTX,TPG RE FINANCE TRUST INC,Financials,0.00048
PRTA,PROTHENA PLC,Health Care,0.00048
DSP,VIANT TECHNOLOGY INC CLASS A,Information Technology,0.00048
METC,RAMACO RESOURCES INC CLASS A,Materials,0.00048
FIP,FTAI INFRASTRUCTURE,Industrials,0.00047
CERS,CERUS CORP,Health Care,0.00047
EOLS,EVOLUS INC,Health Care,0.00047
EMBC,EMBECTA,Health Care,0.00047
GRNT,GRANITE RIDGE RESOURCES,Energy,0.00047
OEC,ORION SA,Materials,0.00047
CMT,CORE MOLDING TECHNOLOGIES INC,Materials,0.00047
TBI,TRUEBLUE INC,Industrials,0.00047
IPI,INTREPID POTASH INC,Materials,0.00047
PSTL,POSTAL REALTY TRUST CLASS A,Real Estate,0.00046
LMNR,LIMONEIRA,Consumer Staples,0.00046
OABI,OMNIAB INC,Health Care,0.00046
EVCM,EVERCOMMERCE INC,Information Technology,0.00046
CLW,CLEARWATER PAPER CORP,Materials,0.00045
LAND,GLADSTONE LAND REIT CORP,Real Estate,0.00045
JAKK,JAKKS PACIFIC INC,Consumer Discretionary,0.00045
AMCX,AMC GLOBAL MEDIA CLASS A,Communication,0.00045
OFIX,ORTHOFIX MEDICAL,Health Care,0.00045
AHRT,AH REALTY INC,Real Estate,0.00045
ARKO,ARKO,Consumer Discretionary,0.00044
SLDP,SOLID POWER CLASS A,Consumer Discretionary,0.00044
IIIV,I3 VERTICALS CLASS A,Information Technology,0.00044
HY,HYSTER YALE INC CLASS A,Industrials,0.00044
DFH,DREAM FINDERS HOMES INC CLASS A,Consumer Discretionary,0.00044
GDYN,GRID DYNAMICS HOLDINGS CLASS A,Information Technology,0.00044
AIOT,POWERFLEET,Information Technology,0.00044
SERV,SERVE ROBOTICS,Consumer Discretionary,0.00043
POWW,OUTDOOR HOLDING,Consumer Discretionary,0.00043
BSRR,SIERRA BANCORP,Financials,0.00043
FULC,FULCRUM THERAPEUTICS,Health Care,0.00043
HNST,THE HONEST COMPANY,Consumer Staples,0.00043
CCOI,COGENT COMMUNICATIONS HOLDINGS,Communication,0.00043
UTMD,UTAH MEDICAL PRODUCTS INC,Health Care,0.00043
ATNI,ATN INTERNATIONAL INC,Communication,0.00043
WEST,WESTROCK COFFEE,Consumer Staples,0.00042
VITL,VITAL FARMS INC,Consumer Staples,0.00042
ASPN,ASPEN AEROGELS,Materials,0.00042
XRN,CHIRON REAL ESTATE INC,Real Estate,0.00042
CHCT,COMMUNITY HEALTHCARE TRUST INC,Real Estate,0.00042
REFI,CHICAGO ATLANTIC REAL ESTATE FINAN,Financials,0.00041
ABAT,AMERICAN BATTERY TECHNOLOGY COMPAN,Materials,0.00041
TG,TREDEGAR CORP,Materials,0.00041
CMDB,COSTAMARE BULKERS HOLDINGS LTD,Industrials,0.00041
CRCT,CRICUT CLASS A,Consumer Discretionary,0.00041
RICK,RCI HOSPITALITY HOLDINGS INC,Consumer Discretionary,0.00041
KROS,KEROS THERAPEUTICS,Health Care,0.00040
HCKT,HACKETT GROUP,Information Technology,0.00040
PACK,RANPAK HOLDINGS CLASS A,Materials,0.00040
OSUR,ORASURE TECHNOLOGIES INC,Health Care,0.00040
NRC,NRC HEALTH,Health Care,0.00040
SPOK,SPOK HOLDINGS INC,Communication,0.00040
CWH,CAMPING WORLD HOLDINGS INC CLASS A,Consumer Discretionary,0.00039
RMR,RMR GROUP CLASS A,Real Estate,0.00039
OPTU,OPTIMUM COMMUNICATIONS INC CLASS A,Communication,0.00039
CRNC,CERENCE,Information Technology,0.00039
SPRY,ARS PHARMACEUTICALS,Health Care,0.00039
SLP,SIMULATIONS PLUS,Health Care,0.00039
TWI,TITAN INTERNATIONAL INC,Industrials,0.00039
RPAY,REPAY HOLDINGS CORP CLASS A,Financials,0.00039
FC,FRANKLIN COVEY,Industrials,0.00038
EYPT,EYEPOINT INC,Health Care,0.00038
NEWT,NEWTEKONE,Financials,0.00038
ZUMZ,ZUMIEZ,Consumer Discretionary,0.00038
STRZ,STARZ ENTERTAINMENT,Communication,0.00038
VNDA,VANDA PHARMACEUTICALS INC,Health Care,0.00038
NABL,N ABLE INC,Information Technology,0.00038
RPC,RIDGEPOST CAPITAL INC CLASS A,Financials,0.00037
SHOE,SHOE STATION GROUP INC,Consumer Discretionary,0.00037
REAX,REAL REMAX GROUP,Real Estate,0.00037
ZIP,ZIPRECRUITER INC CLASS A,Communication,0.00037
JACK,JACK IN THE BOX INC,Consumer Discretionary,0.00037
MAX,MEDIAALPHA CLASS A,Communication,0.00036
ALT,ALTIMMUNE INC,Health Care,0.00035
XPER,XPERI INC,Information Technology,0.00035
RGNX,REGENXBIO,Health Care,0.00035
AVNW,AVIAT NETWORKS INC,Information Technology,0.00035
JOUT,JOHNSON OUTDOORS INC CLASS A,Consumer Discretionary,0.00034
SFIX,STITCH FIX CLASS A,Consumer Discretionary,0.00034
NXDT,NEXPOINT DIVERSIFIED REAL ESTATE T,Real Estate,0.00034
PHAT,PHATHOM PHARMACEUTICALS,Health Care,0.00034
FUBO,FUBOTV CLASS A,Communication,0.00034
BOC,BOSTON OMAHA CORP CLASS A,Communication,0.00033
DNUT,KRISPY KREME,Consumer Discretionary,0.00033
SVV,SAVERS VALUE VILLAGE,Consumer Discretionary,0.00033
MBI,MBIA INC,Financials,0.00033
TDUP,THREDUP CLASS A,Consumer Discretionary,0.00033
LXEO,LEXEO THERAPEUTICS,Health Care,0.00033
CNDT,CONDUENT,Industrials,0.00033
KIDS,ORTHOPEDIATRICS CORP,Health Care,0.00033
CLNE,CLEAN ENERGY FUELS,Energy,0.00033
BIOA,BIOAGE LABS,Health Care,0.00032
BLND,BLEND LABS CLASS A,Information Technology,0.00032
GNE,GENIE ENERGY LTD CLASS B,Utilities,0.00032
ENTA,ENANTA PHARMACEUTICALS INC,Health Care,0.00031
EGHT,8X8 INC,Information Technology,0.00031
NAGE,NIAGEN BIOSCIENCE INC,Consumer Staples,0.00031
ANGI,ANGI INC CLASS A,Communication,0.00031
IHRT,IHEARTMEDIA CLASS A,Communication,0.00031
PLAY,DAVE AND BUSTERS ENTERTAINMENT,Consumer Discretionary,0.00031
ULH,UNIVERSAL LOGISTICS HOLDINGS INC,Industrials,0.00031
CMRC,BIGCOMMERCE HOLDINGS SERIES,Information Technology,0.00031
HDSN,HUDSON TECHNOLOGIES INC,Industrials,0.00030
BMBL,BUMBLE CLASS A,Communication,0.00030
KRUS,KURA SUSHI USA,Consumer Discretionary,0.00030
LOVE,LOVESAC COMPANY,Consumer Discretionary,0.00030
ULCC,FRONTIER GROUP HOLDINGS,Industrials,0.00030
HTZ,HERTZ GLOBAL HLDGS INC,Industrials,0.00030
NCMI,NATIONAL CINEMEDIA INC,Communication,0.00029
SEG,SEAPORT ENTERTAINMENT GROUP INC,Real Estate,0.00029
AGNT,AGNT,Real Estate,0.00029
ADCT,ADC THERAPEUTICS SA,Health Care,0.00029
ASPI,ASP ISOTOPES,Materials,0.00028
NUS,NU SKIN ENTERPRISES CLASS A,Consumer Staples,0.00028
IVR,INVESCO MORTGAGE CAPITAL REIT INC,Financials,0.00028
PLTK,PLAYTIKA HOLDING CORP,Communication,0.00028
MNTK,MONTAUK RENEWABLES INC,Utilities,0.00028
ALTG,ALTA EQUIPMENT GROUP INC CLASS A,Industrials,0.00027
LRMR,LARIMAR THERAPEUTICS,Health Care,0.00027
USNA,USANA HEALTH SCIENCES INC,Consumer Staples,0.00027
WOOF,PETCO HEALTH AND WELLNESS COMPANY,Consumer Discretionary,0.00027
AURA,AURA BIOSCIENCES,Health Care,0.00027
OSG,OCTAVE SPECIALTY GROUP INC,Financials,0.00027
NRDS,NERDWALLET CLASS A,Financials,0.00026
MGPI,MGP INGREDIENTS,Consumer Staples,0.00026
BGS,B AND G FOODS INC,Consumer Staples,0.00026
RCKT,ROCKET PHARMACEUTICALS,Health Care,0.00025
EDIT,EDITAS MEDICINE,Health Care,0.00025
UPB,UPSTREAM BIO,Health Care,0.00025
EPM,EVOLUTION PETROLEUM CORP,Energy,0.00025
BCBP,BCB BANCORP INC,Financials,0.00025
EU,ENCORE ENERGY,Energy,0.00025
TRDA,ENTRADA THERAPEUTICS,Health Care,0.00024
CBAN,COLONY BANKCORP INC,Financials,0.00024
RC,READY CAPITAL CORP,Financials,0.00024
QTRX,QUANTERIX,Health Care,0.00023
ADV,ADVANTAGE SOLUTIONS CLASS A,Communication,0.00023
AVXL,ANAVEX LIFE SCIENCES CORP,Health Care,0.00023
ACRE,ARES COMMERCIAL REAL ESTATE REIT C,Financials,0.00023
PSFE,PAYSAFE LTD,Financials,0.00023
ORGO,ORGANOGENESIS HOLDINGS CLASS A,Health Care,0.00022
INR,INFINITY NATURAL RESOURCES INC CLA,Energy,0.00022
UWMC,UWM HOLDINGS CLASS A,Financials,0.00021
UIS,UNISYS,Information Technology,0.00021
SIGA,SIGA TECHNOLOGIES INC,Health Care,0.00021
RBBN,RIBBON COMMUNICATIONS,Information Technology,0.00021
CATX,PERSPECTIVE THERAPEUTICS,Health Care,0.00020
GOGO,GOGO,Communication,0.00020
RXST,RXSIGHT,Health Care,0.00020
ASLE,AERSALE CORP,Industrials,0.00020
LAW,CS DISCO,Information Technology,0.00020
AKBA,AKEBIA THERAPEUTICS INC,Health Care,0.00020
ALLO,ALLOGENE THERAPEUTICS,Health Care,0.00020
IMMR,IMMERSION CORP,Information Technology,0.00019
CMPX,COMPASS THERAPEUTICS,Health Care,0.00019
SITC,SITE CENTERS,Real Estate,0.00019
PTLO,PORTILLO S INC CLASS A,Consumer Discretionary,0.00019
NLOP,NET LEASE OFFICE PROPERTIES,Real Estate,0.00019
BHR,BRAEMAR HOTELS RESORTS INC,Real Estate,0.00019
FNKO,FUNKO CLASS A,Consumer Discretionary,0.00019
NXH,NEIGHBORHOOD INTELLIGENCE,Consumer Discretionary,0.00018
ACDC,PROFRAC HOLDING CLASS A,Energy,0.00018
SSP,EW SCRIPPS CLASS A,Communication,0.00018
ONEW,ONEWATER MARINE CLASS A INC,Consumer Discretionary,0.00017
MVST,MICROVAST HOLDINGS,Industrials,0.00017
KRRO,KORRO BIO,Health Care,0.00016
PRME,PRIME MEDICINE,Health Care,0.00016
BETR,BETTER HOME FINANCE HOLDING CLASS,Financials,0.00015
ALEC,ALECTOR,Health Care,0.00015
CMTG,CLAROS MORTGAGE TRUST INC,Financials,0.00015
RNA,ATRIUM THERAPEUTICS INC,Health Care,0.00014
EVGO,EVGO INC CLASS A,Consumer Discretionary,0.00014
TTGT,TECHTARGET INC,Communication,0.00014
OFLX,OMEGA FLEX INC,Industrials,0.00014
JRVR,JAMES RIVER GROUP HOLDINGS INC,Financials,0.00014
FLWS,1-800 FLOWERS.COM CLASS A,Consumer Discretionary,0.00014
INGN,INOGEN,Health Care,0.00013
ASUR,ASURE SOFTWARE INC,Industrials,0.00013
DMRC,DIGIMARC,Information Technology,0.00013
NKTX,NKARTA,Health Care,0.00012
HUCK,HUCKLEBERRY AI INC CLASS B,Information Technology,0.00012
VYGR,VOYAGER THERAPEUTICS,Health Care,0.00012
SSTK,SHUTTERSTOCK,Communication,0.00012
XPOF,XPONENTIAL FITNESS CLASS A,Consumer Discretionary,0.00011
INSE,INSPIRED ENTERTAINMENT INC,Consumer Discretionary,0.00011
SION,SIONNA THERAPEUTICS,Health Care,0.00011
LENZ,LENZ THERAPEUTICS,Health Care,0.00011
CDXS,CODEXIS,Health Care,0.00011
GLIBA,LIBERTY CAPITAL SERIES A,Communication,0.00010
CHRS,COHERUS ONCOLOGY INC,Health Care,0.00010
CABO,CABLE ONE INC,Communication,0.000080
KLC,KINDERCARE LEARNING COMPANIES INC,Consumer Discretionary,0.000080
AKE,AKERO THERAPEUTICS CVR,Health Care,0.000070
BRCC,BRC INC CLASS A,Consumer Staples,0.000070
CVRX,CVRX INC,Health Care,0.000070
INH,INHIBRX INC CVR,Health Care,0.000070
ACH,ACCENDRA HEALTH,Health Care,0.000060
THRY,THRYV HOLDINGS INC,Information Technology,0.000050
HRTX,HERON THERAPEUTICS INC,Health Care,0.000040
WSHP,WESHOP HOLDINGS CLASS A,Communication,0.000020
VUECF,VERDERA ENERGY CORP,Energy,0.000010
ADRO,CHINOOK THERAPEUTICS INC CVR,Health Care,0.000010
GTXI,GTXI INC - CVR,Health Care,0
THRD,THIRD HARMONIC BIO INC,Health Care,0
HOLX,HOLOGIC INC,Health Care,0
PBI,PITNEY BOWES,Industrials,0
